graph_density,alpha,beta,num_cities,split_count,improvement_factor,tour_sequence,distances_between_cities,gold_carried_at_each_step,status,error
0.5,1e-10,1e-10,15,1,1.9118,"[8, 7, 14, 5, 2, 6, 3, 1, 11, 9, 10, 12, 13, 4, 0]","[0.1976, 0.5398, 0.326, 0.2809, 0.5705, 0.1229, 0.1318, 0.2256, 0.298, 0.2857, 0.1612, 0.3462, 0.5291, 0.3752]","[476.2292, 607.0208, 920.0751, 1390.1613, 2357.7036, 2547.9854, 2874.485, 3619.5024, 4057.2171, 4284.8996, 4955.0438, 5787.8893, 6488.4541, 6859.5434, 0.0]",success,
0.5,1e-10,1e-05,15,1,1.9118,"[4, 13, 12, 10, 9, 11, 1, 3, 6, 2, 5, 14, 7, 8, 0]","[0.5291, 0.3462, 0.1612, 0.2857, 0.298, 0.2256, 0.1318, 0.1229, 0.5705, 0.2809, 0.326, 0.5398, 0.1976, 0.4396]","[371.0892, 1071.6541, 1904.4996, 2574.6438, 2802.3262, 3240.041, 3985.0584, 4311.5579, 4501.8398, 5469.382, 5939.4683, 6252.5226, 6383.3141, 6859.5434, 0.0]",success,
0.5,1e-10,0.001,15,1,1.9149,"[8, 7, 14, 2, 5, 6, 3, 1, 11, 9, 10, 12, 13, 4, 0]","[0.1976, 0.5398, 0.6069, 0.2809, 0.2922, 0.1229, 0.1318, 0.2256, 0.298, 0.2857, 0.1612, 0.3462, 0.5291, 0.3752]","[476.2292, 607.0208, 920.0751, 1887.6173, 2357.7036, 2547.9854, 2874.485, 3619.5024, 4057.2171, 4284.8996, 4955.0438, 5787.8893, 6488.4541, 6859.5434, 0.0]",success,
0.5,1e-10,0.1,15,1,2.416,"[4, 14, 2, 5, 6, 3, 11, 1, 9, 10, 12, 13, 7, 8, 0]","[0.8606, 0.6069, 0.2809, 0.2922, 0.1229, 0.2353, 0.2256, 0.2999, 0.2857, 0.1612, 0.3462, 0.1849, 0.1976, 0.4396]","[371.0892, 684.1435, 1651.6857, 2121.772, 2312.0539, 2638.5534, 3076.2682, 3821.2856, 4048.968, 4719.1122, 5551.9577, 6252.5226, 6383.3141, 6859.5434, 0.0]",success,
0.5,1e-10,0.5,15,1,3.0497,"[8, 7, 13, 12, 10, 9, 1, 11, 3, 6, 14, 5, 2, 4, 0]","[0.1976, 0.1849, 0.3462, 0.1612, 0.2857, 0.2999, 0.2256, 0.2353, 0.1229, 0.6182, 0.326, 0.2809, 0.8155, 0.3752]","[476.2292, 607.0208, 1307.5856, 2140.4312, 2810.5753, 3038.2578, 3783.2752, 4220.9899, 4547.4895, 4737.7714, 5050.8256, 5520.9119, 6488.4541, 6859.5434, 0.0]",success,
0.5,1e-10,0.9,15,1,3.0969,"[4, 14, 5, 2, 6, 3, 1, 11, 9, 10, 12, 13, 8, 7, 0]","[0.8606, 0.326, 0.2809, 0.5705, 0.1229, 0.1318, 0.2256, 0.298, 0.2857, 0.1612, 0.3462, 0.3826, 0.1976, 0.2786]","[371.0892, 684.1435, 1154.2298, 2121.772, 2312.0539, 2638.5534, 3383.5708, 3821.2856, 4048.968, 4719.1122, 5551.9577, 6252.5226, 6728.7518, 6859.5434, 0.0]",success,
0.5,1e-10,1.0,15,1,3.1054,"[8, 7, 14, 5, 2, 6, 3, 1, 11, 9, 10, 12, 13, 4, 0]","[0.1976, 0.5398, 0.326, 0.2809, 0.5705, 0.1229, 0.1318, 0.2256, 0.298, 0.2857, 0.1612, 0.3462, 0.5291, 0.3752]","[476.2292, 607.0208, 920.0751, 1390.1613, 2357.7036, 2547.9854, 2874.485, 3619.5024, 4057.2171, 4284.8996, 4955.0438, 5787.8893, 6488.4541, 6859.5434, 0.0]",success,
0.5,1e-10,1.1,15,1,3.1054,"[8, 7, 14, 5, 2, 6, 3, 1, 11, 9, 10, 12, 13, 4, 0]","[0.1976, 0.5398, 0.326, 0.2809, 0.5705, 0.1229, 0.1318, 0.2256, 0.298, 0.2857, 0.1612, 0.3462, 0.5291, 0.3752]","[476.2292, 607.0208, 920.0751, 1390.1613, 2357.7036, 2547.9854, 2874.485, 3619.5024, 4057.2171, 4284.8996, 4955.0438, 5787.8893, 6488.4541, 6859.5434, 0.0]",success,
0.5,1e-10,1.2,15,1,3.1054,"[8, 7, 14, 5, 2, 6, 3, 1, 11, 9, 10, 12, 13, 4, 0]","[0.1976, 0.5398, 0.326, 0.2809, 0.5705, 0.1229, 0.1318, 0.2256, 0.298, 0.2857, 0.1612, 0.3462, 0.5291, 0.3752]","[476.2292, 607.0208, 920.0751, 1390.1613, 2357.7036, 2547.9854, 2874.485, 3619.5024, 4057.2171, 4284.8996, 4955.0438, 5787.8893, 6488.4541, 6859.5434, 0.0]",success,
0.5,1e-10,1.3,15,1,3.063,"[13, 12, 10, 9, 11, 1, 3, 6, 5, 2, 5, 14, 7, 8, 4, 0]","[0.3462, 0.1612, 0.2857, 0.298, 0.2256, 0.1318, 0.1229, 0.2922, 0.2809, 0.2809, 0.326, 0.5398, 0.1976, 0.5756, 0.3752]","[700.5648, 1533.4104, 2203.5545, 2431.237, 2868.9517, 3613.9691, 3940.4687, 4130.7506, 4600.8368, 5568.379, 5568.379, 5881.4333, 6012.2249, 6488.4541, 6859.5434, 0.0]",success,
0.5,1e-05,1e-10,15,1,1.9118,"[8, 7, 14, 5, 2, 6, 3, 1, 11, 9, 10, 12, 13, 4, 0]","[0.1976, 0.5398, 0.326, 0.2809, 0.5705, 0.1229, 0.1318, 0.2256, 0.298, 0.2857, 0.1612, 0.3462, 0.5291, 0.3752]","[476.2292, 607.0208, 920.0751, 1390.1613, 2357.7036, 2547.9854, 2874.485, 3619.5024, 4057.2171, 4284.8996, 4955.0438, 5787.8893, 6488.4541, 6859.5434, 0.0]",success,
0.5,1e-05,1e-05,15,1,1.9115,"[4, 13, 12, 10, 9, 11, 1, 3, 6, 5, 2, 14, 7, 8, 0]","[0.5291, 0.3462, 0.1612, 0.2857, 0.298, 0.2256, 0.1318, 0.1229, 0.2922, 0.2809, 0.6069, 0.5398, 0.1976, 0.4396]","[371.0892, 1071.6541, 1904.4996, 2574.6438, 2802.3262, 3240.041, 3985.0584, 4311.5579, 4501.8398, 4971.9261, 5939.4683, 6252.5226, 6383.3141, 6859.5434, 0.0]",success,
0.5,1e-05,0.001,15,1,1.9113,"[8, 7, 14, 2, 5, 6, 3, 1, 11, 9, 10, 12, 13, 4, 0]","[0.1976, 0.5398, 0.6069, 0.2809, 0.2922, 0.1229, 0.1318, 0.2256, 0.298, 0.2857, 0.1612, 0.3462, 0.5291, 0.3752]","[476.2292, 607.0208, 920.0751, 1887.6173, 2357.7036, 2547.9854, 2874.485, 3619.5024, 4057.2171, 4284.8996, 4955.0438, 5787.8893, 6488.4541, 6859.5434, 0.0]",success,
0.5,1e-05,0.1,15,1,1.9305,"[8, 7, 13, 12, 10, 9, 11, 1, 3, 6, 14, 5, 2, 4, 0]","[0.1976, 0.1849, 0.3462, 0.1612, 0.2857, 0.298, 0.2256, 0.1318, 0.1229, 0.6182, 0.326, 0.2809, 0.8155, 0.3752]","[476.2292, 607.0208, 1307.5856, 2140.4312, 2810.5753, 3038.2578, 3475.9725, 4220.9899, 4547.4895, 4737.7714, 5050.8256, 5520.9119, 6488.4541, 6859.5434, 0.0]",success,
0.5,1e-05,0.5,15,1,2.578,"[8, 7, 14, 2, 5, 6, 3, 1, 11, 9, 10, 12, 13, 4, 0]","[0.1976, 0.5398, 0.6069, 0.2809, 0.2922, 0.1229, 0.1318, 0.2256, 0.298, 0.2857, 0.1612, 0.3462, 0.5291, 0.3752]","[476.2292, 607.0208, 920.0751, 1887.6173, 2357.7036, 2547.9854, 2874.485, 3619.5024, 4057.2171, 4284.8996, 4955.0438, 5787.8893, 6488.4541, 6859.5434, 0.0]",success,
0.5,1e-05,0.9,15,1,3.0018,"[4, 14, 2, 5, 6, 3, 1, 11, 9, 10, 12, 13, 7, 8, 0]","[0.8606, 0.6069, 0.2809, 0.2922, 0.1229, 0.1318, 0.2256, 0.298, 0.2857, 0.1612, 0.3462, 0.1849, 0.1976, 0.4396]","[371.0892, 684.1435, 1651.6857, 2121.772, 2312.0539, 2638.5534, 3383.5708, 3821.2856, 4048.968, 4719.1122, 5551.9577, 6252.5226, 6383.3141, 6859.5434, 0.0]",success,
0.5,1e-05,1.0,15,1,3.0186,"[8, 7, 14, 2, 5, 6, 3, 1, 11, 9, 10, 12, 13, 4, 0]","[0.1976, 0.5398, 0.6069, 0.2809, 0.2922, 0.1229, 0.1318, 0.2256, 0.298, 0.2857, 0.1612, 0.3462, 0.5291, 0.3752]","[476.2292, 607.0208, 920.0751, 1887.6173, 2357.7036, 2547.9854, 2874.485, 3619.5024, 4057.2171, 4284.8996, 4955.0438, 5787.8893, 6488.4541, 6859.5434, 0.0]",success,
0.5,1e-05,1.1,15,1,3.0463,"[8, 7, 14, 5, 2, 5, 6, 3, 1, 11, 9, 10, 12, 13, 4, 0]","[0.1976, 0.5398, 0.326, 0.2809, 0.2809, 0.2922, 0.1229, 0.1318, 0.2256, 0.298, 0.2857, 0.1612, 0.3462, 0.5291, 0.3752]","[476.2292, 607.0208, 920.0751, 920.0751, 1887.6173, 2357.7036, 2547.9854, 2874.485, 3619.5024, 4057.2171, 4284.8996, 4955.0438, 5787.8893, 6488.4541, 6859.5434, 0.0]",success,
0.5,1e-05,1.2,15,1,3.0204,"[4, 5, 14, 5, 2, 6, 3, 11, 1, 3, 9, 10, 12, 13, 7, 8, 0]","[0.5346, 0.326, 0.326, 0.2809, 0.5705, 0.1229, 0.2353, 0.2256, 0.1318, 0.1681, 0.2857, 0.1612, 0.3462, 0.1849, 0.1976, 0.4396]","[371.0892, 371.0892, 684.1435, 1154.2298, 2121.772, 2312.0539, 2312.0539, 2749.7687, 3494.786, 3821.2856, 4048.968, 4719.1122, 5551.9577, 6252.5226, 6383.3141, 6859.5434, 0.0]",success,
0.5,1e-05,1.3,15,1,3.0305,"[4, 5, 14, 5, 2, 5, 6, 3, 11, 1, 3, 9, 10, 12, 13, 7, 8, 0]","[0.5346, 0.326, 0.326, 0.2809, 0.2809, 0.2922, 0.1229, 0.2353, 0.2256, 0.1318, 0.1681, 0.2857, 0.1612, 0.3462, 0.1849, 0.1976, 0.4396]","[371.0892, 371.0892, 684.1435, 684.1435, 1651.6857, 2121.772, 2312.0539, 2638.5534, 3076.2682, 3821.2856, 3821.2856, 4048.968, 4719.1122, 5551.9577, 6252.5226, 6383.3141, 6859.5434, 0.0]",success,
0.5,0.001,1e-10,15,1,1.9118,"[8, 7, 14, 5, 2, 6, 3, 1, 11, 9, 10, 12, 13, 4, 0]","[0.1976, 0.5398, 0.326, 0.2809, 0.5705, 0.1229, 0.1318, 0.2256, 0.298, 0.2857, 0.1612, 0.3462, 0.5291, 0.3752]","[476.2292, 607.0208, 920.0751, 1390.1613, 2357.7036, 2547.9854, 2874.485, 3619.5024, 4057.2171, 4284.8996, 4955.0438, 5787.8893, 6488.4541, 6859.5434, 0.0]",success,
0.5,0.001,1e-05,15,1,1.9118,"[4, 13, 12, 10, 9, 11, 1, 3, 6, 2, 5, 14, 7, 8, 0]","[0.5291, 0.3462, 0.1612, 0.2857, 0.298, 0.2256, 0.1318, 0.1229, 0.5705, 0.2809, 0.326, 0.5398, 0.1976, 0.4396]","[371.0892, 1071.6541, 1904.4996, 2574.6438, 2802.3262, 3240.041, 3985.0584, 4311.5579, 4501.8398, 5469.382, 5939.4683, 6252.5226, 6383.3141, 6859.5434, 0.0]",success,
0.5,0.001,0.001,15,1,1.9099,"[8, 7, 14, 2, 5, 6, 3, 1, 11, 9, 10, 12, 13, 4, 0]","[0.1976, 0.5398, 0.6069, 0.2809, 0.2922, 0.1229, 0.1318, 0.2256, 0.298, 0.2857, 0.1612, 0.3462, 0.5291, 0.3752]","[476.2292, 607.0208, 920.0751, 1887.6173, 2357.7036, 2547.9854, 2874.485, 3619.5024, 4057.2171, 4284.8996, 4955.0438, 5787.8893, 6488.4541, 6859.5434, 0.0]",success,
0.5,0.001,0.1,15,2,1.7948,"[6, 3, 1, 11, 9, 10, 12, 13, 0, 7, 8, 14, 5, 2, 4, 0]","[0.1229, 0.1318, 0.2256, 0.298, 0.2857, 0.1612, 0.3462, 0.4574, 0.2786, 0.1976, 0.7373, 0.326, 0.2809, 0.8155, 0.3752]","[190.2819, 516.7814, 1261.7988, 1699.5136, 1927.196, 2597.3402, 3430.1857, 4130.7506, 0.0, 130.7916, 607.0208, 920.0751, 1390.1613, 2357.7036, 2728.7928, 0.0]",success,
0.5,0.001,0.5,15,4,1.6352,"[7, 8, 0, 14, 5, 2, 4, 0, 6, 3, 11, 1, 0, 9, 10, 12, 13, 0]","[0.1976, 0.4396, 0.8183, 0.326, 0.2809, 0.8155, 0.3752, 0.3534, 0.1229, 0.2353, 0.2256, 0.4093, 0.5554, 0.2857, 0.1612, 0.3462, 0.4574]","[130.7916, 607.0208, 0.0, 313.0543, 783.1405, 1750.6828, 2121.772, 0.0, 190.2819, 516.7814, 954.4962, 1699.5136, 0.0, 227.6824, 897.8266, 1730.6721, 2431.237, 0.0]",success,
0.5,0.001,0.9,15,5,1.5828,"[14, 2, 5, 6, 0, 3, 11, 1, 0, 9, 10, 12, 13, 0, 4, 0, 8, 7, 0]","[0.6069, 0.2809, 0.2922, 0.3534, 0.3873, 0.2353, 0.2256, 0.4093, 0.5554, 0.2857, 0.1612, 0.3462, 0.4574, 0.3752, 0.3752, 0.4396, 0.1976, 0.2786]","[313.0543, 1280.5965, 1750.6828, 1940.9646, 0.0, 326.4995, 764.2143, 1509.2317, 0.0, 227.6824, 897.8266, 1730.6721, 2431.237, 0.0, 371.0892, 0.0, 476.2292, 607.0208, 0.0]",success,
0.5,0.001,1.0,15,5,1.5739,"[10, 12, 13, 0, 9, 11, 1, 3, 0, 14, 2, 5, 6, 0, 4, 0, 8, 7, 0]","[0.1612, 0.3462, 0.4574, 0.5554, 0.298, 0.2256, 0.1318, 0.3873, 0.8183, 0.6069, 0.2809, 0.2922, 0.3534, 0.3752, 0.3752, 0.4396, 0.1976, 0.2786]","[670.1442, 1502.9897, 2203.5545, 0.0, 227.6824, 665.3972, 1410.4146, 1736.9141, 0.0, 313.0543, 1280.5965, 1750.6828, 1940.9646, 0.0, 371.0892, 0.0, 476.2292, 607.0208, 0.0]",success,
0.5,0.001,1.1,15,5,1.5881,"[3, 11, 1, 0, 8, 7, 13, 7, 0, 3, 9, 10, 12, 7, 0, 7, 14, 5, 2, 5, 6, 0, 4, 0]","[0.2353, 0.2256, 0.4093, 0.4396, 0.1976, 0.1849, 0.1849, 0.2786, 0.3873, 0.1681, 0.2857, 0.1612, 0.3366, 0.2786, 0.2786, 0.5398, 0.326, 0.2809, 0.2809, 0.2922, 0.3534, 0.3752, 0.3752]","[326.4995, 764.2143, 1509.2317, 0.0, 476.2292, 476.2292, 1176.7941, 1307.5856, 0.0, 0.0, 227.6824, 897.8266, 1730.6721, 1730.6721, 0.0, 0.0, 313.0543, 313.0543, 1280.5965, 1750.6828, 1940.9646, 0.0, 371.0892, 0.0]",success,
0.5,0.001,1.2,15,4,1.6019,"[4, 8, 0, 7, 14, 5, 2, 5, 6, 0, 3, 11, 1, 0, 3, 9, 10, 12, 13, 7, 0]","[0.5756, 0.4396, 0.2786, 0.5398, 0.326, 0.2809, 0.2809, 0.2922, 0.3534, 0.3873, 0.2353, 0.2256, 0.4093, 0.3873, 0.1681, 0.2857, 0.1612, 0.3462, 0.1849, 0.2786]","[371.0892, 847.3185, 0.0, 0.0, 313.0543, 313.0543, 1280.5965, 1750.6828, 1940.9646, 0.0, 326.4995, 764.2143, 1509.2317, 0.0, 0.0, 227.6824, 897.8266, 1730.6721, 2431.237, 2562.0286, 0.0]",success,
0.5,0.001,1.3,15,4,1.6154,"[7, 14, 5, 2, 5, 6, 0, 3, 9, 11, 1, 0, 7, 10, 12, 13, 7, 0, 4, 8, 0]","[0.5398, 0.326, 0.2809, 0.2809, 0.2922, 0.3534, 0.3873, 0.1681, 0.298, 0.2256, 0.4093, 0.2786, 0.3394, 0.1612, 0.3462, 0.1849, 0.2786, 0.3752, 0.5756, 0.4396]","[0.0, 313.0543, 313.0543, 1280.5965, 1750.6828, 1940.9646, 0.0, 326.4995, 554.182, 991.8967, 1736.9141, 0.0, 0.0, 670.1442, 1502.9897, 2203.5545, 2334.3461, 0.0, 371.0892, 847.3185, 0.0]",success,
0.5,0.1,1e-10,15,1,1.9118,"[8, 7, 14, 5, 2, 6, 3, 1, 11, 9, 10, 12, 13, 4, 0]","[0.1976, 0.5398, 0.326, 0.2809, 0.5705, 0.1229, 0.1318, 0.2256, 0.298, 0.2857, 0.1612, 0.3462, 0.5291, 0.3752]","[476.2292, 607.0208, 920.0751, 1390.1613, 2357.7036, 2547.9854, 2874.485, 3619.5024, 4057.2171, 4284.8996, 4955.0438, 5787.8893, 6488.4541, 6859.5434, 0.0]",success,
0.5,0.1,1e-05,15,1,1.9115,"[4, 13, 12, 10, 9, 11, 1, 3, 6, 5, 2, 14, 7, 8, 0]","[0.5291, 0.3462, 0.1612, 0.2857, 0.298, 0.2256, 0.1318, 0.1229, 0.2922, 0.2809, 0.6069, 0.5398, 0.1976, 0.4396]","[371.0892, 1071.6541, 1904.4996, 2574.6438, 2802.3262, 3240.041, 3985.0584, 4311.5579, 4501.8398, 4971.9261, 5939.4683, 6252.5226, 6383.3141, 6859.5434, 0.0]",success,
0.5,0.1,0.001,15,1,1.9085,"[8, 7, 14, 2, 5, 6, 3, 1, 11, 9, 10, 12, 13, 4, 0]","[0.1976, 0.5398, 0.6069, 0.2809, 0.2922, 0.1229, 0.1318, 0.2256, 0.298, 0.2857, 0.1612, 0.3462, 0.5291, 0.3752]","[476.2292, 607.0208, 920.0751, 1887.6173, 2357.7036, 2547.9854, 2874.485, 3619.5024, 4057.2171, 4284.8996, 4955.0438, 5787.8893, 6488.4541, 6859.5434, 0.0]",success,
0.5,0.1,0.1,15,3,1.6415,"[7, 13, 12, 10, 9, 3, 11, 1, 0, 6, 5, 2, 14, 8, 0, 4, 0]","[0.1849, 0.3462, 0.1612, 0.2857, 0.1681, 0.2353, 0.2256, 0.4093, 0.3534, 0.2922, 0.2809, 0.6069, 0.7373, 0.4396, 0.3752, 0.3752]","[130.7916, 831.3564, 1664.2019, 2334.3461, 2562.0286, 2888.5281, 3326.2429, 4071.2603, 0.0, 190.2819, 660.3681, 1627.9104, 1940.9646, 2417.1939, 0.0, 371.0892, 0.0]",success,
0.5,0.1,0.5,15,7,1.308,"[8, 0, 10, 12, 0, 11, 1, 0, 9, 3, 6, 0, 4, 0, 14, 5, 2, 0, 7, 13, 0]","[0.4396, 0.618, 0.1612, 0.6151, 0.6227, 0.2256, 0.4093, 0.5554, 0.1681, 0.1229, 0.3534, 0.3752, 0.3752, 0.8183, 0.326, 0.2809, 0.9239, 0.2786, 0.1849, 0.4574]","[476.2292, 0.0, 670.1442, 1502.9897, 0.0, 437.7148, 1182.7322, 0.0, 227.6824, 554.182, 744.4639, 0.0, 371.0892, 0.0, 313.0543, 783.1405, 1750.6828, 0.0, 130.7916, 831.3564, 0.0]",success,
0.5,0.1,0.9,15,11,1.0593,"[2, 5, 0, 9, 3, 0, 13, 0, 14, 0, 4, 0, 7, 0, 8, 0, 6, 0, 10, 0, 11, 1, 0, 12, 0]","[0.2809, 0.6456, 0.5554, 0.1681, 0.3873, 0.4574, 0.4574, 0.8183, 0.8183, 0.3752, 0.3752, 0.2786, 0.2786, 0.4396, 0.4396, 0.3534, 0.3534, 0.618, 0.618, 0.6227, 0.2256, 0.4093, 0.6151, 0.6151]","[967.5422, 1437.6285, 0.0, 227.6824, 554.182, 0.0, 700.5648, 0.0, 313.0543, 0.0, 371.0892, 0.0, 130.7916, 0.0, 476.2292, 0.0, 190.2819, 0.0, 670.1442, 0.0, 437.7148, 1182.7322, 0.0, 832.8455, 0.0]",success,
0.5,0.1,1.0,15,9,1.0082,"[10, 0, 12, 0, 13, 0, 2, 5, 6, 0, 9, 3, 0, 8, 0, 11, 1, 0, 14, 7, 0, 4, 0]","[0.618, 0.6151, 0.6151, 0.4574, 0.4574, 0.9239, 0.2809, 0.2922, 0.3534, 0.5554, 0.1681, 0.3873, 0.4396, 0.4396, 0.6227, 0.2256, 0.4093, 0.8183, 0.5398, 0.2786, 0.3752, 0.3752]","[670.1442, 0.0, 832.8455, 0.0, 700.5648, 0.0, 967.5422, 1437.6285, 1627.9104, 0.0, 227.6824, 554.182, 0.0, 476.2292, 0.0, 437.7148, 1182.7322, 0.0, 313.0543, 443.8459, 0.0, 371.0892, 0.0]",success,
0.5,0.1,1.1,15,33,1.0589,"[7, 12, 7, 0, 7, 12, 7, 0, 3, 11, 3, 0, 6, 2, 6, 0, 13, 0, 1, 0, 6, 2, 6, 0, 7, 12, 7, 0, 3, 9, 3, 0, 1, 0, 1, 0, 6, 2, 6, 0, 6, 2, 6, 0, 1, 0, 3, 0, 7, 14, 7, 0, 8, 0, 6, 5, 6, 0, 13, 0, 4, 0, 7, 12, 7, 0, 6, 2, 6, 0, 6, 5, 6, 0, 7, 10, 7, 0, 7, 10, 7, 0, 8, 0, 7, 10, 7, 0, 6, 0, 13, 0, 13, 0, 4, 0, 3, 11, 3, 0, 7, 0]","[0.3366, 0.3366, 0.2786, 0.2786, 0.3366, 0.3366, 0.2786, 0.3873, 0.2353, 0.2353, 0.3873, 0.3534, 0.5705, 0.5705, 0.3534, 0.4574, 0.4574, 0.4093, 0.4093, 0.3534, 0.5705, 0.5705, 0.3534, 0.2786, 0.3366, 0.3366, 0.2786, 0.3873, 0.1681, 0.1681, 0.3873, 0.4093, 0.4093, 0.4093, 0.4093, 0.3534, 0.5705, 0.5705, 0.3534, 0.3534, 0.5705, 0.5705, 0.3534, 0.4093, 0.4093, 0.3873, 0.3873, 0.2786, 0.5398, 0.5398, 0.2786, 0.4396, 0.4396, 0.3534, 0.2922, 0.2922, 0.3534, 0.4574, 0.4574, 0.3752, 0.3752, 0.2786, 0.3366, 0.3366, 0.2786, 0.3534, 0.5705, 0.5705, 0.3534, 0.3534, 0.2922, 0.2922, 0.3534, 0.2786, 0.3394, 0.3394, 0.2786, 0.2786, 0.3394, 0.3394, 0.2786, 0.4396, 0.4396, 0.2786, 0.3394, 0.3394, 0.2786, 0.3534, 0.3534, 0.4574, 0.4574, 0.4574, 0.4574, 0.3752, 0.3752, 0.3873, 0.2353, 0.2353, 0.3873, 0.2786, 0.2786]","[0.0, 208.2114, 208.2114, 0.0, 0.0, 208.2114, 208.2114, 0.0, 0.0, 218.8574, 218.8574, 0.0, 0.0, 193.5084, 193.5084, 0.0, 175.1412, 0.0, 186.2543, 0.0, 0.0, 193.5084, 193.5084, 0.0, 0.0, 208.2114, 208.2114, 0.0, 0.0, 227.6824, 227.6824, 0.0, 186.2543, 0.0, 186.2543, 0.0, 0.0, 193.5084, 193.5084, 0.0, 0.0, 193.5084, 193.5084, 0.0, 186.2543, 0.0, 326.4995, 0.0, 0.0, 313.0543, 313.0543, 0.0, 238.1146, 0.0, 0.0, 235.0431, 235.0431, 0.0, 175.1412, 0.0, 185.5446, 0.0, 0.0, 208.2114, 208.2114, 0.0, 0.0, 193.5084, 193.5084, 0.0, 0.0, 235.0431, 235.0431, 0.0, 0.0, 223.3814, 223.3814, 0.0, 0.0, 223.3814, 223.3814, 0.0, 238.1146, 0.0, 0.0, 223.3814, 223.3814, 0.0, 190.2819, 0.0, 175.1412, 0.0, 175.1412, 0.0, 185.5446, 0.0, 0.0, 218.8574, 218.8574, 0.0, 130.7916, 0.0]",success,
0.5,0.1,1.2,15,76,1.2751,"[7, 12, 7, 0, 6, 2, 6, 0, 6, 2, 6, 0, 7, 10, 7, 0, 6, 2, 6, 0, 7, 0, 3, 9, 3, 0, 3, 0, 6, 2, 6, 0, 6, 2, 6, 0, 6, 2, 6, 0, 7, 12, 7, 0, 7, 10, 7, 0, 7, 12, 7, 0, 7, 12, 7, 0, 6, 2, 6, 0, 6, 2, 6, 0, 7, 12, 7, 0, 7, 10, 7, 0, 6, 2, 6, 0, 7, 12, 7, 0, 7, 12, 7, 0, 6, 2, 6, 0, 7, 12, 7, 0, 7, 10, 7, 0, 6, 2, 6, 0, 7, 10, 7, 0, 7, 10, 7, 0, 7, 10, 7, 0, 7, 10, 7, 0, 3, 11, 3, 0, 3, 11, 3, 0, 3, 11, 3, 0, 3, 11, 3, 0, 3, 11, 3, 0, 13, 0, 13, 0, 13, 0, 13, 0, 13, 0, 13, 0, 13, 0, 13, 0, 4, 0, 4, 0, 4, 0, 4, 0, 1, 0, 1, 0, 1, 0, 1, 0, 1, 0, 1, 0, 1, 0, 1, 0, 6, 5, 6, 0, 6, 5, 6, 0, 6, 5, 6, 0, 6, 5, 6, 0, 6, 5, 6, 0, 6, 0, 6, 0, 6, 2, 6, 0, 7, 12, 7, 0, 3, 0, 3, 0, 7, 14, 7, 0, 7, 14, 7, 0, 7, 14, 7, 0, 8, 0, 8, 0, 8, 0, 8, 0, 8, 0, 7, 12, 7, 0, 3, 9, 3, 0]","[0.3366, 0.3366, 0.2786, 0.3534, 0.5705, 0.5705, 0.3534, 0.3534, 0.5705, 0.5705, 0.3534, 0.2786, 0.3394, 0.3394, 0.2786, 0.3534, 0.5705, 0.5705, 0.3534, 0.2786, 0.2786, 0.3873, 0.1681, 0.1681, 0.3873, 0.3873, 0.3873, 0.3534, 0.5705, 0.5705, 0.3534, 0.3534, 0.5705, 0.5705, 0.3534, 0.3534, 0.5705, 0.5705, 0.3534, 0.2786, 0.3366, 0.3366, 0.2786, 0.2786, 0.3394, 0.3394, 0.2786, 0.2786, 0.3366, 0.3366, 0.2786, 0.2786, 0.3366, 0.3366, 0.2786, 0.3534, 0.5705, 0.5705, 0.3534, 0.3534, 0.5705, 0.5705, 0.3534, 0.2786, 0.3366, 0.3366, 0.2786, 0.2786, 0.3394, 0.3394, 0.2786, 0.3534, 0.5705, 0.5705, 0.3534, 0.2786, 0.3366, 0.3366, 0.2786, 0.2786, 0.3366, 0.3366, 0.2786, 0.3534, 0.5705, 0.5705, 0.3534, 0.2786, 0.3366, 0.3366, 0.2786, 0.2786, 0.3394, 0.3394, 0.2786, 0.3534, 0.5705, 0.5705, 0.3534, 0.2786, 0.3394, 0.3394, 0.2786, 0.2786, 0.3394, 0.3394, 0.2786, 0.2786, 0.3394, 0.3394, 0.2786, 0.2786, 0.3394, 0.3394, 0.2786, 0.3873, 0.2353, 0.2353, 0.3873, 0.3873, 0.2353, 0.2353, 0.3873, 0.3873, 0.2353, 0.2353, 0.3873, 0.3873, 0.2353, 0.2353, 0.3873, 0.3873, 0.2353, 0.2353, 0.3873, 0.4574, 0.4574, 0.4574, 0.4574, 0.4574, 0.4574, 0.4574, 0.4574, 0.4574, 0.4574, 0.4574, 0.4574, 0.4574, 0.4574, 0.4574, 0.4574, 0.3752, 0.3752, 0.3752, 0.3752, 0.3752, 0.3752, 0.3752, 0.3752, 0.4093, 0.4093, 0.4093, 0.4093, 0.4093, 0.4093, 0.4093, 0.4093, 0.4093, 0.4093, 0.4093, 0.4093, 0.4093, 0.4093, 0.4093, 0.4093, 0.3534, 0.2922, 0.2922, 0.3534, 0.3534, 0.2922, 0.2922, 0.3534, 0.3534, 0.2922, 0.2922, 0.3534, 0.3534, 0.2922, 0.2922, 0.3534, 0.3534, 0.2922, 0.2922, 0.3534, 0.3534, 0.3534, 0.3534, 0.3534, 0.3534, 0.5705, 0.5705, 0.3534, 0.2786, 0.3366, 0.3366, 0.2786, 0.3873, 0.3873, 0.3873, 0.3873, 0.2786, 0.5398, 0.5398, 0.2786, 0.2786, 0.5398, 0.5398, 0.2786, 0.2786, 0.5398, 0.5398, 0.2786, 0.4396, 0.4396, 0.4396, 0.4396, 0.4396, 0.4396, 0.4396, 0.4396, 0.4396, 0.4396, 0.2786, 0.3366, 0.3366, 0.2786, 0.3873, 0.1681, 0.1681, 0.3873]","[0.0, 83.2846, 83.2846, 0.0, 0.0, 80.6285, 80.6285, 0.0, 0.0, 80.6285, 80.6285, 0.0, 0.0, 83.768, 83.768, 0.0, 0.0, 80.6285, 80.6285, 0.0, 130.7916, 0.0, 0.0, 113.8412, 113.8412, 0.0, 108.8332, 0.0, 0.0, 80.6285, 80.6285, 0.0, 0.0, 80.6285, 80.6285, 0.0, 0.0, 80.6285, 80.6285, 0.0, 0.0, 83.2846, 83.2846, 0.0, 0.0, 83.768, 83.768, 0.0, 0.0, 83.2846, 83.2846, 0.0, 0.0, 83.2846, 83.2846, 0.0, 0.0, 80.6285, 80.6285, 0.0, 0.0, 80.6285, 80.6285, 0.0, 0.0, 83.2846, 83.2846, 0.0, 0.0, 83.768, 83.768, 0.0, 0.0, 80.6285, 80.6285, 0.0, 0.0, 83.2846, 83.2846, 0.0, 0.0, 83.2846, 83.2846, 0.0, 0.0, 80.6285, 80.6285, 0.0, 0.0, 83.2846, 83.2846, 0.0, 0.0, 83.768, 83.768, 0.0, 0.0, 80.6285, 80.6285, 0.0, 0.0, 83.768, 83.768, 0.0, 0.0, 83.768, 83.768, 0.0, 0.0, 83.768, 83.768, 0.0, 0.0, 83.768, 83.768, 0.0, 0.0, 87.543, 87.543, 0.0, 0.0, 87.543, 87.543, 0.0, 0.0, 87.543, 87.543, 0.0, 0.0, 87.543, 87.543, 0.0, 0.0, 87.543, 87.543, 0.0, 87.5706, 0.0, 87.5706, 0.0, 87.5706, 0.0, 87.5706, 0.0, 87.5706, 0.0, 87.5706, 0.0, 87.5706, 0.0, 87.5706, 0.0, 92.7723, 0.0, 92.7723, 0.0, 92.7723, 0.0, 92.7723, 0.0, 93.1272, 0.0, 93.1272, 0.0, 93.1272, 0.0, 93.1272, 0.0, 93.1272, 0.0, 93.1272, 0.0, 93.1272, 0.0, 93.1272, 0.0, 0.0, 94.0173, 94.0173, 0.0, 0.0, 94.0173, 94.0173, 0.0, 0.0, 94.0173, 94.0173, 0.0, 0.0, 94.0173, 94.0173, 0.0, 0.0, 94.0173, 94.0173, 0.0, 95.1409, 0.0, 95.1409, 0.0, 0.0, 80.6285, 80.6285, 0.0, 0.0, 83.2846, 83.2846, 0.0, 108.8332, 0.0, 108.8332, 0.0, 0.0, 104.3514, 104.3514, 0.0, 0.0, 104.3514, 104.3514, 0.0, 0.0, 104.3514, 104.3514, 0.0, 95.2458, 0.0, 95.2458, 0.0, 95.2458, 0.0, 95.2458, 0.0, 95.2458, 0.0, 0.0, 83.2846, 83.2846, 0.0, 0.0, 113.8412, 113.8412, 0.0]",success,
0.5,0.1,1.3,15,109,1.6199,"[7, 10, 7, 0, 6, 5, 6, 0, 3, 9, 3, 0, 7, 10, 7, 0, 13, 0, 3, 11, 3, 0, 4, 0, 6, 5, 6, 0, 6, 5, 6, 0, 7, 12, 7, 0, 7, 14, 7, 0, 6, 2, 6, 0, 7, 12, 7, 0, 1, 0, 6, 2, 6, 0, 13, 0, 1, 0, 1, 0, 1, 0, 6, 5, 6, 0, 3, 11, 3, 0, 7, 0, 3, 0, 7, 14, 7, 0, 8, 0, 13, 0, 13, 0, 4, 0, 1, 0, 7, 12, 7, 0, 6, 2, 6, 0, 1, 0, 7, 12, 7, 0, 4, 0, 6, 0, 6, 2, 6, 0, 1, 0, 1, 0, 6, 2, 6, 0, 6, 2, 6, 0, 6, 0, 8, 0, 13, 0, 6, 2, 6, 0, 3, 11, 3, 0, 6, 5, 6, 0, 7, 12, 7, 0, 7, 12, 7, 0, 6, 2, 6, 0, 7, 12, 7, 0, 6, 2, 6, 0, 7, 10, 7, 0, 6, 2, 6, 0, 6, 2, 6, 0, 7, 10, 7, 0, 8, 0, 1, 0, 8, 0, 6, 2, 6, 0, 7, 10, 7, 0, 7, 14, 7, 0, 7, 12, 7, 0, 6, 5, 6, 0, 13, 0, 6, 2, 6, 0, 7, 12, 7, 0, 7, 10, 7, 0, 6, 2, 6, 0, 7, 10, 7, 0, 6, 2, 6, 0, 8, 0, 3, 0, 7, 10, 7, 0, 1, 0, 8, 0, 6, 5, 6, 0, 7, 14, 7, 0, 7, 12, 7, 0, 7, 12, 7, 0, 1, 0, 8, 0, 7, 10, 7, 0, 7, 14, 7, 0, 3, 11, 3, 0, 1, 0, 7, 10, 7, 0, 7, 12, 7, 0, 7, 10, 7, 0, 6, 2, 6, 0, 13, 0, 6, 5, 6, 0, 13, 0, 4, 0, 3, 11, 3, 0, 3, 0, 3, 0, 6, 2, 6, 0, 4, 0, 3, 9, 3, 0, 7, 12, 7, 0, 3, 11, 3, 0, 3, 11, 3, 0, 13, 0, 13, 0, 6, 2, 6, 0, 7, 12, 7, 0, 3, 9, 3, 0, 13, 0, 3, 0]","[0.3394, 0.3394, 0.2786, 0.3534, 0.2922, 0.2922, 0.3534, 0.3873, 0.1681, 0.1681, 0.3873, 0.2786, 0.3394, 0.3394, 0.2786, 0.4574, 0.4574, 0.3873, 0.2353, 0.2353, 0.3873, 0.3752, 0.3752, 0.3534, 0.2922, 0.2922, 0.3534, 0.3534, 0.2922, 0.2922, 0.3534, 0.2786, 0.3366, 0.3366, 0.2786, 0.2786, 0.5398, 0.5398, 0.2786, 0.3534, 0.5705, 0.5705, 0.3534, 0.2786, 0.3366, 0.3366, 0.2786, 0.4093, 0.4093, 0.3534, 0.5705, 0.5705, 0.3534, 0.4574, 0.4574, 0.4093, 0.4093, 0.4093, 0.4093, 0.4093, 0.4093, 0.3534, 0.2922, 0.2922, 0.3534, 0.3873, 0.2353, 0.2353, 0.3873, 0.2786, 0.2786, 0.3873, 0.3873, 0.2786, 0.5398, 0.5398, 0.2786, 0.4396, 0.4396, 0.4574, 0.4574, 0.4574, 0.4574, 0.3752, 0.3752, 0.4093, 0.4093, 0.2786, 0.3366, 0.3366, 0.2786, 0.3534, 0.5705, 0.5705, 0.3534, 0.4093, 0.4093, 0.2786, 0.3366, 0.3366, 0.2786, 0.3752, 0.3752, 0.3534, 0.3534, 0.3534, 0.5705, 0.5705, 0.3534, 0.4093, 0.4093, 0.4093, 0.4093, 0.3534, 0.5705, 0.5705, 0.3534, 0.3534, 0.5705, 0.5705, 0.3534, 0.3534, 0.3534, 0.4396, 0.4396, 0.4574, 0.4574, 0.3534, 0.5705, 0.5705, 0.3534, 0.3873, 0.2353, 0.2353, 0.3873, 0.3534, 0.2922, 0.2922, 0.3534, 0.2786, 0.3366, 0.3366, 0.2786, 0.2786, 0.3366, 0.3366, 0.2786, 0.3534, 0.5705, 0.5705, 0.3534, 0.2786, 0.3366, 0.3366, 0.2786, 0.3534, 0.5705, 0.5705, 0.3534, 0.2786, 0.3394, 0.3394, 0.2786, 0.3534, 0.5705, 0.5705, 0.3534, 0.3534, 0.5705, 0.5705, 0.3534, 0.2786, 0.3394, 0.3394, 0.2786, 0.4396, 0.4396, 0.4093, 0.4093, 0.4396, 0.4396, 0.3534, 0.5705, 0.5705, 0.3534, 0.2786, 0.3394, 0.3394, 0.2786, 0.2786, 0.5398, 0.5398, 0.2786, 0.2786, 0.3366, 0.3366, 0.2786, 0.3534, 0.2922, 0.2922, 0.3534, 0.4574, 0.4574, 0.3534, 0.5705, 0.5705, 0.3534, 0.2786, 0.3366, 0.3366, 0.2786, 0.2786, 0.3394, 0.3394, 0.2786, 0.3534, 0.5705, 0.5705, 0.3534, 0.2786, 0.3394, 0.3394, 0.2786, 0.3534, 0.5705, 0.5705, 0.3534, 0.4396, 0.4396, 0.3873, 0.3873, 0.2786, 0.3394, 0.3394, 0.2786, 0.4093, 0.4093, 0.4396, 0.4396, 0.3534, 0.2922, 0.2922, 0.3534, 0.2786, 0.5398, 0.5398, 0.2786, 0.2786, 0.3366, 0.3366, 0.2786, 0.2786, 0.3366, 0.3366, 0.2786, 0.4093, 0.4093, 0.4396, 0.4396, 0.2786, 0.3394, 0.3394, 0.2786, 0.2786, 0.5398, 0.5398, 0.2786, 0.3873, 0.2353, 0.2353, 0.3873, 0.4093, 0.4093, 0.2786, 0.3394, 0.3394, 0.2786, 0.2786, 0.3366, 0.3366, 0.2786, 0.2786, 0.3394, 0.3394, 0.2786, 0.3534, 0.5705, 0.5705, 0.3534, 0.4574, 0.4574, 0.3534, 0.2922, 0.2922, 0.3534, 0.4574, 0.4574, 0.3752, 0.3752, 0.3873, 0.2353, 0.2353, 0.3873, 0.3873, 0.3873, 0.3873, 0.3873, 0.3534, 0.5705, 0.5705, 0.3534, 0.3752, 0.3752, 0.3873, 0.1681, 0.1681, 0.3873, 0.2786, 0.3366, 0.3366, 0.2786, 0.3873, 0.2353, 0.2353, 0.3873, 0.3873, 0.2353, 0.2353, 0.3873, 0.4574, 0.4574, 0.4574, 0.4574, 0.3534, 0.5705, 0.5705, 0.3534, 0.2786, 0.3366, 0.3366, 0.2786, 0.3873, 0.1681, 0.1681, 0.3873, 0.4574, 0.4574, 0.3873, 0.3873]","[0.0, 60.9222, 60.9222, 0.0, 0.0, 58.7608, 58.7608, 0.0, 0.0, 75.8941, 75.8941, 0.0, 0.0, 60.9222, 60.9222, 0.0, 63.6877, 0.0, 0.0, 62.5307, 62.5307, 0.0, 74.2178, 0.0, 0.0, 58.7608, 58.7608, 0.0, 0.0, 58.7608, 58.7608, 0.0, 0.0, 59.489, 59.489, 0.0, 0.0, 62.6109, 62.6109, 0.0, 0.0, 53.7523, 53.7523, 0.0, 0.0, 59.489, 59.489, 0.0, 62.0848, 0.0, 0.0, 53.7523, 53.7523, 0.0, 63.6877, 0.0, 62.0848, 0.0, 62.0848, 0.0, 62.0848, 0.0, 0.0, 58.7608, 58.7608, 0.0, 0.0, 62.5307, 62.5307, 0.0, 130.7916, 0.0, 65.2999, 0.0, 0.0, 62.6109, 62.6109, 0.0, 68.0327, 0.0, 63.6877, 0.0, 63.6877, 0.0, 74.2178, 0.0, 62.0848, 0.0, 0.0, 59.489, 59.489, 0.0, 0.0, 53.7523, 53.7523, 0.0, 62.0848, 0.0, 0.0, 59.489, 59.489, 0.0, 74.2178, 0.0, 95.1409, 0.0, 0.0, 53.7523, 53.7523, 0.0, 62.0848, 0.0, 62.0848, 0.0, 0.0, 53.7523, 53.7523, 0.0, 0.0, 53.7523, 53.7523, 0.0, 95.1409, 0.0, 68.0327, 0.0, 63.6877, 0.0, 0.0, 53.7523, 53.7523, 0.0, 0.0, 62.5307, 62.5307, 0.0, 0.0, 58.7608, 58.7608, 0.0, 0.0, 59.489, 59.489, 0.0, 0.0, 59.489, 59.489, 0.0, 0.0, 53.7523, 53.7523, 0.0, 0.0, 59.489, 59.489, 0.0, 0.0, 53.7523, 53.7523, 0.0, 0.0, 60.9222, 60.9222, 0.0, 0.0, 53.7523, 53.7523, 0.0, 0.0, 53.7523, 53.7523, 0.0, 0.0, 60.9222, 60.9222, 0.0, 68.0327, 0.0, 62.0848, 0.0, 68.0327, 0.0, 0.0, 53.7523, 53.7523, 0.0, 0.0, 60.9222, 60.9222, 0.0, 0.0, 62.6109, 62.6109, 0.0, 0.0, 59.489, 59.489, 0.0, 0.0, 58.7608, 58.7608, 0.0, 63.6877, 0.0, 0.0, 53.7523, 53.7523, 0.0, 0.0, 59.489, 59.489, 0.0, 0.0, 60.9222, 60.9222, 0.0, 0.0, 53.7523, 53.7523, 0.0, 0.0, 60.9222, 60.9222, 0.0, 0.0, 53.7523, 53.7523, 0.0, 68.0327, 0.0, 65.2999, 0.0, 0.0, 60.9222, 60.9222, 0.0, 62.0848, 0.0, 68.0327, 0.0, 0.0, 58.7608, 58.7608, 0.0, 0.0, 62.6109, 62.6109, 0.0, 0.0, 59.489, 59.489, 0.0, 0.0, 59.489, 59.489, 0.0, 62.0848, 0.0, 68.0327, 0.0, 0.0, 60.9222, 60.9222, 0.0, 0.0, 62.6109, 62.6109, 0.0, 0.0, 62.5307, 62.5307, 0.0, 62.0848, 0.0, 0.0, 60.9222, 60.9222, 0.0, 0.0, 59.489, 59.489, 0.0, 0.0, 60.9222, 60.9222, 0.0, 0.0, 53.7523, 53.7523, 0.0, 63.6877, 0.0, 0.0, 58.7608, 58.7608, 0.0, 63.6877, 0.0, 74.2178, 0.0, 0.0, 62.5307, 62.5307, 0.0, 65.2999, 0.0, 65.2999, 0.0, 0.0, 53.7523, 53.7523, 0.0, 74.2178, 0.0, 0.0, 75.8941, 75.8941, 0.0, 0.0, 59.489, 59.489, 0.0, 0.0, 62.5307, 62.5307, 0.0, 0.0, 62.5307, 62.5307, 0.0, 63.6877, 0.0, 63.6877, 0.0, 0.0, 53.7523, 53.7523, 0.0, 0.0, 59.489, 59.489, 0.0, 0.0, 75.8941, 75.8941, 0.0, 63.6877, 0.0, 65.2999, 0.0]",success,
0.5,0.25,1e-10,15,1,1.9118,"[8, 7, 14, 5, 2, 6, 3, 1, 11, 9, 10, 12, 13, 4, 0]","[0.1976, 0.5398, 0.326, 0.2809, 0.5705, 0.1229, 0.1318, 0.2256, 0.298, 0.2857, 0.1612, 0.3462, 0.5291, 0.3752]","[476.2292, 607.0208, 920.0751, 1390.1613, 2357.7036, 2547.9854, 2874.485, 3619.5024, 4057.2171, 4284.8996, 4955.0438, 5787.8893, 6488.4541, 6859.5434, 0.0]",success,
0.5,0.25,1e-05,15,1,1.9115,"[4, 13, 12, 10, 9, 11, 1, 3, 6, 5, 2, 14, 7, 8, 0]","[0.5291, 0.3462, 0.1612, 0.2857, 0.298, 0.2256, 0.1318, 0.1229, 0.2922, 0.2809, 0.6069, 0.5398, 0.1976, 0.4396]","[371.0892, 1071.6541, 1904.4996, 2574.6438, 2802.3262, 3240.041, 3985.0584, 4311.5579, 4501.8398, 4971.9261, 5939.4683, 6252.5226, 6383.3141, 6859.5434, 0.0]",success,
0.5,0.25,0.001,15,1,1.9082,"[8, 7, 14, 2, 5, 6, 3, 1, 11, 9, 10, 12, 13, 4, 0]","[0.1976, 0.5398, 0.6069, 0.2809, 0.2922, 0.1229, 0.1318, 0.2256, 0.298, 0.2857, 0.1612, 0.3462, 0.5291, 0.3752]","[476.2292, 607.0208, 920.0751, 1887.6173, 2357.7036, 2547.9854, 2874.485, 3619.5024, 4057.2171, 4284.8996, 4955.0438, 5787.8893, 6488.4541, 6859.5434, 0.0]",success,
0.5,0.25,0.1,15,3,1.6461,"[7, 8, 0, 6, 3, 1, 11, 9, 10, 12, 13, 0, 14, 5, 2, 4, 0]","[0.1976, 0.4396, 0.3534, 0.1229, 0.1318, 0.2256, 0.298, 0.2857, 0.1612, 0.3462, 0.4574, 0.8183, 0.326, 0.2809, 0.8155, 0.3752]","[130.7916, 607.0208, 0.0, 190.2819, 516.7814, 1261.7988, 1699.5136, 1927.196, 2597.3402, 3430.1857, 4130.7506, 0.0, 313.0543, 783.1405, 1750.6828, 2121.772, 0.0]",success,
0.5,0.25,0.5,15,9,1.2931,"[4, 0, 8, 0, 10, 12, 0, 11, 1, 0, 14, 5, 0, 2, 0, 6, 0, 7, 13, 0, 9, 3, 0]","[0.3752, 0.4396, 0.4396, 0.618, 0.1612, 0.6151, 0.6227, 0.2256, 0.4093, 0.8183, 0.326, 0.6456, 0.9239, 0.9239, 0.3534, 0.3534, 0.2786, 0.1849, 0.4574, 0.5554, 0.1681, 0.3873]","[371.0892, 0.0, 476.2292, 0.0, 670.1442, 1502.9897, 0.0, 437.7148, 1182.7322, 0.0, 313.0543, 783.1405, 0.0, 967.5422, 0.0, 190.2819, 0.0, 130.7916, 831.3564, 0.0, 227.6824, 554.182, 0.0]",success,
0.5,0.25,0.9,15,11,1.055,"[11, 1, 0, 7, 0, 13, 0, 2, 5, 0, 9, 3, 0, 6, 0, 14, 0, 4, 0, 12, 0, 10, 0, 8, 0]","[0.2256, 0.4093, 0.2786, 0.2786, 0.4574, 0.4574, 0.9239, 0.2809, 0.6456, 0.5554, 0.1681, 0.3873, 0.3534, 0.3534, 0.8183, 0.8183, 0.3752, 0.3752, 0.6151, 0.6151, 0.618, 0.618, 0.4396, 0.4396]","[437.7148, 1182.7322, 0.0, 130.7916, 0.0, 700.5648, 0.0, 967.5422, 1437.6285, 0.0, 227.6824, 554.182, 0.0, 190.2819, 0.0, 313.0543, 0.0, 371.0892, 0.0, 832.8455, 0.0, 670.1442, 0.0, 476.2292, 0.0]",success,
0.5,0.25,1.0,15,10,1.0027,"[9, 3, 0, 14, 0, 11, 0, 12, 7, 0, 10, 0, 4, 0, 2, 5, 6, 0, 8, 0, 13, 0, 1, 0]","[0.1681, 0.3873, 0.8183, 0.8183, 0.6227, 0.6227, 0.6151, 0.3366, 0.2786, 0.618, 0.618, 0.3752, 0.3752, 0.9239, 0.2809, 0.2922, 0.3534, 0.4396, 0.4396, 0.4574, 0.4574, 0.4093, 0.4093]","[227.6824, 554.182, 0.0, 313.0543, 0.0, 437.7148, 0.0, 832.8455, 963.6371, 0.0, 670.1442, 0.0, 371.0892, 0.0, 967.5422, 1437.6285, 1627.9104, 0.0, 476.2292, 0.0, 700.5648, 0.0, 745.0174, 0.0]",success,
0.5,0.25,1.1,15,92,1.1443,"[3, 11, 3, 0, 7, 10, 7, 0, 7, 10, 7, 0, 7, 10, 7, 0, 7, 12, 7, 0, 7, 12, 7, 0, 7, 12, 7, 0, 7, 12, 7, 0, 4, 0, 7, 10, 7, 0, 7, 14, 7, 0, 4, 0, 13, 0, 8, 0, 7, 12, 7, 0, 13, 0, 7, 10, 7, 0, 7, 10, 7, 0, 6, 2, 6, 0, 6, 2, 6, 0, 7, 12, 7, 0, 7, 12, 7, 0, 7, 12, 7, 0, 7, 12, 7, 0, 7, 12, 7, 0, 3, 9, 3, 0, 7, 10, 7, 0, 7, 12, 7, 0, 13, 0, 7, 10, 7, 0, 13, 0, 13, 0, 13, 0, 13, 0, 13, 0, 13, 0, 8, 0, 8, 0, 7, 0, 13, 0, 7, 10, 7, 0, 7, 14, 7, 0, 3, 11, 3, 0, 4, 0, 1, 0, 6, 2, 6, 0, 6, 5, 6, 0, 3, 0, 1, 0, 3, 0, 8, 0, 1, 0, 6, 0, 6, 5, 6, 0, 3, 9, 3, 0, 6, 2, 6, 0, 7, 12, 7, 0, 6, 5, 6, 0, 6, 5, 6, 0, 6, 2, 6, 0, 3, 0, 3, 9, 3, 0, 6, 0, 4, 0, 4, 0, 3, 0, 1, 0, 1, 0, 1, 0, 1, 0, 1, 0, 1, 0, 1, 0, 8, 0, 8, 0, 6, 2, 6, 0, 6, 2, 6, 0, 6, 2, 6, 0, 6, 2, 6, 0, 6, 2, 6, 0, 6, 2, 6, 0, 6, 2, 6, 0, 6, 2, 6, 0, 6, 2, 6, 0, 7, 14, 7, 0, 7, 14, 7, 0, 6, 5, 6, 0, 6, 5, 6, 0, 3, 11, 3, 0, 3, 11, 3, 0, 3, 11, 3, 0, 3, 11, 3, 0]","[0.2353, 0.2353, 0.3873, 0.2786, 0.3394, 0.3394, 0.2786, 0.2786, 0.3394, 0.3394, 0.2786, 0.2786, 0.3394, 0.3394, 0.2786, 0.2786, 0.3366, 0.3366, 0.2786, 0.2786, 0.3366, 0.3366, 0.2786, 0.2786, 0.3366, 0.3366, 0.2786, 0.2786, 0.3366, 0.3366, 0.2786, 0.3752, 0.3752, 0.2786, 0.3394, 0.3394, 0.2786, 0.2786, 0.5398, 0.5398, 0.2786, 0.3752, 0.3752, 0.4574, 0.4574, 0.4396, 0.4396, 0.2786, 0.3366, 0.3366, 0.2786, 0.4574, 0.4574, 0.2786, 0.3394, 0.3394, 0.2786, 0.2786, 0.3394, 0.3394, 0.2786, 0.3534, 0.5705, 0.5705, 0.3534, 0.3534, 0.5705, 0.5705, 0.3534, 0.2786, 0.3366, 0.3366, 0.2786, 0.2786, 0.3366, 0.3366, 0.2786, 0.2786, 0.3366, 0.3366, 0.2786, 0.2786, 0.3366, 0.3366, 0.2786, 0.2786, 0.3366, 0.3366, 0.2786, 0.3873, 0.1681, 0.1681, 0.3873, 0.2786, 0.3394, 0.3394, 0.2786, 0.2786, 0.3366, 0.3366, 0.2786, 0.4574, 0.4574, 0.2786, 0.3394, 0.3394, 0.2786, 0.4574, 0.4574, 0.4574, 0.4574, 0.4574, 0.4574, 0.4574, 0.4574, 0.4574, 0.4574, 0.4574, 0.4574, 0.4396, 0.4396, 0.4396, 0.4396, 0.2786, 0.2786, 0.4574, 0.4574, 0.2786, 0.3394, 0.3394, 0.2786, 0.2786, 0.5398, 0.5398, 0.2786, 0.3873, 0.2353, 0.2353, 0.3873, 0.3752, 0.3752, 0.4093, 0.4093, 0.3534, 0.5705, 0.5705, 0.3534, 0.3534, 0.2922, 0.2922, 0.3534, 0.3873, 0.3873, 0.4093, 0.4093, 0.3873, 0.3873, 0.4396, 0.4396, 0.4093, 0.4093, 0.3534, 0.3534, 0.3534, 0.2922, 0.2922, 0.3534, 0.3873, 0.1681, 0.1681, 0.3873, 0.3534, 0.5705, 0.5705, 0.3534, 0.2786, 0.3366, 0.3366, 0.2786, 0.3534, 0.2922, 0.2922, 0.3534, 0.3534, 0.2922, 0.2922, 0.3534, 0.3534, 0.5705, 0.5705, 0.3534, 0.3873, 0.3873, 0.3873, 0.1681, 0.1681, 0.3873, 0.3534, 0.3534, 0.3752, 0.3752, 0.3752, 0.3752, 0.3873, 0.3873, 0.4093, 0.4093, 0.4093, 0.4093, 0.4093, 0.4093, 0.4093, 0.4093, 0.4093, 0.4093, 0.4093, 0.4093, 0.4093, 0.4093, 0.4396, 0.4396, 0.4396, 0.4396, 0.3534, 0.5705, 0.5705, 0.3534, 0.3534, 0.5705, 0.5705, 0.3534, 0.3534, 0.5705, 0.5705, 0.3534, 0.3534, 0.5705, 0.5705, 0.3534, 0.3534, 0.5705, 0.5705, 0.3534, 0.3534, 0.5705, 0.5705, 0.3534, 0.3534, 0.5705, 0.5705, 0.3534, 0.3534, 0.5705, 0.5705, 0.3534, 0.3534, 0.5705, 0.5705, 0.3534, 0.2786, 0.5398, 0.5398, 0.2786, 0.2786, 0.5398, 0.5398, 0.2786, 0.3534, 0.2922, 0.2922, 0.3534, 0.3534, 0.2922, 0.2922, 0.3534, 0.3873, 0.2353, 0.2353, 0.3873, 0.3873, 0.2353, 0.2353, 0.3873, 0.3873, 0.2353, 0.2353, 0.3873, 0.3873, 0.2353, 0.2353, 0.3873]","[0.0, 72.9525, 72.9525, 0.0, 0.0, 74.4605, 74.4605, 0.0, 0.0, 74.4605, 74.4605, 0.0, 0.0, 74.4605, 74.4605, 0.0, 0.0, 69.4038, 69.4038, 0.0, 0.0, 69.4038, 69.4038, 0.0, 0.0, 69.4038, 69.4038, 0.0, 0.0, 69.4038, 69.4038, 0.0, 74.2178, 0.0, 0.0, 74.4605, 74.4605, 0.0, 0.0, 78.2636, 78.2636, 0.0, 74.2178, 0.0, 70.0565, 0.0, 79.3715, 0.0, 0.0, 69.4038, 69.4038, 0.0, 70.0565, 0.0, 0.0, 74.4605, 74.4605, 0.0, 0.0, 74.4605, 74.4605, 0.0, 0.0, 69.1102, 69.1102, 0.0, 0.0, 69.1102, 69.1102, 0.0, 0.0, 69.4038, 69.4038, 0.0, 0.0, 69.4038, 69.4038, 0.0, 0.0, 69.4038, 69.4038, 0.0, 0.0, 69.4038, 69.4038, 0.0, 0.0, 69.4038, 69.4038, 0.0, 0.0, 75.8941, 75.8941, 0.0, 0.0, 74.4605, 74.4605, 0.0, 0.0, 69.4038, 69.4038, 0.0, 70.0565, 0.0, 0.0, 74.4605, 74.4605, 0.0, 70.0565, 0.0, 70.0565, 0.0, 70.0565, 0.0, 70.0565, 0.0, 70.0565, 0.0, 70.0565, 0.0, 79.3715, 0.0, 79.3715, 0.0, 130.7916, 0.0, 70.0565, 0.0, 0.0, 74.4605, 74.4605, 0.0, 0.0, 78.2636, 78.2636, 0.0, 0.0, 72.9525, 72.9525, 0.0, 74.2178, 0.0, 74.5017, 0.0, 0.0, 69.1102, 69.1102, 0.0, 0.0, 78.3477, 78.3477, 0.0, 81.6249, 0.0, 74.5017, 0.0, 81.6249, 0.0, 79.3715, 0.0, 74.5017, 0.0, 95.1409, 0.0, 0.0, 78.3477, 78.3477, 0.0, 0.0, 75.8941, 75.8941, 0.0, 0.0, 69.1102, 69.1102, 0.0, 0.0, 69.4038, 69.4038, 0.0, 0.0, 78.3477, 78.3477, 0.0, 0.0, 78.3477, 78.3477, 0.0, 0.0, 69.1102, 69.1102, 0.0, 81.6249, 0.0, 0.0, 75.8941, 75.8941, 0.0, 95.1409, 0.0, 74.2178, 0.0, 74.2178, 0.0, 81.6249, 0.0, 74.5017, 0.0, 74.5017, 0.0, 74.5017, 0.0, 74.5017, 0.0, 74.5017, 0.0, 74.5017, 0.0, 74.5017, 0.0, 79.3715, 0.0, 79.3715, 0.0, 0.0, 69.1102, 69.1102, 0.0, 0.0, 69.1102, 69.1102, 0.0, 0.0, 69.1102, 69.1102, 0.0, 0.0, 69.1102, 69.1102, 0.0, 0.0, 69.1102, 69.1102, 0.0, 0.0, 69.1102, 69.1102, 0.0, 0.0, 69.1102, 69.1102, 0.0, 0.0, 69.1102, 69.1102, 0.0, 0.0, 69.1102, 69.1102, 0.0, 0.0, 78.2636, 78.2636, 0.0, 0.0, 78.2636, 78.2636, 0.0, 0.0, 78.3477, 78.3477, 0.0, 0.0, 78.3477, 78.3477, 0.0, 0.0, 72.9525, 72.9525, 0.0, 0.0, 72.9525, 72.9525, 0.0, 0.0, 72.9525, 72.9525, 0.0, 0.0, 72.9525, 72.9525, 0.0]",success,
0.5,0.25,1.2,15,198,1.5134,"[8, 0, 7, 12, 7, 0, 7, 12, 7, 0, 7, 12, 7, 0, 7, 12, 7, 0, 7, 12, 7, 0, 7, 10, 7, 0, 7, 10, 7, 0, 4, 0, 8, 0, 7, 10, 7, 0, 7, 14, 7, 0, 13, 0, 4, 0, 7, 14, 7, 0, 7, 12, 7, 0, 13, 0, 13, 0, 7, 10, 7, 0, 7, 12, 7, 0, 3, 11, 3, 0, 8, 0, 7, 14, 7, 0, 7, 14, 7, 0, 7, 14, 7, 0, 7, 10, 7, 0, 7, 12, 7, 0, 7, 14, 7, 0, 8, 0, 7, 0, 8, 0, 4, 0, 7, 10, 7, 0, 13, 0, 7, 14, 7, 0, 8, 0, 13, 0, 8, 0, 7, 12, 7, 0, 8, 0, 7, 12, 7, 0, 3, 11, 3, 0, 3, 11, 3, 0, 3, 11, 3, 0, 3, 11, 3, 0, 3, 11, 3, 0, 3, 11, 3, 0, 1, 0, 1, 0, 1, 0, 1, 0, 1, 0, 1, 0, 1, 0, 1, 0, 1, 0, 1, 0, 1, 0, 1, 0, 1, 0, 1, 0, 1, 0, 1, 0, 1, 0, 1, 0, 3, 9, 3, 0, 3, 9, 3, 0, 3, 9, 3, 0, 3, 9, 3, 0, 3, 9, 3, 0, 7, 10, 7, 0, 7, 10, 7, 0, 7, 10, 7, 0, 7, 10, 7, 0, 7, 10, 7, 0, 7, 10, 7, 0, 7, 10, 7, 0, 7, 12, 7, 0, 7, 0, 7, 10, 7, 0, 7, 12, 7, 0, 13, 0, 13, 0, 13, 0, 8, 0, 7, 10, 7, 0, 8, 0, 7, 12, 7, 0, 7, 10, 7, 0, 7, 12, 7, 0, 3, 11, 3, 0, 3, 11, 3, 0, 3, 11, 3, 0, 3, 11, 3, 0, 3, 0, 3, 0, 3, 0, 3, 0, 3, 0, 3, 0, 3, 0, 3, 0, 3, 0, 6, 0, 6, 0, 6, 0, 6, 5, 6, 0, 6, 5, 6, 0, 6, 5, 6, 0, 6, 5, 6, 0, 6, 5, 6, 0, 6, 5, 6, 0, 6, 5, 6, 0, 6, 5, 6, 0, 6, 5, 6, 0, 13, 0, 7, 12, 7, 0, 6, 0, 8, 0, 7, 12, 7, 0, 13, 0, 7, 10, 7, 0, 6, 0, 3, 11, 3, 0, 13, 0, 1, 0, 7, 12, 7, 0, 4, 0, 3, 9, 3, 0, 7, 12, 7, 0, 3, 11, 3, 0, 7, 10, 7, 0, 6, 5, 6, 0, 7, 12, 7, 0, 7, 12, 7, 0, 7, 10, 7, 0, 8, 0, 13, 0, 8, 0, 13, 0, 4, 0, 1, 0, 7, 12, 7, 0, 7, 12, 7, 0, 7, 10, 7, 0, 7, 12, 7, 0, 6, 5, 6, 0, 6, 5, 6, 0, 6, 2, 6, 0, 4, 0, 6, 5, 6, 0, 7, 12, 7, 0, 7, 12, 7, 0, 13, 0, 6, 5, 6, 0, 7, 14, 7, 0, 13, 0, 13, 0, 13, 0, 6, 2, 6, 0, 6, 2, 6, 0, 6, 2, 6, 0, 6, 2, 6, 0, 6, 2, 6, 0, 6, 2, 6, 0, 6, 2, 6, 0, 6, 2, 6, 0, 6, 2, 6, 0, 6, 2, 6, 0, 6, 2, 6, 0, 6, 2, 6, 0, 6, 2, 6, 0, 6, 2, 6, 0, 6, 2, 6, 0, 6, 2, 6, 0, 6, 2, 6, 0, 6, 2, 6, 0, 6, 2, 6, 0, 6, 2, 6, 0, 6, 2, 6, 0, 6, 2, 6, 0, 6, 2, 6, 0, 6, 2, 6, 0, 6, 2, 6, 0, 6, 2, 6, 0, 6, 2, 6, 0, 6, 2, 6, 0, 6, 2, 6, 0, 6, 2, 6, 0, 7, 14, 7, 0, 4, 0, 4, 0, 4, 0, 13, 0, 13, 0, 13, 0, 7, 0, 4, 0]","[0.4396, 0.2786, 0.3366, 0.3366, 0.2786, 0.2786, 0.3366, 0.3366, 0.2786, 0.2786, 0.3366, 0.3366, 0.2786, 0.2786, 0.3366, 0.3366, 0.2786, 0.2786, 0.3366, 0.3366, 0.2786, 0.2786, 0.3394, 0.3394, 0.2786, 0.2786, 0.3394, 0.3394, 0.2786, 0.3752, 0.3752, 0.4396, 0.4396, 0.2786, 0.3394, 0.3394, 0.2786, 0.2786, 0.5398, 0.5398, 0.2786, 0.4574, 0.4574, 0.3752, 0.3752, 0.2786, 0.5398, 0.5398, 0.2786, 0.2786, 0.3366, 0.3366, 0.2786, 0.4574, 0.4574, 0.4574, 0.4574, 0.2786, 0.3394, 0.3394, 0.2786, 0.2786, 0.3366, 0.3366, 0.2786, 0.3873, 0.2353, 0.2353, 0.3873, 0.4396, 0.4396, 0.2786, 0.5398, 0.5398, 0.2786, 0.2786, 0.5398, 0.5398, 0.2786, 0.2786, 0.5398, 0.5398, 0.2786, 0.2786, 0.3394, 0.3394, 0.2786, 0.2786, 0.3366, 0.3366, 0.2786, 0.2786, 0.5398, 0.5398, 0.2786, 0.4396, 0.4396, 0.2786, 0.2786, 0.4396, 0.4396, 0.3752, 0.3752, 0.2786, 0.3394, 0.3394, 0.2786, 0.4574, 0.4574, 0.2786, 0.5398, 0.5398, 0.2786, 0.4396, 0.4396, 0.4574, 0.4574, 0.4396, 0.4396, 0.2786, 0.3366, 0.3366, 0.2786, 0.4396, 0.4396, 0.2786, 0.3366, 0.3366, 0.2786, 0.3873, 0.2353, 0.2353, 0.3873, 0.3873, 0.2353, 0.2353, 0.3873, 0.3873, 0.2353, 0.2353, 0.3873, 0.3873, 0.2353, 0.2353, 0.3873, 0.3873, 0.2353, 0.2353, 0.3873, 0.3873, 0.2353, 0.2353, 0.3873, 0.4093, 0.4093, 0.4093, 0.4093, 0.4093, 0.4093, 0.4093, 0.4093, 0.4093, 0.4093, 0.4093, 0.4093, 0.4093, 0.4093, 0.4093, 0.4093, 0.4093, 0.4093, 0.4093, 0.4093, 0.4093, 0.4093, 0.4093, 0.4093, 0.4093, 0.4093, 0.4093, 0.4093, 0.4093, 0.4093, 0.4093, 0.4093, 0.4093, 0.4093, 0.4093, 0.4093, 0.3873, 0.1681, 0.1681, 0.3873, 0.3873, 0.1681, 0.1681, 0.3873, 0.3873, 0.1681, 0.1681, 0.3873, 0.3873, 0.1681, 0.1681, 0.3873, 0.3873, 0.1681, 0.1681, 0.3873, 0.2786, 0.3394, 0.3394, 0.2786, 0.2786, 0.3394, 0.3394, 0.2786, 0.2786, 0.3394, 0.3394, 0.2786, 0.2786, 0.3394, 0.3394, 0.2786, 0.2786, 0.3394, 0.3394, 0.2786, 0.2786, 0.3394, 0.3394, 0.2786, 0.2786, 0.3394, 0.3394, 0.2786, 0.2786, 0.3366, 0.3366, 0.2786, 0.2786, 0.2786, 0.2786, 0.3394, 0.3394, 0.2786, 0.2786, 0.3366, 0.3366, 0.2786, 0.4574, 0.4574, 0.4574, 0.4574, 0.4574, 0.4574, 0.4396, 0.4396, 0.2786, 0.3394, 0.3394, 0.2786, 0.4396, 0.4396, 0.2786, 0.3366, 0.3366, 0.2786, 0.2786, 0.3394, 0.3394, 0.2786, 0.2786, 0.3366, 0.3366, 0.2786, 0.3873, 0.2353, 0.2353, 0.3873, 0.3873, 0.2353, 0.2353, 0.3873, 0.3873, 0.2353, 0.2353, 0.3873, 0.3873, 0.2353, 0.2353, 0.3873, 0.3873, 0.3873, 0.3873, 0.3873, 0.3873, 0.3873, 0.3873, 0.3873, 0.3873, 0.3873, 0.3873, 0.3873, 0.3873, 0.3873, 0.3873, 0.3873, 0.3873, 0.3873, 0.3534, 0.3534, 0.3534, 0.3534, 0.3534, 0.3534, 0.3534, 0.2922, 0.2922, 0.3534, 0.3534, 0.2922, 0.2922, 0.3534, 0.3534, 0.2922, 0.2922, 0.3534, 0.3534, 0.2922, 0.2922, 0.3534, 0.3534, 0.2922, 0.2922, 0.3534, 0.3534, 0.2922, 0.2922, 0.3534, 0.3534, 0.2922, 0.2922, 0.3534, 0.3534, 0.2922, 0.2922, 0.3534, 0.3534, 0.2922, 0.2922, 0.3534, 0.4574, 0.4574, 0.2786, 0.3366, 0.3366, 0.2786, 0.3534, 0.3534, 0.4396, 0.4396, 0.2786, 0.3366, 0.3366, 0.2786, 0.4574, 0.4574, 0.2786, 0.3394, 0.3394, 0.2786, 0.3534, 0.3534, 0.3873, 0.2353, 0.2353, 0.3873, 0.4574, 0.4574, 0.4093, 0.4093, 0.2786, 0.3366, 0.3366, 0.2786, 0.3752, 0.3752, 0.3873, 0.1681, 0.1681, 0.3873, 0.2786, 0.3366, 0.3366, 0.2786, 0.3873, 0.2353, 0.2353, 0.3873, 0.2786, 0.3394, 0.3394, 0.2786, 0.3534, 0.2922, 0.2922, 0.3534, 0.2786, 0.3366, 0.3366, 0.2786, 0.2786, 0.3366, 0.3366, 0.2786, 0.2786, 0.3394, 0.3394, 0.2786, 0.4396, 0.4396, 0.4574, 0.4574, 0.4396, 0.4396, 0.4574, 0.4574, 0.3752, 0.3752, 0.4093, 0.4093, 0.2786, 0.3366, 0.3366, 0.2786, 0.2786, 0.3366, 0.3366, 0.2786, 0.2786, 0.3394, 0.3394, 0.2786, 0.2786, 0.3366, 0.3366, 0.2786, 0.3534, 0.2922, 0.2922, 0.3534, 0.3534, 0.2922, 0.2922, 0.3534, 0.3534, 0.5705, 0.5705, 0.3534, 0.3752, 0.3752, 0.3534, 0.2922, 0.2922, 0.3534, 0.2786, 0.3366, 0.3366, 0.2786, 0.2786, 0.3366, 0.3366, 0.2786, 0.4574, 0.4574, 0.3534, 0.2922, 0.2922, 0.3534, 0.2786, 0.5398, 0.5398, 0.2786, 0.4574, 0.4574, 0.4574, 0.4574, 0.4574, 0.4574, 0.3534, 0.5705, 0.5705, 0.3534, 0.3534, 0.5705, 0.5705, 0.3534, 0.3534, 0.5705, 0.5705, 0.3534, 0.3534, 0.5705, 0.5705, 0.3534, 0.3534, 0.5705, 0.5705, 0.3534, 0.3534, 0.5705, 0.5705, 0.3534, 0.3534, 0.5705, 0.5705, 0.3534, 0.3534, 0.5705, 0.5705, 0.3534, 0.3534, 0.5705, 0.5705, 0.3534, 0.3534, 0.5705, 0.5705, 0.3534, 0.3534, 0.5705, 0.5705, 0.3534, 0.3534, 0.5705, 0.5705, 0.3534, 0.3534, 0.5705, 0.5705, 0.3534, 0.3534, 0.5705, 0.5705, 0.3534, 0.3534, 0.5705, 0.5705, 0.3534, 0.3534, 0.5705, 0.5705, 0.3534, 0.3534, 0.5705, 0.5705, 0.3534, 0.3534, 0.5705, 0.5705, 0.3534, 0.3534, 0.5705, 0.5705, 0.3534, 0.3534, 0.5705, 0.5705, 0.3534, 0.3534, 0.5705, 0.5705, 0.3534, 0.3534, 0.5705, 0.5705, 0.3534, 0.3534, 0.5705, 0.5705, 0.3534, 0.3534, 0.5705, 0.5705, 0.3534, 0.3534, 0.5705, 0.5705, 0.3534, 0.3534, 0.5705, 0.5705, 0.3534, 0.3534, 0.5705, 0.5705, 0.3534, 0.3534, 0.5705, 0.5705, 0.3534, 0.3534, 0.5705, 0.5705, 0.3534, 0.3534, 0.5705, 0.5705, 0.3534, 0.2786, 0.5398, 0.5398, 0.2786, 0.3752, 0.3752, 0.3752, 0.3752, 0.3752, 0.3752, 0.4574, 0.4574, 0.4574, 0.4574, 0.4574, 0.4574, 0.2786, 0.2786, 0.3752, 0.3752]","[36.633, 0.0, 0.0, 33.3138, 33.3138, 0.0, 0.0, 33.3138, 33.3138, 0.0, 0.0, 33.3138, 33.3138, 0.0, 0.0, 33.3138, 33.3138, 0.0, 0.0, 33.3138, 33.3138, 0.0, 0.0, 33.5072, 33.5072, 0.0, 0.0, 33.5072, 33.5072, 0.0, 37.1089, 0.0, 36.633, 0.0, 0.0, 33.5072, 33.5072, 0.0, 0.0, 34.7838, 34.7838, 0.0, 35.0282, 0.0, 37.1089, 0.0, 0.0, 34.7838, 34.7838, 0.0, 0.0, 33.3138, 33.3138, 0.0, 35.0282, 0.0, 35.0282, 0.0, 0.0, 33.5072, 33.5072, 0.0, 0.0, 33.3138, 33.3138, 0.0, 0.0, 33.6704, 33.6704, 0.0, 36.633, 0.0, 0.0, 34.7838, 34.7838, 0.0, 0.0, 34.7838, 34.7838, 0.0, 0.0, 34.7838, 34.7838, 0.0, 0.0, 33.5072, 33.5072, 0.0, 0.0, 33.3138, 33.3138, 0.0, 0.0, 34.7838, 34.7838, 0.0, 36.633, 0.0, 43.5972, 0.0, 36.633, 0.0, 37.1089, 0.0, 0.0, 33.5072, 33.5072, 0.0, 35.0282, 0.0, 0.0, 34.7838, 34.7838, 0.0, 36.633, 0.0, 35.0282, 0.0, 36.633, 0.0, 0.0, 33.3138, 33.3138, 0.0, 36.633, 0.0, 0.0, 33.3138, 33.3138, 0.0, 0.0, 33.6704, 33.6704, 0.0, 0.0, 33.6704, 33.6704, 0.0, 0.0, 33.6704, 33.6704, 0.0, 0.0, 33.6704, 33.6704, 0.0, 0.0, 33.6704, 33.6704, 0.0, 0.0, 33.6704, 33.6704, 0.0, 37.2509, 0.0, 37.2509, 0.0, 37.2509, 0.0, 37.2509, 0.0, 37.2509, 0.0, 37.2509, 0.0, 37.2509, 0.0, 37.2509, 0.0, 37.2509, 0.0, 37.2509, 0.0, 37.2509, 0.0, 37.2509, 0.0, 37.2509, 0.0, 37.2509, 0.0, 37.2509, 0.0, 37.2509, 0.0, 37.2509, 0.0, 37.2509, 0.0, 0.0, 37.9471, 37.9471, 0.0, 0.0, 37.9471, 37.9471, 0.0, 0.0, 37.9471, 37.9471, 0.0, 0.0, 37.9471, 37.9471, 0.0, 0.0, 37.9471, 37.9471, 0.0, 0.0, 33.5072, 33.5072, 0.0, 0.0, 33.5072, 33.5072, 0.0, 0.0, 33.5072, 33.5072, 0.0, 0.0, 33.5072, 33.5072, 0.0, 0.0, 33.5072, 33.5072, 0.0, 0.0, 33.5072, 33.5072, 0.0, 0.0, 33.5072, 33.5072, 0.0, 0.0, 33.3138, 33.3138, 0.0, 43.5972, 0.0, 0.0, 33.5072, 33.5072, 0.0, 0.0, 33.3138, 33.3138, 0.0, 35.0282, 0.0, 35.0282, 0.0, 35.0282, 0.0, 36.633, 0.0, 0.0, 33.5072, 33.5072, 0.0, 36.633, 0.0, 0.0, 33.3138, 33.3138, 0.0, 0.0, 33.5072, 33.5072, 0.0, 0.0, 33.3138, 33.3138, 0.0, 0.0, 33.6704, 33.6704, 0.0, 0.0, 33.6704, 33.6704, 0.0, 0.0, 33.6704, 33.6704, 0.0, 0.0, 33.6704, 33.6704, 0.0, 36.2777, 0.0, 36.2777, 0.0, 36.2777, 0.0, 36.2777, 0.0, 36.2777, 0.0, 36.2777, 0.0, 36.2777, 0.0, 36.2777, 0.0, 36.2777, 0.0, 38.0564, 0.0, 38.0564, 0.0, 38.0564, 0.0, 0.0, 33.5776, 33.5776, 0.0, 0.0, 33.5776, 33.5776, 0.0, 0.0, 33.5776, 33.5776, 0.0, 0.0, 33.5776, 33.5776, 0.0, 0.0, 33.5776, 33.5776, 0.0, 0.0, 33.5776, 33.5776, 0.0, 0.0, 33.5776, 33.5776, 0.0, 0.0, 33.5776, 33.5776, 0.0, 0.0, 33.5776, 33.5776, 0.0, 35.0282, 0.0, 0.0, 33.3138, 33.3138, 0.0, 38.0564, 0.0, 36.633, 0.0, 0.0, 33.3138, 33.3138, 0.0, 35.0282, 0.0, 0.0, 33.5072, 33.5072, 0.0, 38.0564, 0.0, 0.0, 33.6704, 33.6704, 0.0, 35.0282, 0.0, 37.2509, 0.0, 0.0, 33.3138, 33.3138, 0.0, 37.1089, 0.0, 0.0, 37.9471, 37.9471, 0.0, 0.0, 33.3138, 33.3138, 0.0, 0.0, 33.6704, 33.6704, 0.0, 0.0, 33.5072, 33.5072, 0.0, 0.0, 33.5776, 33.5776, 0.0, 0.0, 33.3138, 33.3138, 0.0, 0.0, 33.3138, 33.3138, 0.0, 0.0, 33.5072, 33.5072, 0.0, 36.633, 0.0, 35.0282, 0.0, 36.633, 0.0, 35.0282, 0.0, 37.1089, 0.0, 37.2509, 0.0, 0.0, 33.3138, 33.3138, 0.0, 0.0, 33.3138, 33.3138, 0.0, 0.0, 33.5072, 33.5072, 0.0, 0.0, 33.3138, 33.3138, 0.0, 0.0, 33.5776, 33.5776, 0.0, 0.0, 33.5776, 33.5776, 0.0, 0.0, 31.211, 31.211, 0.0, 37.1089, 0.0, 0.0, 33.5776, 33.5776, 0.0, 0.0, 33.3138, 33.3138, 0.0, 0.0, 33.3138, 33.3138, 0.0, 35.0282, 0.0, 0.0, 33.5776, 33.5776, 0.0, 0.0, 34.7838, 34.7838, 0.0, 35.0282, 0.0, 35.0282, 0.0, 35.0282, 0.0, 0.0, 31.211, 31.211, 0.0, 0.0, 31.211, 31.211, 0.0, 0.0, 31.211, 31.211, 0.0, 0.0, 31.211, 31.211, 0.0, 0.0, 31.211, 31.211, 0.0, 0.0, 31.211, 31.211, 0.0, 0.0, 31.211, 31.211, 0.0, 0.0, 31.211, 31.211, 0.0, 0.0, 31.211, 31.211, 0.0, 0.0, 31.211, 31.211, 0.0, 0.0, 31.211, 31.211, 0.0, 0.0, 31.211, 31.211, 0.0, 0.0, 31.211, 31.211, 0.0, 0.0, 31.211, 31.211, 0.0, 0.0, 31.211, 31.211, 0.0, 0.0, 31.211, 31.211, 0.0, 0.0, 31.211, 31.211, 0.0, 0.0, 31.211, 31.211, 0.0, 0.0, 31.211, 31.211, 0.0, 0.0, 31.211, 31.211, 0.0, 0.0, 31.211, 31.211, 0.0, 0.0, 31.211, 31.211, 0.0, 0.0, 31.211, 31.211, 0.0, 0.0, 31.211, 31.211, 0.0, 0.0, 31.211, 31.211, 0.0, 0.0, 31.211, 31.211, 0.0, 0.0, 31.211, 31.211, 0.0, 0.0, 31.211, 31.211, 0.0, 0.0, 31.211, 31.211, 0.0, 0.0, 31.211, 31.211, 0.0, 0.0, 34.7838, 34.7838, 0.0, 37.1089, 0.0, 37.1089, 0.0, 37.1089, 0.0, 35.0282, 0.0, 35.0282, 0.0, 35.0282, 0.0, 43.5972, 0.0, 37.1089, 0.0]",success,
0.5,0.25,1.3,15,282,2.1147,"[7, 12, 7, 0, 7, 12, 7, 0, 7, 12, 7, 0, 6, 5, 6, 0, 6, 0, 6, 5, 6, 0, 6, 0, 6, 2, 6, 0, 7, 14, 7, 0, 6, 2, 6, 0, 7, 14, 7, 0, 6, 5, 6, 0, 6, 2, 6, 0, 7, 10, 7, 0, 7, 10, 7, 0, 7, 12, 7, 0, 3, 11, 3, 0, 13, 0, 4, 0, 3, 11, 3, 0, 3, 9, 3, 0, 7, 10, 7, 0, 6, 5, 6, 0, 6, 2, 6, 0, 4, 0, 7, 14, 7, 0, 7, 12, 7, 0, 3, 11, 3, 0, 7, 12, 7, 0, 7, 14, 7, 0, 7, 12, 7, 0, 6, 5, 6, 0, 7, 12, 7, 0, 1, 0, 6, 5, 6, 0, 1, 0, 7, 10, 7, 0, 6, 2, 6, 0, 6, 2, 6, 0, 6, 5, 6, 0, 3, 11, 3, 0, 1, 0, 1, 0, 1, 0, 8, 0, 8, 0, 6, 5, 6, 0, 8, 0, 8, 0, 8, 0, 13, 0, 3, 11, 3, 0, 13, 0, 13, 0, 13, 0, 13, 0, 13, 0, 13, 0, 13, 0, 13, 0, 13, 0, 4, 0, 7, 10, 7, 0, 7, 14, 7, 0, 7, 12, 7, 0, 3, 11, 3, 0, 3, 11, 3, 0, 7, 12, 7, 0, 4, 0, 7, 10, 7, 0, 7, 10, 7, 0, 6, 2, 6, 0, 3, 11, 3, 0, 6, 2, 6, 0, 6, 5, 6, 0, 7, 12, 7, 0, 7, 14, 7, 0, 3, 0, 7, 12, 7, 0, 3, 11, 3, 0, 7, 12, 7, 0, 7, 14, 7, 0, 7, 12, 7, 0, 7, 10, 7, 0, 3, 11, 3, 0, 8, 0, 7, 10, 7, 0, 6, 5, 6, 0, 3, 11, 3, 0, 7, 10, 7, 0, 7, 14, 7, 0, 6, 0, 4, 0, 4, 0, 7, 10, 7, 0, 13, 0, 7, 14, 7, 0, 6, 2, 6, 0, 6, 0, 4, 0, 7, 12, 7, 0, 6, 2, 6, 0, 7, 14, 7, 0, 7, 12, 7, 0, 4, 0, 7, 12, 7, 0, 6, 2, 6, 0, 7, 10, 7, 0, 3, 9, 3, 0, 6, 5, 6, 0, 3, 9, 3, 0, 7, 14, 7, 0, 3, 11, 3, 0, 6, 2, 6, 0, 6, 2, 6, 0, 6, 2, 6, 0, 6, 5, 6, 0, 7, 14, 7, 0, 3, 0, 3, 11, 3, 0, 6, 2, 6, 0, 6, 5, 6, 0, 7, 10, 7, 0, 7, 14, 7, 0, 6, 5, 6, 0, 7, 10, 7, 0, 7, 10, 7, 0, 6, 5, 6, 0, 6, 2, 6, 0, 7, 12, 7, 0, 7, 12, 7, 0, 6, 2, 6, 0, 7, 12, 7, 0, 6, 0, 7, 0, 7, 10, 7, 0, 6, 2, 6, 0, 6, 2, 6, 0, 6, 5, 6, 0, 7, 10, 7, 0, 3, 9, 3, 0, 7, 10, 7, 0, 6, 5, 6, 0, 3, 9, 3, 0, 6, 2, 6, 0, 3, 0, 3, 9, 3, 0, 7, 10, 7, 0, 3, 0, 3, 9, 3, 0, 6, 5, 6, 0, 13, 0, 13, 0, 13, 0, 13, 0, 7, 12, 7, 0, 4, 0, 3, 11, 3, 0, 6, 2, 6, 0, 13, 0, 13, 0, 8, 0, 8, 0, 8, 0, 8, 0, 8, 0, 8, 0, 8, 0, 8, 0, 8, 0, 8, 0, 8, 0, 8, 0, 8, 0, 1, 0, 1, 0, 7, 12, 7, 0, 7, 12, 7, 0, 7, 12, 7, 0, 7, 0, 6, 2, 6, 0, 4, 0, 4, 0, 6, 2, 6, 0, 6, 2, 6, 0, 6, 2, 6, 0, 4, 0, 7, 12, 7, 0, 7, 12, 7, 0, 3, 11, 3, 0, 7, 12, 7, 0, 3, 0, 3, 11, 3, 0, 3, 0, 6, 2, 6, 0, 6, 0, 6, 2, 6, 0, 1, 0, 1, 0, 1, 0, 1, 0, 1, 0, 1, 0, 1, 0, 1, 0, 1, 0, 1, 0, 1, 0, 1, 0, 1, 0, 1, 0, 1, 0, 1, 0, 1, 0, 1, 0, 1, 0, 1, 0, 3, 11, 3, 0, 7, 10, 7, 0, 13, 0, 13, 0, 13, 0, 13, 0, 4, 0, 6, 2, 6, 0, 3, 9, 3, 0, 3, 11, 3, 0, 6, 0, 7, 10, 7, 0, 3, 0, 13, 0, 7, 10, 7, 0, 6, 2, 6, 0, 6, 2, 6, 0, 6, 2, 6, 0, 7, 10, 7, 0, 13, 0, 7, 12, 7, 0, 7, 12, 7, 0, 6, 2, 6, 0, 4, 0, 7, 12, 7, 0, 7, 12, 7, 0, 6, 5, 6, 0, 3, 0, 13, 0, 7, 0, 7, 10, 7, 0, 6, 5, 6, 0, 6, 2, 6, 0, 6, 2, 6, 0, 6, 5, 6, 0, 1, 0, 7, 14, 7, 0, 1, 0, 7, 10, 7, 0, 7, 12, 7, 0, 13, 0, 7, 10, 7, 0, 7, 0, 13, 0, 6, 2, 6, 0, 7, 10, 7, 0, 3, 0, 3, 0, 6, 2, 6, 0, 1, 0, 7, 12, 7, 0, 7, 12, 7, 0, 13, 0, 6, 2, 6, 0, 6, 2, 6, 0, 7, 12, 7, 0, 3, 0, 3, 9, 3, 0, 7, 10, 7, 0, 6, 2, 6, 0, 6, 2, 6, 0, 7, 12, 7, 0, 3, 0, 7, 10, 7, 0, 3, 11, 3, 0]","[0.3366, 0.3366, 0.2786, 0.2786, 0.3366, 0.3366, 0.2786, 0.2786, 0.3366, 0.3366, 0.2786, 0.3534, 0.2922, 0.2922, 0.3534, 0.3534, 0.3534, 0.3534, 0.2922, 0.2922, 0.3534, 0.3534, 0.3534, 0.3534, 0.5705, 0.5705, 0.3534, 0.2786, 0.5398, 0.5398, 0.2786, 0.3534, 0.5705, 0.5705, 0.3534, 0.2786, 0.5398, 0.5398, 0.2786, 0.3534, 0.2922, 0.2922, 0.3534, 0.3534, 0.5705, 0.5705, 0.3534, 0.2786, 0.3394, 0.3394, 0.2786, 0.2786, 0.3394, 0.3394, 0.2786, 0.2786, 0.3366, 0.3366, 0.2786, 0.3873, 0.2353, 0.2353, 0.3873, 0.4574, 0.4574, 0.3752, 0.3752, 0.3873, 0.2353, 0.2353, 0.3873, 0.3873, 0.1681, 0.1681, 0.3873, 0.2786, 0.3394, 0.3394, 0.2786, 0.3534, 0.2922, 0.2922, 0.3534, 0.3534, 0.5705, 0.5705, 0.3534, 0.3752, 0.3752, 0.2786, 0.5398, 0.5398, 0.2786, 0.2786, 0.3366, 0.3366, 0.2786, 0.3873, 0.2353, 0.2353, 0.3873, 0.2786, 0.3366, 0.3366, 0.2786, 0.2786, 0.5398, 0.5398, 0.2786, 0.2786, 0.3366, 0.3366, 0.2786, 0.3534, 0.2922, 0.2922, 0.3534, 0.2786, 0.3366, 0.3366, 0.2786, 0.4093, 0.4093, 0.3534, 0.2922, 0.2922, 0.3534, 0.4093, 0.4093, 0.2786, 0.3394, 0.3394, 0.2786, 0.3534, 0.5705, 0.5705, 0.3534, 0.3534, 0.5705, 0.5705, 0.3534, 0.3534, 0.2922, 0.2922, 0.3534, 0.3873, 0.2353, 0.2353, 0.3873, 0.4093, 0.4093, 0.4093, 0.4093, 0.4093, 0.4093, 0.4396, 0.4396, 0.4396, 0.4396, 0.3534, 0.2922, 0.2922, 0.3534, 0.4396, 0.4396, 0.4396, 0.4396, 0.4396, 0.4396, 0.4574, 0.4574, 0.3873, 0.2353, 0.2353, 0.3873, 0.4574, 0.4574, 0.4574, 0.4574, 0.4574, 0.4574, 0.4574, 0.4574, 0.4574, 0.4574, 0.4574, 0.4574, 0.4574, 0.4574, 0.4574, 0.4574, 0.4574, 0.4574, 0.3752, 0.3752, 0.2786, 0.3394, 0.3394, 0.2786, 0.2786, 0.5398, 0.5398, 0.2786, 0.2786, 0.3366, 0.3366, 0.2786, 0.3873, 0.2353, 0.2353, 0.3873, 0.3873, 0.2353, 0.2353, 0.3873, 0.2786, 0.3366, 0.3366, 0.2786, 0.3752, 0.3752, 0.2786, 0.3394, 0.3394, 0.2786, 0.2786, 0.3394, 0.3394, 0.2786, 0.3534, 0.5705, 0.5705, 0.3534, 0.3873, 0.2353, 0.2353, 0.3873, 0.3534, 0.5705, 0.5705, 0.3534, 0.3534, 0.2922, 0.2922, 0.3534, 0.2786, 0.3366, 0.3366, 0.2786, 0.2786, 0.5398, 0.5398, 0.2786, 0.3873, 0.3873, 0.2786, 0.3366, 0.3366, 0.2786, 0.3873, 0.2353, 0.2353, 0.3873, 0.2786, 0.3366, 0.3366, 0.2786, 0.2786, 0.5398, 0.5398, 0.2786, 0.2786, 0.3366, 0.3366, 0.2786, 0.2786, 0.3394, 0.3394, 0.2786, 0.3873, 0.2353, 0.2353, 0.3873, 0.4396, 0.4396, 0.2786, 0.3394, 0.3394, 0.2786, 0.3534, 0.2922, 0.2922, 0.3534, 0.3873, 0.2353, 0.2353, 0.3873, 0.2786, 0.3394, 0.3394, 0.2786, 0.2786, 0.5398, 0.5398, 0.2786, 0.3534, 0.3534, 0.3752, 0.3752, 0.3752, 0.3752, 0.2786, 0.3394, 0.3394, 0.2786, 0.4574, 0.4574, 0.2786, 0.5398, 0.5398, 0.2786, 0.3534, 0.5705, 0.5705, 0.3534, 0.3534, 0.3534, 0.3752, 0.3752, 0.2786, 0.3366, 0.3366, 0.2786, 0.3534, 0.5705, 0.5705, 0.3534, 0.2786, 0.5398, 0.5398, 0.2786, 0.2786, 0.3366, 0.3366, 0.2786, 0.3752, 0.3752, 0.2786, 0.3366, 0.3366, 0.2786, 0.3534, 0.5705, 0.5705, 0.3534, 0.2786, 0.3394, 0.3394, 0.2786, 0.3873, 0.1681, 0.1681, 0.3873, 0.3534, 0.2922, 0.2922, 0.3534, 0.3873, 0.1681, 0.1681, 0.3873, 0.2786, 0.5398, 0.5398, 0.2786, 0.3873, 0.2353, 0.2353, 0.3873, 0.3534, 0.5705, 0.5705, 0.3534, 0.3534, 0.5705, 0.5705, 0.3534, 0.3534, 0.5705, 0.5705, 0.3534, 0.3534, 0.2922, 0.2922, 0.3534, 0.2786, 0.5398, 0.5398, 0.2786, 0.3873, 0.3873, 0.3873, 0.2353, 0.2353, 0.3873, 0.3534, 0.5705, 0.5705, 0.3534, 0.3534, 0.2922, 0.2922, 0.3534, 0.2786, 0.3394, 0.3394, 0.2786, 0.2786, 0.5398, 0.5398, 0.2786, 0.3534, 0.2922, 0.2922, 0.3534, 0.2786, 0.3394, 0.3394, 0.2786, 0.2786, 0.3394, 0.3394, 0.2786, 0.3534, 0.2922, 0.2922, 0.3534, 0.3534, 0.5705, 0.5705, 0.3534, 0.2786, 0.3366, 0.3366, 0.2786, 0.2786, 0.3366, 0.3366, 0.2786, 0.3534, 0.5705, 0.5705, 0.3534, 0.2786, 0.3366, 0.3366, 0.2786, 0.3534, 0.3534, 0.2786, 0.2786, 0.2786, 0.3394, 0.3394, 0.2786, 0.3534, 0.5705, 0.5705, 0.3534, 0.3534, 0.5705, 0.5705, 0.3534, 0.3534, 0.2922, 0.2922, 0.3534, 0.2786, 0.3394, 0.3394, 0.2786, 0.3873, 0.1681, 0.1681, 0.3873, 0.2786, 0.3394, 0.3394, 0.2786, 0.3534, 0.2922, 0.2922, 0.3534, 0.3873, 0.1681, 0.1681, 0.3873, 0.3534, 0.5705, 0.5705, 0.3534, 0.3873, 0.3873, 0.3873, 0.1681, 0.1681, 0.3873, 0.2786, 0.3394, 0.3394, 0.2786, 0.3873, 0.3873, 0.3873, 0.1681, 0.1681, 0.3873, 0.3534, 0.2922, 0.2922, 0.3534, 0.4574, 0.4574, 0.4574, 0.4574, 0.4574, 0.4574, 0.4574, 0.4574, 0.2786, 0.3366, 0.3366, 0.2786, 0.3752, 0.3752, 0.3873, 0.2353, 0.2353, 0.3873, 0.3534, 0.5705, 0.5705, 0.3534, 0.4574, 0.4574, 0.4574, 0.4574, 0.4396, 0.4396, 0.4396, 0.4396, 0.4396, 0.4396, 0.4396, 0.4396, 0.4396, 0.4396, 0.4396, 0.4396, 0.4396, 0.4396, 0.4396, 0.4396, 0.4396, 0.4396, 0.4396, 0.4396, 0.4396, 0.4396, 0.4396, 0.4396, 0.4396, 0.4396, 0.4093, 0.4093, 0.4093, 0.4093, 0.2786, 0.3366, 0.3366, 0.2786, 0.2786, 0.3366, 0.3366, 0.2786, 0.2786, 0.3366, 0.3366, 0.2786, 0.2786, 0.2786, 0.3534, 0.5705, 0.5705, 0.3534, 0.3752, 0.3752, 0.3752, 0.3752, 0.3534, 0.5705, 0.5705, 0.3534, 0.3534, 0.5705, 0.5705, 0.3534, 0.3534, 0.5705, 0.5705, 0.3534, 0.3752, 0.3752, 0.2786, 0.3366, 0.3366, 0.2786, 0.2786, 0.3366, 0.3366, 0.2786, 0.3873, 0.2353, 0.2353, 0.3873, 0.2786, 0.3366, 0.3366, 0.2786, 0.3873, 0.3873, 0.3873, 0.2353, 0.2353, 0.3873, 0.3873, 0.3873, 0.3534, 0.5705, 0.5705, 0.3534, 0.3534, 0.3534, 0.3534, 0.5705, 0.5705, 0.3534, 0.4093, 0.4093, 0.4093, 0.4093, 0.4093, 0.4093, 0.4093, 0.4093, 0.4093, 0.4093, 0.4093, 0.4093, 0.4093, 0.4093, 0.4093, 0.4093, 0.4093, 0.4093, 0.4093, 0.4093, 0.4093, 0.4093, 0.4093, 0.4093, 0.4093, 0.4093, 0.4093, 0.4093, 0.4093, 0.4093, 0.4093, 0.4093, 0.4093, 0.4093, 0.4093, 0.4093, 0.4093, 0.4093, 0.4093, 0.4093, 0.3873, 0.2353, 0.2353, 0.3873, 0.2786, 0.3394, 0.3394, 0.2786, 0.4574, 0.4574, 0.4574, 0.4574, 0.4574, 0.4574, 0.4574, 0.4574, 0.3752, 0.3752, 0.3534, 0.5705, 0.5705, 0.3534, 0.3873, 0.1681, 0.1681, 0.3873, 0.3873, 0.2353, 0.2353, 0.3873, 0.3534, 0.3534, 0.2786, 0.3394, 0.3394, 0.2786, 0.3873, 0.3873, 0.4574, 0.4574, 0.2786, 0.3394, 0.3394, 0.2786, 0.3534, 0.5705, 0.5705, 0.3534, 0.3534, 0.5705, 0.5705, 0.3534, 0.3534, 0.5705, 0.5705, 0.3534, 0.2786, 0.3394, 0.3394, 0.2786, 0.4574, 0.4574, 0.2786, 0.3366, 0.3366, 0.2786, 0.2786, 0.3366, 0.3366, 0.2786, 0.3534, 0.5705, 0.5705, 0.3534, 0.3752, 0.3752, 0.2786, 0.3366, 0.3366, 0.2786, 0.2786, 0.3366, 0.3366, 0.2786, 0.3534, 0.2922, 0.2922, 0.3534, 0.3873, 0.3873, 0.4574, 0.4574, 0.2786, 0.2786, 0.2786, 0.3394, 0.3394, 0.2786, 0.3534, 0.2922, 0.2922, 0.3534, 0.3534, 0.5705, 0.5705, 0.3534, 0.3534, 0.5705, 0.5705, 0.3534, 0.3534, 0.2922, 0.2922, 0.3534, 0.4093, 0.4093, 0.2786, 0.5398, 0.5398, 0.2786, 0.4093, 0.4093, 0.2786, 0.3394, 0.3394, 0.2786, 0.2786, 0.3366, 0.3366, 0.2786, 0.4574, 0.4574, 0.2786, 0.3394, 0.3394, 0.2786, 0.2786, 0.2786, 0.4574, 0.4574, 0.3534, 0.5705, 0.5705, 0.3534, 0.2786, 0.3394, 0.3394, 0.2786, 0.3873, 0.3873, 0.3873, 0.3873, 0.3534, 0.5705, 0.5705, 0.3534, 0.4093, 0.4093, 0.2786, 0.3366, 0.3366, 0.2786, 0.2786, 0.3366, 0.3366, 0.2786, 0.4574, 0.4574, 0.3534, 0.5705, 0.5705, 0.3534, 0.3534, 0.5705, 0.5705, 0.3534, 0.2786, 0.3366, 0.3366, 0.2786, 0.3873, 0.3873, 0.3873, 0.1681, 0.1681, 0.3873, 0.2786, 0.3394, 0.3394, 0.2786, 0.3534, 0.5705, 0.5705, 0.3534, 0.3534, 0.5705, 0.5705, 0.3534, 0.2786, 0.3366, 0.3366, 0.2786, 0.3873, 0.3873, 0.2786, 0.3394, 0.3394, 0.2786, 0.3873, 0.2353, 0.2353, 0.3873]","[0.0, 23.1346, 23.1346, 0.0, 0.0, 23.1346, 23.1346, 0.0, 0.0, 23.1346, 23.1346, 0.0, 0.0, 22.3851, 22.3851, 0.0, 27.1831, 0.0, 0.0, 22.3851, 22.3851, 0.0, 27.1831, 0.0, 0.0, 24.1886, 24.1886, 0.0, 0.0, 22.361, 22.361, 0.0, 0.0, 24.1886, 24.1886, 0.0, 0.0, 22.361, 22.361, 0.0, 0.0, 22.3851, 22.3851, 0.0, 0.0, 24.1886, 24.1886, 0.0, 0.0, 23.1084, 23.1084, 0.0, 0.0, 23.1084, 23.1084, 0.0, 0.0, 23.1346, 23.1346, 0.0, 0.0, 23.0376, 23.0376, 0.0, 25.0202, 0.0, 26.5064, 0.0, 0.0, 23.0376, 23.0376, 0.0, 0.0, 25.298, 25.298, 0.0, 0.0, 23.1084, 23.1084, 0.0, 0.0, 22.3851, 22.3851, 0.0, 0.0, 24.1886, 24.1886, 0.0, 26.5064, 0.0, 0.0, 22.361, 22.361, 0.0, 0.0, 23.1346, 23.1346, 0.0, 0.0, 23.0376, 23.0376, 0.0, 0.0, 23.1346, 23.1346, 0.0, 0.0, 22.361, 22.361, 0.0, 0.0, 23.1346, 23.1346, 0.0, 0.0, 22.3851, 22.3851, 0.0, 0.0, 23.1346, 23.1346, 0.0, 24.8339, 0.0, 0.0, 22.3851, 22.3851, 0.0, 24.8339, 0.0, 0.0, 23.1084, 23.1084, 0.0, 0.0, 24.1886, 24.1886, 0.0, 0.0, 24.1886, 24.1886, 0.0, 0.0, 22.3851, 22.3851, 0.0, 0.0, 23.0376, 23.0376, 0.0, 24.8339, 0.0, 24.8339, 0.0, 24.8339, 0.0, 25.0647, 0.0, 25.0647, 0.0, 0.0, 22.3851, 22.3851, 0.0, 25.0647, 0.0, 25.0647, 0.0, 25.0647, 0.0, 25.0202, 0.0, 0.0, 23.0376, 23.0376, 0.0, 25.0202, 0.0, 25.0202, 0.0, 25.0202, 0.0, 25.0202, 0.0, 25.0202, 0.0, 25.0202, 0.0, 25.0202, 0.0, 25.0202, 0.0, 25.0202, 0.0, 26.5064, 0.0, 0.0, 23.1084, 23.1084, 0.0, 0.0, 22.361, 22.361, 0.0, 0.0, 23.1346, 23.1346, 0.0, 0.0, 23.0376, 23.0376, 0.0, 0.0, 23.0376, 23.0376, 0.0, 0.0, 23.1346, 23.1346, 0.0, 26.5064, 0.0, 0.0, 23.1084, 23.1084, 0.0, 0.0, 23.1084, 23.1084, 0.0, 0.0, 24.1886, 24.1886, 0.0, 0.0, 23.0376, 23.0376, 0.0, 0.0, 24.1886, 24.1886, 0.0, 0.0, 22.3851, 22.3851, 0.0, 0.0, 23.1346, 23.1346, 0.0, 0.0, 22.361, 22.361, 0.0, 27.2083, 0.0, 0.0, 23.1346, 23.1346, 0.0, 0.0, 23.0376, 23.0376, 0.0, 0.0, 23.1346, 23.1346, 0.0, 0.0, 22.361, 22.361, 0.0, 0.0, 23.1346, 23.1346, 0.0, 0.0, 23.1084, 23.1084, 0.0, 0.0, 23.0376, 23.0376, 0.0, 25.0647, 0.0, 0.0, 23.1084, 23.1084, 0.0, 0.0, 22.3851, 22.3851, 0.0, 0.0, 23.0376, 23.0376, 0.0, 0.0, 23.1084, 23.1084, 0.0, 0.0, 22.361, 22.361, 0.0, 27.1831, 0.0, 26.5064, 0.0, 26.5064, 0.0, 0.0, 23.1084, 23.1084, 0.0, 25.0202, 0.0, 0.0, 22.361, 22.361, 0.0, 0.0, 24.1886, 24.1886, 0.0, 27.1831, 0.0, 26.5064, 0.0, 0.0, 23.1346, 23.1346, 0.0, 0.0, 24.1886, 24.1886, 0.0, 0.0, 22.361, 22.361, 0.0, 0.0, 23.1346, 23.1346, 0.0, 26.5064, 0.0, 0.0, 23.1346, 23.1346, 0.0, 0.0, 24.1886, 24.1886, 0.0, 0.0, 23.1084, 23.1084, 0.0, 0.0, 25.298, 25.298, 0.0, 0.0, 22.3851, 22.3851, 0.0, 0.0, 25.298, 25.298, 0.0, 0.0, 22.361, 22.361, 0.0, 0.0, 23.0376, 23.0376, 0.0, 0.0, 24.1886, 24.1886, 0.0, 0.0, 24.1886, 24.1886, 0.0, 0.0, 24.1886, 24.1886, 0.0, 0.0, 22.3851, 22.3851, 0.0, 0.0, 22.361, 22.361, 0.0, 27.2083, 0.0, 0.0, 23.0376, 23.0376, 0.0, 0.0, 24.1886, 24.1886, 0.0, 0.0, 22.3851, 22.3851, 0.0, 0.0, 23.1084, 23.1084, 0.0, 0.0, 22.361, 22.361, 0.0, 0.0, 22.3851, 22.3851, 0.0, 0.0, 23.1084, 23.1084, 0.0, 0.0, 23.1084, 23.1084, 0.0, 0.0, 22.3851, 22.3851, 0.0, 0.0, 24.1886, 24.1886, 0.0, 0.0, 23.1346, 23.1346, 0.0, 0.0, 23.1346, 23.1346, 0.0, 0.0, 24.1886, 24.1886, 0.0, 0.0, 23.1346, 23.1346, 0.0, 27.1831, 0.0, 32.6979, 0.0, 0.0, 23.1084, 23.1084, 0.0, 0.0, 24.1886, 24.1886, 0.0, 0.0, 24.1886, 24.1886, 0.0, 0.0, 22.3851, 22.3851, 0.0, 0.0, 23.1084, 23.1084, 0.0, 0.0, 25.298, 25.298, 0.0, 0.0, 23.1084, 23.1084, 0.0, 0.0, 22.3851, 22.3851, 0.0, 0.0, 25.298, 25.298, 0.0, 0.0, 24.1886, 24.1886, 0.0, 27.2083, 0.0, 0.0, 25.298, 25.298, 0.0, 0.0, 23.1084, 23.1084, 0.0, 27.2083, 0.0, 0.0, 25.298, 25.298, 0.0, 0.0, 22.3851, 22.3851, 0.0, 25.0202, 0.0, 25.0202, 0.0, 25.0202, 0.0, 25.0202, 0.0, 0.0, 23.1346, 23.1346, 0.0, 26.5064, 0.0, 0.0, 23.0376, 23.0376, 0.0, 0.0, 24.1886, 24.1886, 0.0, 25.0202, 0.0, 25.0202, 0.0, 25.0647, 0.0, 25.0647, 0.0, 25.0647, 0.0, 25.0647, 0.0, 25.0647, 0.0, 25.0647, 0.0, 25.0647, 0.0, 25.0647, 0.0, 25.0647, 0.0, 25.0647, 0.0, 25.0647, 0.0, 25.0647, 0.0, 25.0647, 0.0, 24.8339, 0.0, 24.8339, 0.0, 0.0, 23.1346, 23.1346, 0.0, 0.0, 23.1346, 23.1346, 0.0, 0.0, 23.1346, 23.1346, 0.0, 32.6979, 0.0, 0.0, 24.1886, 24.1886, 0.0, 26.5064, 0.0, 26.5064, 0.0, 0.0, 24.1886, 24.1886, 0.0, 0.0, 24.1886, 24.1886, 0.0, 0.0, 24.1886, 24.1886, 0.0, 26.5064, 0.0, 0.0, 23.1346, 23.1346, 0.0, 0.0, 23.1346, 23.1346, 0.0, 0.0, 23.0376, 23.0376, 0.0, 0.0, 23.1346, 23.1346, 0.0, 27.2083, 0.0, 0.0, 23.0376, 23.0376, 0.0, 27.2083, 0.0, 0.0, 24.1886, 24.1886, 0.0, 27.1831, 0.0, 0.0, 24.1886, 24.1886, 0.0, 24.8339, 0.0, 24.8339, 0.0, 24.8339, 0.0, 24.8339, 0.0, 24.8339, 0.0, 24.8339, 0.0, 24.8339, 0.0, 24.8339, 0.0, 24.8339, 0.0, 24.8339, 0.0, 24.8339, 0.0, 24.8339, 0.0, 24.8339, 0.0, 24.8339, 0.0, 24.8339, 0.0, 24.8339, 0.0, 24.8339, 0.0, 24.8339, 0.0, 24.8339, 0.0, 24.8339, 0.0, 0.0, 23.0376, 23.0376, 0.0, 0.0, 23.1084, 23.1084, 0.0, 25.0202, 0.0, 25.0202, 0.0, 25.0202, 0.0, 25.0202, 0.0, 26.5064, 0.0, 0.0, 24.1886, 24.1886, 0.0, 0.0, 25.298, 25.298, 0.0, 0.0, 23.0376, 23.0376, 0.0, 27.1831, 0.0, 0.0, 23.1084, 23.1084, 0.0, 27.2083, 0.0, 25.0202, 0.0, 0.0, 23.1084, 23.1084, 0.0, 0.0, 24.1886, 24.1886, 0.0, 0.0, 24.1886, 24.1886, 0.0, 0.0, 24.1886, 24.1886, 0.0, 0.0, 23.1084, 23.1084, 0.0, 25.0202, 0.0, 0.0, 23.1346, 23.1346, 0.0, 0.0, 23.1346, 23.1346, 0.0, 0.0, 24.1886, 24.1886, 0.0, 26.5064, 0.0, 0.0, 23.1346, 23.1346, 0.0, 0.0, 23.1346, 23.1346, 0.0, 0.0, 22.3851, 22.3851, 0.0, 27.2083, 0.0, 25.0202, 0.0, 32.6979, 0.0, 0.0, 23.1084, 23.1084, 0.0, 0.0, 22.3851, 22.3851, 0.0, 0.0, 24.1886, 24.1886, 0.0, 0.0, 24.1886, 24.1886, 0.0, 0.0, 22.3851, 22.3851, 0.0, 24.8339, 0.0, 0.0, 22.361, 22.361, 0.0, 24.8339, 0.0, 0.0, 23.1084, 23.1084, 0.0, 0.0, 23.1346, 23.1346, 0.0, 25.0202, 0.0, 0.0, 23.1084, 23.1084, 0.0, 32.6979, 0.0, 25.0202, 0.0, 0.0, 24.1886, 24.1886, 0.0, 0.0, 23.1084, 23.1084, 0.0, 27.2083, 0.0, 27.2083, 0.0, 0.0, 24.1886, 24.1886, 0.0, 24.8339, 0.0, 0.0, 23.1346, 23.1346, 0.0, 0.0, 23.1346, 23.1346, 0.0, 25.0202, 0.0, 0.0, 24.1886, 24.1886, 0.0, 0.0, 24.1886, 24.1886, 0.0, 0.0, 23.1346, 23.1346, 0.0, 27.2083, 0.0, 0.0, 25.298, 25.298, 0.0, 0.0, 23.1084, 23.1084, 0.0, 0.0, 24.1886, 24.1886, 0.0, 0.0, 24.1886, 24.1886, 0.0, 0.0, 23.1346, 23.1346, 0.0, 27.2083, 0.0, 0.0, 23.1084, 23.1084, 0.0, 0.0, 23.0376, 23.0376, 0.0]",success,
0.5,1,1e-10,15,1,1.9118,"[8, 7, 14, 5, 2, 6, 3, 1, 11, 9, 10, 12, 13, 4, 0]","[0.1976, 0.5398, 0.326, 0.2809, 0.5705, 0.1229, 0.1318, 0.2256, 0.298, 0.2857, 0.1612, 0.3462, 0.5291, 0.3752]","[476.2292, 607.0208, 920.0751, 1390.1613, 2357.7036, 2547.9854, 2874.485, 3619.5024, 4057.2171, 4284.8996, 4955.0438, 5787.8893, 6488.4541, 6859.5434, 0.0]",success,
0.5,1,1e-05,15,1,1.9118,"[4, 13, 12, 10, 9, 11, 1, 3, 6, 2, 5, 14, 7, 8, 0]","[0.5291, 0.3462, 0.1612, 0.2857, 0.298, 0.2256, 0.1318, 0.1229, 0.5705, 0.2809, 0.326, 0.5398, 0.1976, 0.4396]","[371.0892, 1071.6541, 1904.4996, 2574.6438, 2802.3262, 3240.041, 3985.0584, 4311.5579, 4501.8398, 5469.382, 5939.4683, 6252.5226, 6383.3141, 6859.5434, 0.0]",success,
0.5,1,0.001,15,1,1.9078,"[8, 7, 14, 2, 5, 6, 3, 1, 11, 9, 10, 12, 13, 4, 0]","[0.1976, 0.5398, 0.6069, 0.2809, 0.2922, 0.1229, 0.1318, 0.2256, 0.298, 0.2857, 0.1612, 0.3462, 0.5291, 0.3752]","[476.2292, 607.0208, 920.0751, 1887.6173, 2357.7036, 2547.9854, 2874.485, 3619.5024, 4057.2171, 4284.8996, 4955.0438, 5787.8893, 6488.4541, 6859.5434, 0.0]",success,
0.5,1,0.1,15,3,1.6181,"[6, 3, 11, 1, 0, 9, 10, 12, 13, 8, 0, 7, 14, 5, 2, 4, 0]","[0.1229, 0.2353, 0.2256, 0.4093, 0.5554, 0.2857, 0.1612, 0.3462, 0.3826, 0.4396, 0.2786, 0.5398, 0.326, 0.2809, 0.8155, 0.3752]","[190.2819, 516.7814, 954.4962, 1699.5136, 0.0, 227.6824, 897.8266, 1730.6721, 2431.237, 2907.4662, 0.0, 130.7916, 443.8459, 913.9321, 1881.4743, 2252.5636, 0.0]",success,
0.5,1,0.5,15,9,1.2877,"[14, 5, 0, 10, 12, 0, 9, 3, 0, 8, 0, 6, 0, 4, 0, 11, 1, 0, 2, 0, 7, 13, 0]","[0.326, 0.6456, 0.618, 0.1612, 0.6151, 0.5554, 0.1681, 0.3873, 0.4396, 0.4396, 0.3534, 0.3534, 0.3752, 0.3752, 0.6227, 0.2256, 0.4093, 0.9239, 0.9239, 0.2786, 0.1849, 0.4574]","[313.0543, 783.1405, 0.0, 670.1442, 1502.9897, 0.0, 227.6824, 554.182, 0.0, 476.2292, 0.0, 190.2819, 0.0, 371.0892, 0.0, 437.7148, 1182.7322, 0.0, 967.5422, 0.0, 130.7916, 831.3564, 0.0]",success,
0.5,1,0.9,15,11,1.0526,"[11, 1, 0, 7, 0, 13, 0, 2, 5, 0, 9, 3, 0, 6, 0, 14, 0, 4, 0, 12, 0, 10, 0, 8, 0]","[0.2256, 0.4093, 0.2786, 0.2786, 0.4574, 0.4574, 0.9239, 0.2809, 0.6456, 0.5554, 0.1681, 0.3873, 0.3534, 0.3534, 0.8183, 0.8183, 0.3752, 0.3752, 0.6151, 0.6151, 0.618, 0.618, 0.4396, 0.4396]","[437.7148, 1182.7322, 0.0, 130.7916, 0.0, 700.5648, 0.0, 967.5422, 1437.6285, 0.0, 227.6824, 554.182, 0.0, 190.2819, 0.0, 313.0543, 0.0, 371.0892, 0.0, 832.8455, 0.0, 670.1442, 0.0, 476.2292, 0.0]",success,
0.5,1,1.0,15,11,1.0005,"[10, 0, 4, 0, 8, 0, 13, 0, 1, 0, 9, 3, 0, 12, 0, 2, 0, 14, 7, 0, 11, 0, 5, 6, 0]","[0.618, 0.3752, 0.3752, 0.4396, 0.4396, 0.4574, 0.4574, 0.4093, 0.4093, 0.5554, 0.1681, 0.3873, 0.6151, 0.6151, 0.9239, 0.9239, 0.8183, 0.5398, 0.2786, 0.6227, 0.6227, 0.6456, 0.2922, 0.3534]","[670.1442, 0.0, 371.0892, 0.0, 476.2292, 0.0, 700.5648, 0.0, 745.0174, 0.0, 227.6824, 554.182, 0.0, 832.8455, 0.0, 967.5422, 0.0, 313.0543, 443.8459, 0.0, 437.7148, 0.0, 470.0863, 660.3681, 0.0]",success,
0.5,1,1.1,15,364,1.3026,"[13, 0, 13, 0, 13, 0, 13, 0, 13, 0, 13, 0, 13, 0, 13, 0, 13, 0, 13, 0, 13, 0, 13, 0, 13, 0, 13, 0, 13, 0, 13, 0, 13, 0, 13, 0, 13, 0, 8, 0, 8, 0, 8, 0, 8, 0, 8, 0, 8, 0, 8, 0, 8, 0, 8, 0, 8, 0, 8, 0, 8, 0, 8, 0, 8, 0, 8, 0, 8, 0, 8, 0, 8, 0, 8, 0, 8, 0, 8, 0, 8, 0, 8, 0, 7, 12, 7, 0, 7, 12, 7, 0, 7, 12, 7, 0, 7, 12, 7, 0, 7, 12, 7, 0, 7, 12, 7, 0, 7, 12, 7, 0, 7, 12, 7, 0, 7, 12, 7, 0, 7, 12, 7, 0, 7, 12, 7, 0, 7, 12, 7, 0, 7, 10, 7, 0, 7, 10, 7, 0, 7, 10, 7, 0, 7, 10, 7, 0, 7, 10, 7, 0, 7, 10, 7, 0, 7, 10, 7, 0, 7, 10, 7, 0, 7, 10, 7, 0, 7, 10, 7, 0, 7, 10, 7, 0, 7, 10, 7, 0, 7, 10, 7, 0, 7, 10, 7, 0, 7, 10, 7, 0, 6, 2, 6, 0, 7, 12, 7, 0, 8, 0, 4, 0, 7, 12, 7, 0, 13, 0, 13, 0, 13, 0, 7, 10, 7, 0, 7, 12, 7, 0, 4, 0, 4, 0, 7, 10, 7, 0, 13, 0, 4, 0, 4, 0, 7, 10, 7, 0, 8, 0, 6, 2, 6, 0, 4, 0, 6, 2, 6, 0, 7, 14, 7, 0, 13, 0, 8, 0, 7, 14, 7, 0, 7, 0, 4, 0, 7, 10, 7, 0, 7, 12, 7, 0, 7, 12, 7, 0, 13, 0, 7, 10, 7, 0, 7, 10, 7, 0, 7, 10, 7, 0, 7, 12, 7, 0, 7, 12, 7, 0, 7, 12, 7, 0, 7, 12, 7, 0, 7, 12, 7, 0, 7, 12, 7, 0, 7, 12, 7, 0, 7, 12, 7, 0, 7, 12, 7, 0, 7, 12, 7, 0, 7, 12, 7, 0, 7, 12, 7, 0, 7, 12, 7, 0, 7, 12, 7, 0, 7, 12, 7, 0, 7, 12, 7, 0, 7, 12, 7, 0, 7, 12, 7, 0, 7, 10, 7, 0, 7, 12, 7, 0, 8, 0, 7, 12, 7, 0, 7, 12, 7, 0, 6, 2, 6, 0, 6, 2, 6, 0, 6, 2, 6, 0, 6, 2, 6, 0, 6, 2, 6, 0, 6, 2, 6, 0, 6, 2, 6, 0, 6, 2, 6, 0, 6, 2, 6, 0, 6, 2, 6, 0, 6, 2, 6, 0, 6, 2, 6, 0, 6, 2, 6, 0, 6, 2, 6, 0, 6, 2, 6, 0, 7, 14, 7, 0, 7, 14, 7, 0, 7, 14, 7, 0, 7, 14, 7, 0, 7, 14, 7, 0, 7, 14, 7, 0, 7, 14, 7, 0, 7, 14, 7, 0, 7, 10, 7, 0, 7, 10, 7, 0, 7, 10, 7, 0, 7, 10, 7, 0, 7, 10, 7, 0, 7, 10, 7, 0, 7, 10, 7, 0, 7, 10, 7, 0, 7, 10, 7, 0, 7, 10, 7, 0, 7, 10, 7, 0, 7, 10, 7, 0, 7, 10, 7, 0, 7, 10, 7, 0, 7, 10, 7, 0, 7, 10, 7, 0, 3, 9, 3, 0, 3, 9, 3, 0, 3, 9, 3, 0, 3, 9, 3, 0, 3, 9, 3, 0, 3, 9, 3, 0, 3, 9, 3, 0, 3, 9, 3, 0, 3, 9, 3, 0, 3, 9, 3, 0, 3, 9, 3, 0, 3, 9, 3, 0, 3, 9, 3, 0, 1, 0, 1, 0, 1, 0, 1, 0, 1, 0, 1, 0, 1, 0, 1, 0, 1, 0, 1, 0, 1, 0, 1, 0, 1, 0, 1, 0, 1, 0, 1, 0, 1, 0, 1, 0, 1, 0, 1, 0, 1, 0, 1, 0, 1, 0, 1, 0, 1, 0, 1, 0, 1, 0, 1, 0, 1, 0, 1, 0, 1, 0, 1, 0, 1, 0, 1, 0, 1, 0, 1, 0, 1, 0, 1, 0, 1, 0, 1, 0, 3, 11, 3, 0, 3, 11, 3, 0, 3, 11, 3, 0, 3, 11, 3, 0, 3, 11, 3, 0, 3, 11, 3, 0, 3, 11, 3, 0, 3, 11, 3, 0, 3, 11, 3, 0, 3, 11, 3, 0, 3, 11, 3, 0, 3, 11, 3, 0, 3, 11, 3, 0, 3, 11, 3, 0, 3, 11, 3, 0, 3, 11, 3, 0, 3, 11, 3, 0, 3, 11, 3, 0, 3, 11, 3, 0, 3, 11, 3, 0, 3, 11, 3, 0, 3, 11, 3, 0, 3, 11, 3, 0, 3, 0, 3, 0, 3, 0, 3, 0, 3, 0, 3, 0, 3, 0, 3, 0, 3, 0, 3, 0, 3, 0, 3, 0, 3, 0, 3, 0, 3, 0, 3, 0, 3, 0, 6, 0, 6, 0, 6, 0, 6, 0, 6, 0, 6, 0, 6, 0, 6, 0, 6, 0, 6, 5, 6, 0, 6, 5, 6, 0, 6, 5, 6, 0, 6, 5, 6, 0, 6, 5, 6, 0, 6, 5, 6, 0, 6, 5, 6, 0, 6, 5, 6, 0, 6, 5, 6, 0, 6, 5, 6, 0, 6, 5, 6, 0, 6, 5, 6, 0, 6, 5, 6, 0, 7, 14, 7, 0, 7, 14, 7, 0, 6, 5, 6, 0, 6, 2, 6, 0, 3, 11, 3, 0, 7, 14, 7, 0, 7, 12, 7, 0, 3, 11, 3, 0, 7, 14, 7, 0, 6, 0, 7, 12, 7, 0, 7, 14, 7, 0, 3, 0, 6, 5, 6, 0, 6, 5, 6, 0, 6, 5, 6, 0, 6, 5, 6, 0, 6, 5, 6, 0, 6, 5, 6, 0, 6, 5, 6, 0, 13, 0, 13, 0, 13, 0, 13, 0, 13, 0, 13, 0, 13, 0, 13, 0, 7, 0, 7, 0, 7, 0, 7, 0, 7, 0, 7, 0, 4, 0, 4, 0, 4, 0, 4, 0, 4, 0, 4, 0, 4, 0, 4, 0, 4, 0, 4, 0, 4, 0, 4, 0, 4, 0, 7, 14, 7, 0, 7, 14, 7, 0, 7, 14, 7, 0, 6, 2, 6, 0, 6, 2, 6, 0, 6, 2, 6, 0, 6, 2, 6, 0, 6, 2, 6, 0, 6, 2, 6, 0, 6, 2, 6, 0, 6, 2, 6, 0, 6, 2, 6, 0, 6, 2, 6, 0, 6, 2, 6, 0, 6, 2, 6, 0, 6, 2, 6, 0, 6, 2, 6, 0, 6, 2, 6, 0, 6, 2, 6, 0, 6, 2, 6, 0, 6, 2, 6, 0, 6, 2, 6, 0, 6, 2, 6, 0, 6, 2, 6, 0, 6, 5, 6, 0, 6, 5, 6, 0, 6, 5, 6, 0, 6, 5, 6, 0, 6, 5, 6, 0, 6, 5, 6, 0, 13, 0, 13, 0, 13, 0, 13, 0, 13, 0, 13, 0, 13, 0]","[0.4574, 0.4574, 0.4574, 0.4574, 0.4574, 0.4574, 0.4574, 0.4574, 0.4574, 0.4574, 0.4574, 0.4574, 0.4574, 0.4574, 0.4574, 0.4574, 0.4574, 0.4574, 0.4574, 0.4574, 0.4574, 0.4574, 0.4574, 0.4574, 0.4574, 0.4574, 0.4574, 0.4574, 0.4574, 0.4574, 0.4574, 0.4574, 0.4574, 0.4574, 0.4574, 0.4574, 0.4574, 0.4396, 0.4396, 0.4396, 0.4396, 0.4396, 0.4396, 0.4396, 0.4396, 0.4396, 0.4396, 0.4396, 0.4396, 0.4396, 0.4396, 0.4396, 0.4396, 0.4396, 0.4396, 0.4396, 0.4396, 0.4396, 0.4396, 0.4396, 0.4396, 0.4396, 0.4396, 0.4396, 0.4396, 0.4396, 0.4396, 0.4396, 0.4396, 0.4396, 0.4396, 0.4396, 0.4396, 0.4396, 0.4396, 0.4396, 0.4396, 0.4396, 0.4396, 0.4396, 0.4396, 0.4396, 0.4396, 0.2786, 0.3366, 0.3366, 0.2786, 0.2786, 0.3366, 0.3366, 0.2786, 0.2786, 0.3366, 0.3366, 0.2786, 0.2786, 0.3366, 0.3366, 0.2786, 0.2786, 0.3366, 0.3366, 0.2786, 0.2786, 0.3366, 0.3366, 0.2786, 0.2786, 0.3366, 0.3366, 0.2786, 0.2786, 0.3366, 0.3366, 0.2786, 0.2786, 0.3366, 0.3366, 0.2786, 0.2786, 0.3366, 0.3366, 0.2786, 0.2786, 0.3366, 0.3366, 0.2786, 0.2786, 0.3366, 0.3366, 0.2786, 0.2786, 0.3394, 0.3394, 0.2786, 0.2786, 0.3394, 0.3394, 0.2786, 0.2786, 0.3394, 0.3394, 0.2786, 0.2786, 0.3394, 0.3394, 0.2786, 0.2786, 0.3394, 0.3394, 0.2786, 0.2786, 0.3394, 0.3394, 0.2786, 0.2786, 0.3394, 0.3394, 0.2786, 0.2786, 0.3394, 0.3394, 0.2786, 0.2786, 0.3394, 0.3394, 0.2786, 0.2786, 0.3394, 0.3394, 0.2786, 0.2786, 0.3394, 0.3394, 0.2786, 0.2786, 0.3394, 0.3394, 0.2786, 0.2786, 0.3394, 0.3394, 0.2786, 0.2786, 0.3394, 0.3394, 0.2786, 0.2786, 0.3394, 0.3394, 0.2786, 0.3534, 0.5705, 0.5705, 0.3534, 0.2786, 0.3366, 0.3366, 0.2786, 0.4396, 0.4396, 0.3752, 0.3752, 0.2786, 0.3366, 0.3366, 0.2786, 0.4574, 0.4574, 0.4574, 0.4574, 0.4574, 0.4574, 0.2786, 0.3394, 0.3394, 0.2786, 0.2786, 0.3366, 0.3366, 0.2786, 0.3752, 0.3752, 0.3752, 0.3752, 0.2786, 0.3394, 0.3394, 0.2786, 0.4574, 0.4574, 0.3752, 0.3752, 0.3752, 0.3752, 0.2786, 0.3394, 0.3394, 0.2786, 0.4396, 0.4396, 0.3534, 0.5705, 0.5705, 0.3534, 0.3752, 0.3752, 0.3534, 0.5705, 0.5705, 0.3534, 0.2786, 0.5398, 0.5398, 0.2786, 0.4574, 0.4574, 0.4396, 0.4396, 0.2786, 0.5398, 0.5398, 0.2786, 0.2786, 0.2786, 0.3752, 0.3752, 0.2786, 0.3394, 0.3394, 0.2786, 0.2786, 0.3366, 0.3366, 0.2786, 0.2786, 0.3366, 0.3366, 0.2786, 0.4574, 0.4574, 0.2786, 0.3394, 0.3394, 0.2786, 0.2786, 0.3394, 0.3394, 0.2786, 0.2786, 0.3394, 0.3394, 0.2786, 0.2786, 0.3366, 0.3366, 0.2786, 0.2786, 0.3366, 0.3366, 0.2786, 0.2786, 0.3366, 0.3366, 0.2786, 0.2786, 0.3366, 0.3366, 0.2786, 0.2786, 0.3366, 0.3366, 0.2786, 0.2786, 0.3366, 0.3366, 0.2786, 0.2786, 0.3366, 0.3366, 0.2786, 0.2786, 0.3366, 0.3366, 0.2786, 0.2786, 0.3366, 0.3366, 0.2786, 0.2786, 0.3366, 0.3366, 0.2786, 0.2786, 0.3366, 0.3366, 0.2786, 0.2786, 0.3366, 0.3366, 0.2786, 0.2786, 0.3366, 0.3366, 0.2786, 0.2786, 0.3366, 0.3366, 0.2786, 0.2786, 0.3366, 0.3366, 0.2786, 0.2786, 0.3366, 0.3366, 0.2786, 0.2786, 0.3366, 0.3366, 0.2786, 0.2786, 0.3366, 0.3366, 0.2786, 0.2786, 0.3394, 0.3394, 0.2786, 0.2786, 0.3366, 0.3366, 0.2786, 0.4396, 0.4396, 0.2786, 0.3366, 0.3366, 0.2786, 0.2786, 0.3366, 0.3366, 0.2786, 0.3534, 0.5705, 0.5705, 0.3534, 0.3534, 0.5705, 0.5705, 0.3534, 0.3534, 0.5705, 0.5705, 0.3534, 0.3534, 0.5705, 0.5705, 0.3534, 0.3534, 0.5705, 0.5705, 0.3534, 0.3534, 0.5705, 0.5705, 0.3534, 0.3534, 0.5705, 0.5705, 0.3534, 0.3534, 0.5705, 0.5705, 0.3534, 0.3534, 0.5705, 0.5705, 0.3534, 0.3534, 0.5705, 0.5705, 0.3534, 0.3534, 0.5705, 0.5705, 0.3534, 0.3534, 0.5705, 0.5705, 0.3534, 0.3534, 0.5705, 0.5705, 0.3534, 0.3534, 0.5705, 0.5705, 0.3534, 0.3534, 0.5705, 0.5705, 0.3534, 0.2786, 0.5398, 0.5398, 0.2786, 0.2786, 0.5398, 0.5398, 0.2786, 0.2786, 0.5398, 0.5398, 0.2786, 0.2786, 0.5398, 0.5398, 0.2786, 0.2786, 0.5398, 0.5398, 0.2786, 0.2786, 0.5398, 0.5398, 0.2786, 0.2786, 0.5398, 0.5398, 0.2786, 0.2786, 0.5398, 0.5398, 0.2786, 0.2786, 0.3394, 0.3394, 0.2786, 0.2786, 0.3394, 0.3394, 0.2786, 0.2786, 0.3394, 0.3394, 0.2786, 0.2786, 0.3394, 0.3394, 0.2786, 0.2786, 0.3394, 0.3394, 0.2786, 0.2786, 0.3394, 0.3394, 0.2786, 0.2786, 0.3394, 0.3394, 0.2786, 0.2786, 0.3394, 0.3394, 0.2786, 0.2786, 0.3394, 0.3394, 0.2786, 0.2786, 0.3394, 0.3394, 0.2786, 0.2786, 0.3394, 0.3394, 0.2786, 0.2786, 0.3394, 0.3394, 0.2786, 0.2786, 0.3394, 0.3394, 0.2786, 0.2786, 0.3394, 0.3394, 0.2786, 0.2786, 0.3394, 0.3394, 0.2786, 0.2786, 0.3394, 0.3394, 0.2786, 0.3873, 0.1681, 0.1681, 0.3873, 0.3873, 0.1681, 0.1681, 0.3873, 0.3873, 0.1681, 0.1681, 0.3873, 0.3873, 0.1681, 0.1681, 0.3873, 0.3873, 0.1681, 0.1681, 0.3873, 0.3873, 0.1681, 0.1681, 0.3873, 0.3873, 0.1681, 0.1681, 0.3873, 0.3873, 0.1681, 0.1681, 0.3873, 0.3873, 0.1681, 0.1681, 0.3873, 0.3873, 0.1681, 0.1681, 0.3873, 0.3873, 0.1681, 0.1681, 0.3873, 0.3873, 0.1681, 0.1681, 0.3873, 0.3873, 0.1681, 0.1681, 0.3873, 0.4093, 0.4093, 0.4093, 0.4093, 0.4093, 0.4093, 0.4093, 0.4093, 0.4093, 0.4093, 0.4093, 0.4093, 0.4093, 0.4093, 0.4093, 0.4093, 0.4093, 0.4093, 0.4093, 0.4093, 0.4093, 0.4093, 0.4093, 0.4093, 0.4093, 0.4093, 0.4093, 0.4093, 0.4093, 0.4093, 0.4093, 0.4093, 0.4093, 0.4093, 0.4093, 0.4093, 0.4093, 0.4093, 0.4093, 0.4093, 0.4093, 0.4093, 0.4093, 0.4093, 0.4093, 0.4093, 0.4093, 0.4093, 0.4093, 0.4093, 0.4093, 0.4093, 0.4093, 0.4093, 0.4093, 0.4093, 0.4093, 0.4093, 0.4093, 0.4093, 0.4093, 0.4093, 0.4093, 0.4093, 0.4093, 0.4093, 0.4093, 0.4093, 0.4093, 0.4093, 0.4093, 0.4093, 0.4093, 0.4093, 0.4093, 0.4093, 0.4093, 0.4093, 0.4093, 0.4093, 0.3873, 0.2353, 0.2353, 0.3873, 0.3873, 0.2353, 0.2353, 0.3873, 0.3873, 0.2353, 0.2353, 0.3873, 0.3873, 0.2353, 0.2353, 0.3873, 0.3873, 0.2353, 0.2353, 0.3873, 0.3873, 0.2353, 0.2353, 0.3873, 0.3873, 0.2353, 0.2353, 0.3873, 0.3873, 0.2353, 0.2353, 0.3873, 0.3873, 0.2353, 0.2353, 0.3873, 0.3873, 0.2353, 0.2353, 0.3873, 0.3873, 0.2353, 0.2353, 0.3873, 0.3873, 0.2353, 0.2353, 0.3873, 0.3873, 0.2353, 0.2353, 0.3873, 0.3873, 0.2353, 0.2353, 0.3873, 0.3873, 0.2353, 0.2353, 0.3873, 0.3873, 0.2353, 0.2353, 0.3873, 0.3873, 0.2353, 0.2353, 0.3873, 0.3873, 0.2353, 0.2353, 0.3873, 0.3873, 0.2353, 0.2353, 0.3873, 0.3873, 0.2353, 0.2353, 0.3873, 0.3873, 0.2353, 0.2353, 0.3873, 0.3873, 0.2353, 0.2353, 0.3873, 0.3873, 0.2353, 0.2353, 0.3873, 0.3873, 0.3873, 0.3873, 0.3873, 0.3873, 0.3873, 0.3873, 0.3873, 0.3873, 0.3873, 0.3873, 0.3873, 0.3873, 0.3873, 0.3873, 0.3873, 0.3873, 0.3873, 0.3873, 0.3873, 0.3873, 0.3873, 0.3873, 0.3873, 0.3873, 0.3873, 0.3873, 0.3873, 0.3873, 0.3873, 0.3873, 0.3873, 0.3873, 0.3873, 0.3534, 0.3534, 0.3534, 0.3534, 0.3534, 0.3534, 0.3534, 0.3534, 0.3534, 0.3534, 0.3534, 0.3534, 0.3534, 0.3534, 0.3534, 0.3534, 0.3534, 0.3534, 0.3534, 0.2922, 0.2922, 0.3534, 0.3534, 0.2922, 0.2922, 0.3534, 0.3534, 0.2922, 0.2922, 0.3534, 0.3534, 0.2922, 0.2922, 0.3534, 0.3534, 0.2922, 0.2922, 0.3534, 0.3534, 0.2922, 0.2922, 0.3534, 0.3534, 0.2922, 0.2922, 0.3534, 0.3534, 0.2922, 0.2922, 0.3534, 0.3534, 0.2922, 0.2922, 0.3534, 0.3534, 0.2922, 0.2922, 0.3534, 0.3534, 0.2922, 0.2922, 0.3534, 0.3534, 0.2922, 0.2922, 0.3534, 0.3534, 0.2922, 0.2922, 0.3534, 0.2786, 0.5398, 0.5398, 0.2786, 0.2786, 0.5398, 0.5398, 0.2786, 0.3534, 0.2922, 0.2922, 0.3534, 0.3534, 0.5705, 0.5705, 0.3534, 0.3873, 0.2353, 0.2353, 0.3873, 0.2786, 0.5398, 0.5398, 0.2786, 0.2786, 0.3366, 0.3366, 0.2786, 0.3873, 0.2353, 0.2353, 0.3873, 0.2786, 0.5398, 0.5398, 0.2786, 0.3534, 0.3534, 0.2786, 0.3366, 0.3366, 0.2786, 0.2786, 0.5398, 0.5398, 0.2786, 0.3873, 0.3873, 0.3534, 0.2922, 0.2922, 0.3534, 0.3534, 0.2922, 0.2922, 0.3534, 0.3534, 0.2922, 0.2922, 0.3534, 0.3534, 0.2922, 0.2922, 0.3534, 0.3534, 0.2922, 0.2922, 0.3534, 0.3534, 0.2922, 0.2922, 0.3534, 0.3534, 0.2922, 0.2922, 0.3534, 0.4574, 0.4574, 0.4574, 0.4574, 0.4574, 0.4574, 0.4574, 0.4574, 0.4574, 0.4574, 0.4574, 0.4574, 0.4574, 0.4574, 0.4574, 0.4574, 0.2786, 0.2786, 0.2786, 0.2786, 0.2786, 0.2786, 0.2786, 0.2786, 0.2786, 0.2786, 0.2786, 0.2786, 0.3752, 0.3752, 0.3752, 0.3752, 0.3752, 0.3752, 0.3752, 0.3752, 0.3752, 0.3752, 0.3752, 0.3752, 0.3752, 0.3752, 0.3752, 0.3752, 0.3752, 0.3752, 0.3752, 0.3752, 0.3752, 0.3752, 0.3752, 0.3752, 0.3752, 0.3752, 0.2786, 0.5398, 0.5398, 0.2786, 0.2786, 0.5398, 0.5398, 0.2786, 0.2786, 0.5398, 0.5398, 0.2786, 0.3534, 0.5705, 0.5705, 0.3534, 0.3534, 0.5705, 0.5705, 0.3534, 0.3534, 0.5705, 0.5705, 0.3534, 0.3534, 0.5705, 0.5705, 0.3534, 0.3534, 0.5705, 0.5705, 0.3534, 0.3534, 0.5705, 0.5705, 0.3534, 0.3534, 0.5705, 0.5705, 0.3534, 0.3534, 0.5705, 0.5705, 0.3534, 0.3534, 0.5705, 0.5705, 0.3534, 0.3534, 0.5705, 0.5705, 0.3534, 0.3534, 0.5705, 0.5705, 0.3534, 0.3534, 0.5705, 0.5705, 0.3534, 0.3534, 0.5705, 0.5705, 0.3534, 0.3534, 0.5705, 0.5705, 0.3534, 0.3534, 0.5705, 0.5705, 0.3534, 0.3534, 0.5705, 0.5705, 0.3534, 0.3534, 0.5705, 0.5705, 0.3534, 0.3534, 0.5705, 0.5705, 0.3534, 0.3534, 0.5705, 0.5705, 0.3534, 0.3534, 0.5705, 0.5705, 0.3534, 0.3534, 0.5705, 0.5705, 0.3534, 0.3534, 0.2922, 0.2922, 0.3534, 0.3534, 0.2922, 0.2922, 0.3534, 0.3534, 0.2922, 0.2922, 0.3534, 0.3534, 0.2922, 0.2922, 0.3534, 0.3534, 0.2922, 0.2922, 0.3534, 0.3534, 0.2922, 0.2922, 0.3534, 0.4574, 0.4574, 0.4574, 0.4574, 0.4574, 0.4574, 0.4574, 0.4574, 0.4574, 0.4574, 0.4574, 0.4574, 0.4574, 0.4574]","[17.5141, 0.0, 17.5141, 0.0, 17.5141, 0.0, 17.5141, 0.0, 17.5141, 0.0, 17.5141, 0.0, 17.5141, 0.0, 17.5141, 0.0, 17.5141, 0.0, 17.5141, 0.0, 17.5141, 0.0, 17.5141, 0.0, 17.5141, 0.0, 17.5141, 0.0, 17.5141, 0.0, 17.5141, 0.0, 17.5141, 0.0, 17.5141, 0.0, 17.5141, 0.0, 17.6381, 0.0, 17.6381, 0.0, 17.6381, 0.0, 17.6381, 0.0, 17.6381, 0.0, 17.6381, 0.0, 17.6381, 0.0, 17.6381, 0.0, 17.6381, 0.0, 17.6381, 0.0, 17.6381, 0.0, 17.6381, 0.0, 17.6381, 0.0, 17.6381, 0.0, 17.6381, 0.0, 17.6381, 0.0, 17.6381, 0.0, 17.6381, 0.0, 17.6381, 0.0, 17.6381, 0.0, 17.6381, 0.0, 17.6381, 0.0, 17.6381, 0.0, 0.0, 20.8211, 20.8211, 0.0, 0.0, 20.8211, 20.8211, 0.0, 0.0, 20.8211, 20.8211, 0.0, 0.0, 20.8211, 20.8211, 0.0, 0.0, 20.8211, 20.8211, 0.0, 0.0, 20.8211, 20.8211, 0.0, 0.0, 20.8211, 20.8211, 0.0, 0.0, 20.8211, 20.8211, 0.0, 0.0, 20.8211, 20.8211, 0.0, 0.0, 20.8211, 20.8211, 0.0, 0.0, 20.8211, 20.8211, 0.0, 0.0, 20.8211, 20.8211, 0.0, 0.0, 17.1832, 17.1832, 0.0, 0.0, 17.1832, 17.1832, 0.0, 0.0, 17.1832, 17.1832, 0.0, 0.0, 17.1832, 17.1832, 0.0, 0.0, 17.1832, 17.1832, 0.0, 0.0, 17.1832, 17.1832, 0.0, 0.0, 17.1832, 17.1832, 0.0, 0.0, 17.1832, 17.1832, 0.0, 0.0, 17.1832, 17.1832, 0.0, 0.0, 17.1832, 17.1832, 0.0, 0.0, 17.1832, 17.1832, 0.0, 0.0, 17.1832, 17.1832, 0.0, 0.0, 17.1832, 17.1832, 0.0, 0.0, 17.1832, 17.1832, 0.0, 0.0, 17.1832, 17.1832, 0.0, 0.0, 24.1886, 24.1886, 0.0, 0.0, 20.8211, 20.8211, 0.0, 17.6381, 0.0, 18.5545, 0.0, 0.0, 20.8211, 20.8211, 0.0, 17.5141, 0.0, 17.5141, 0.0, 17.5141, 0.0, 0.0, 17.1832, 17.1832, 0.0, 0.0, 20.8211, 20.8211, 0.0, 18.5545, 0.0, 18.5545, 0.0, 0.0, 17.1832, 17.1832, 0.0, 17.5141, 0.0, 18.5545, 0.0, 18.5545, 0.0, 0.0, 17.1832, 17.1832, 0.0, 17.6381, 0.0, 0.0, 24.1886, 24.1886, 0.0, 18.5545, 0.0, 0.0, 24.1886, 24.1886, 0.0, 0.0, 17.3919, 17.3919, 0.0, 17.5141, 0.0, 17.6381, 0.0, 0.0, 17.3919, 17.3919, 0.0, 18.6845, 0.0, 18.5545, 0.0, 0.0, 17.1832, 17.1832, 0.0, 0.0, 20.8211, 20.8211, 0.0, 0.0, 20.8211, 20.8211, 0.0, 17.5141, 0.0, 0.0, 17.1832, 17.1832, 0.0, 0.0, 17.1832, 17.1832, 0.0, 0.0, 17.1832, 17.1832, 0.0, 0.0, 20.8211, 20.8211, 0.0, 0.0, 20.8211, 20.8211, 0.0, 0.0, 20.8211, 20.8211, 0.0, 0.0, 20.8211, 20.8211, 0.0, 0.0, 20.8211, 20.8211, 0.0, 0.0, 20.8211, 20.8211, 0.0, 0.0, 20.8211, 20.8211, 0.0, 0.0, 20.8211, 20.8211, 0.0, 0.0, 20.8211, 20.8211, 0.0, 0.0, 20.8211, 20.8211, 0.0, 0.0, 20.8211, 20.8211, 0.0, 0.0, 20.8211, 20.8211, 0.0, 0.0, 20.8211, 20.8211, 0.0, 0.0, 20.8211, 20.8211, 0.0, 0.0, 20.8211, 20.8211, 0.0, 0.0, 20.8211, 20.8211, 0.0, 0.0, 20.8211, 20.8211, 0.0, 0.0, 20.8211, 20.8211, 0.0, 0.0, 17.1832, 17.1832, 0.0, 0.0, 20.8211, 20.8211, 0.0, 17.6381, 0.0, 0.0, 20.8211, 20.8211, 0.0, 0.0, 20.8211, 20.8211, 0.0, 0.0, 24.1886, 24.1886, 0.0, 0.0, 24.1886, 24.1886, 0.0, 0.0, 24.1886, 24.1886, 0.0, 0.0, 24.1886, 24.1886, 0.0, 0.0, 24.1886, 24.1886, 0.0, 0.0, 24.1886, 24.1886, 0.0, 0.0, 24.1886, 24.1886, 0.0, 0.0, 24.1886, 24.1886, 0.0, 0.0, 24.1886, 24.1886, 0.0, 0.0, 24.1886, 24.1886, 0.0, 0.0, 24.1886, 24.1886, 0.0, 0.0, 24.1886, 24.1886, 0.0, 0.0, 24.1886, 24.1886, 0.0, 0.0, 24.1886, 24.1886, 0.0, 0.0, 24.1886, 24.1886, 0.0, 0.0, 17.3919, 17.3919, 0.0, 0.0, 17.3919, 17.3919, 0.0, 0.0, 17.3919, 17.3919, 0.0, 0.0, 17.3919, 17.3919, 0.0, 0.0, 17.3919, 17.3919, 0.0, 0.0, 17.3919, 17.3919, 0.0, 0.0, 17.3919, 17.3919, 0.0, 0.0, 17.3919, 17.3919, 0.0, 0.0, 17.1832, 17.1832, 0.0, 0.0, 17.1832, 17.1832, 0.0, 0.0, 17.1832, 17.1832, 0.0, 0.0, 17.1832, 17.1832, 0.0, 0.0, 17.1832, 17.1832, 0.0, 0.0, 17.1832, 17.1832, 0.0, 0.0, 17.1832, 17.1832, 0.0, 0.0, 17.1832, 17.1832, 0.0, 0.0, 17.1832, 17.1832, 0.0, 0.0, 17.1832, 17.1832, 0.0, 0.0, 17.1832, 17.1832, 0.0, 0.0, 17.1832, 17.1832, 0.0, 0.0, 17.1832, 17.1832, 0.0, 0.0, 17.1832, 17.1832, 0.0, 0.0, 17.1832, 17.1832, 0.0, 0.0, 17.1832, 17.1832, 0.0, 0.0, 17.514, 17.514, 0.0, 0.0, 17.514, 17.514, 0.0, 0.0, 17.514, 17.514, 0.0, 0.0, 17.514, 17.514, 0.0, 0.0, 17.514, 17.514, 0.0, 0.0, 17.514, 17.514, 0.0, 0.0, 17.514, 17.514, 0.0, 0.0, 17.514, 17.514, 0.0, 0.0, 17.514, 17.514, 0.0, 0.0, 17.514, 17.514, 0.0, 0.0, 17.514, 17.514, 0.0, 0.0, 17.514, 17.514, 0.0, 0.0, 17.514, 17.514, 0.0, 18.6254, 0.0, 18.6254, 0.0, 18.6254, 0.0, 18.6254, 0.0, 18.6254, 0.0, 18.6254, 0.0, 18.6254, 0.0, 18.6254, 0.0, 18.6254, 0.0, 18.6254, 0.0, 18.6254, 0.0, 18.6254, 0.0, 18.6254, 0.0, 18.6254, 0.0, 18.6254, 0.0, 18.6254, 0.0, 18.6254, 0.0, 18.6254, 0.0, 18.6254, 0.0, 18.6254, 0.0, 18.6254, 0.0, 18.6254, 0.0, 18.6254, 0.0, 18.6254, 0.0, 18.6254, 0.0, 18.6254, 0.0, 18.6254, 0.0, 18.6254, 0.0, 18.6254, 0.0, 18.6254, 0.0, 18.6254, 0.0, 18.6254, 0.0, 18.6254, 0.0, 18.6254, 0.0, 18.6254, 0.0, 18.6254, 0.0, 18.6254, 0.0, 18.6254, 0.0, 18.6254, 0.0, 18.6254, 0.0, 0.0, 17.5086, 17.5086, 0.0, 0.0, 17.5086, 17.5086, 0.0, 0.0, 17.5086, 17.5086, 0.0, 0.0, 17.5086, 17.5086, 0.0, 0.0, 17.5086, 17.5086, 0.0, 0.0, 17.5086, 17.5086, 0.0, 0.0, 17.5086, 17.5086, 0.0, 0.0, 17.5086, 17.5086, 0.0, 0.0, 17.5086, 17.5086, 0.0, 0.0, 17.5086, 17.5086, 0.0, 0.0, 17.5086, 17.5086, 0.0, 0.0, 17.5086, 17.5086, 0.0, 0.0, 17.5086, 17.5086, 0.0, 0.0, 17.5086, 17.5086, 0.0, 0.0, 17.5086, 17.5086, 0.0, 0.0, 17.5086, 17.5086, 0.0, 0.0, 17.5086, 17.5086, 0.0, 0.0, 17.5086, 17.5086, 0.0, 0.0, 17.5086, 17.5086, 0.0, 0.0, 17.5086, 17.5086, 0.0, 0.0, 17.5086, 17.5086, 0.0, 0.0, 17.5086, 17.5086, 0.0, 0.0, 17.5086, 17.5086, 0.0, 18.1389, 0.0, 18.1389, 0.0, 18.1389, 0.0, 18.1389, 0.0, 18.1389, 0.0, 18.1389, 0.0, 18.1389, 0.0, 18.1389, 0.0, 18.1389, 0.0, 18.1389, 0.0, 18.1389, 0.0, 18.1389, 0.0, 18.1389, 0.0, 18.1389, 0.0, 18.1389, 0.0, 18.1389, 0.0, 18.1389, 0.0, 19.0282, 0.0, 19.0282, 0.0, 19.0282, 0.0, 19.0282, 0.0, 19.0282, 0.0, 19.0282, 0.0, 19.0282, 0.0, 19.0282, 0.0, 19.0282, 0.0, 0.0, 17.4106, 17.4106, 0.0, 0.0, 17.4106, 17.4106, 0.0, 0.0, 17.4106, 17.4106, 0.0, 0.0, 17.4106, 17.4106, 0.0, 0.0, 17.4106, 17.4106, 0.0, 0.0, 17.4106, 17.4106, 0.0, 0.0, 17.4106, 17.4106, 0.0, 0.0, 17.4106, 17.4106, 0.0, 0.0, 17.4106, 17.4106, 0.0, 0.0, 17.4106, 17.4106, 0.0, 0.0, 17.4106, 17.4106, 0.0, 0.0, 17.4106, 17.4106, 0.0, 0.0, 17.4106, 17.4106, 0.0, 0.0, 17.3919, 17.3919, 0.0, 0.0, 17.3919, 17.3919, 0.0, 0.0, 17.4106, 17.4106, 0.0, 0.0, 24.1886, 24.1886, 0.0, 0.0, 17.5086, 17.5086, 0.0, 0.0, 17.3919, 17.3919, 0.0, 0.0, 20.8211, 20.8211, 0.0, 0.0, 17.5086, 17.5086, 0.0, 0.0, 17.3919, 17.3919, 0.0, 19.0282, 0.0, 0.0, 20.8211, 20.8211, 0.0, 0.0, 17.3919, 17.3919, 0.0, 18.1389, 0.0, 0.0, 17.4106, 17.4106, 0.0, 0.0, 17.4106, 17.4106, 0.0, 0.0, 17.4106, 17.4106, 0.0, 0.0, 17.4106, 17.4106, 0.0, 0.0, 17.4106, 17.4106, 0.0, 0.0, 17.4106, 17.4106, 0.0, 0.0, 17.4106, 17.4106, 0.0, 17.5141, 0.0, 17.5141, 0.0, 17.5141, 0.0, 17.5141, 0.0, 17.5141, 0.0, 17.5141, 0.0, 17.5141, 0.0, 17.5141, 0.0, 18.6845, 0.0, 18.6845, 0.0, 18.6845, 0.0, 18.6845, 0.0, 18.6845, 0.0, 18.6845, 0.0, 18.5545, 0.0, 18.5545, 0.0, 18.5545, 0.0, 18.5545, 0.0, 18.5545, 0.0, 18.5545, 0.0, 18.5545, 0.0, 18.5545, 0.0, 18.5545, 0.0, 18.5545, 0.0, 18.5545, 0.0, 18.5545, 0.0, 18.5545, 0.0, 0.0, 17.3919, 17.3919, 0.0, 0.0, 17.3919, 17.3919, 0.0, 0.0, 17.3919, 17.3919, 0.0, 0.0, 24.1886, 24.1886, 0.0, 0.0, 24.1886, 24.1886, 0.0, 0.0, 24.1886, 24.1886, 0.0, 0.0, 24.1886, 24.1886, 0.0, 0.0, 24.1886, 24.1886, 0.0, 0.0, 24.1886, 24.1886, 0.0, 0.0, 24.1886, 24.1886, 0.0, 0.0, 24.1886, 24.1886, 0.0, 0.0, 24.1886, 24.1886, 0.0, 0.0, 24.1886, 24.1886, 0.0, 0.0, 24.1886, 24.1886, 0.0, 0.0, 24.1886, 24.1886, 0.0, 0.0, 24.1886, 24.1886, 0.0, 0.0, 24.1886, 24.1886, 0.0, 0.0, 24.1886, 24.1886, 0.0, 0.0, 24.1886, 24.1886, 0.0, 0.0, 24.1886, 24.1886, 0.0, 0.0, 24.1886, 24.1886, 0.0, 0.0, 24.1886, 24.1886, 0.0, 0.0, 24.1886, 24.1886, 0.0, 0.0, 24.1886, 24.1886, 0.0, 0.0, 17.4106, 17.4106, 0.0, 0.0, 17.4106, 17.4106, 0.0, 0.0, 17.4106, 17.4106, 0.0, 0.0, 17.4106, 17.4106, 0.0, 0.0, 17.4106, 17.4106, 0.0, 0.0, 17.4106, 17.4106, 0.0, 17.5141, 0.0, 17.5141, 0.0, 17.5141, 0.0, 17.5141, 0.0, 17.5141, 0.0, 17.5141, 0.0, 17.5141, 0.0]",success,
0.5,1,1.2,15,395,1.8527,"[7, 14, 7, 0, 6, 2, 6, 0, 7, 10, 7, 0, 7, 14, 7, 0, 7, 10, 7, 0, 6, 5, 6, 0, 3, 11, 3, 0, 6, 2, 6, 0, 6, 2, 6, 0, 7, 14, 7, 0, 6, 2, 6, 0, 7, 10, 7, 0, 6, 2, 6, 0, 6, 5, 6, 0, 7, 14, 7, 0, 4, 0, 3, 11, 3, 0, 6, 2, 6, 0, 4, 0, 6, 5, 6, 0, 6, 2, 6, 0, 7, 14, 7, 0, 7, 10, 7, 0, 3, 0, 6, 5, 6, 0, 6, 2, 6, 0, 3, 0, 1, 0, 4, 0, 3, 11, 3, 0, 6, 5, 6, 0, 7, 14, 7, 0, 3, 11, 3, 0, 7, 14, 7, 0, 3, 11, 3, 0, 4, 0, 7, 12, 7, 0, 3, 11, 3, 0, 4, 0, 3, 11, 3, 0, 7, 10, 7, 0, 3, 11, 3, 0, 3, 11, 3, 0, 4, 0, 3, 0, 7, 14, 7, 0, 7, 14, 7, 0, 7, 12, 7, 0, 3, 11, 3, 0, 3, 0, 1, 0, 3, 11, 3, 0, 6, 5, 6, 0, 1, 0, 1, 0, 7, 10, 7, 0, 1, 0, 6, 2, 6, 0, 6, 2, 6, 0, 7, 0, 4, 0, 1, 0, 3, 0, 6, 5, 6, 0, 7, 14, 7, 0, 1, 0, 7, 10, 7, 0, 6, 5, 6, 0, 3, 11, 3, 0, 4, 0, 7, 10, 7, 0, 3, 0, 4, 0, 7, 12, 7, 0, 6, 5, 6, 0, 7, 10, 7, 0, 7, 14, 7, 0, 6, 2, 6, 0, 4, 0, 4, 0, 3, 0, 3, 0, 7, 14, 7, 0, 3, 0, 1, 0, 6, 2, 6, 0, 4, 0, 4, 0, 3, 0, 4, 0, 4, 0, 3, 0, 7, 14, 7, 0, 3, 11, 3, 0, 6, 5, 6, 0, 4, 0, 7, 14, 7, 0, 7, 14, 7, 0, 4, 0, 3, 0, 4, 0, 1, 0, 6, 5, 6, 0, 6, 2, 6, 0, 4, 0, 4, 0, 7, 10, 7, 0, 3, 0, 1, 0, 7, 10, 7, 0, 7, 10, 7, 0, 4, 0, 4, 0, 6, 2, 6, 0, 3, 0, 3, 11, 3, 0, 3, 0, 6, 5, 6, 0, 6, 2, 6, 0, 3, 0, 7, 10, 7, 0, 7, 10, 7, 0, 6, 5, 6, 0, 3, 11, 3, 0, 3, 0, 7, 10, 7, 0, 6, 2, 6, 0, 3, 0, 6, 5, 6, 0, 3, 11, 3, 0, 4, 0, 6, 2, 6, 0, 1, 0, 7, 14, 7, 0, 7, 14, 7, 0, 3, 11, 3, 0, 6, 2, 6, 0, 6, 5, 6, 0, 4, 0, 4, 0, 7, 10, 7, 0, 6, 5, 6, 0, 6, 5, 6, 0, 7, 14, 7, 0, 3, 11, 3, 0, 7, 10, 7, 0, 1, 0, 3, 11, 3, 0, 7, 0, 6, 2, 6, 0, 3, 11, 3, 0, 7, 10, 7, 0, 3, 0, 4, 0, 3, 11, 3, 0, 6, 5, 6, 0, 3, 11, 3, 0, 6, 2, 6, 0, 7, 10, 7, 0, 7, 14, 7, 0, 3, 0, 7, 14, 7, 0, 6, 2, 6, 0, 7, 14, 7, 0, 7, 10, 7, 0, 3, 0, 3, 0, 3, 0, 6, 2, 6, 0, 6, 5, 6, 0, 6, 2, 6, 0, 4, 0, 3, 0, 4, 0, 7, 14, 7, 0, 7, 14, 7, 0, 7, 10, 7, 0, 6, 2, 6, 0, 7, 10, 7, 0, 7, 10, 7, 0, 7, 14, 7, 0, 7, 12, 7, 0, 6, 2, 6, 0, 6, 2, 6, 0, 3, 11, 3, 0, 3, 0, 7, 12, 7, 0, 7, 12, 7, 0, 6, 0, 6, 0, 6, 0, 6, 0, 3, 11, 3, 0, 3, 0, 7, 10, 7, 0, 3, 11, 3, 0, 6, 2, 6, 0, 3, 11, 3, 0, 7, 12, 7, 0, 7, 10, 7, 0, 7, 10, 7, 0, 4, 0, 4, 0, 6, 5, 6, 0, 3, 0, 3, 11, 3, 0, 4, 0, 3, 0, 6, 2, 6, 0, 7, 10, 7, 0, 7, 10, 7, 0, 4, 0, 6, 2, 6, 0, 7, 14, 7, 0, 7, 10, 7, 0, 6, 5, 6, 0, 3, 0, 6, 5, 6, 0, 1, 0, 1, 0, 1, 0, 1, 0, 1, 0, 1, 0, 1, 0, 1, 0, 1, 0, 1, 0, 1, 0, 1, 0, 7, 12, 7, 0, 7, 12, 7, 0, 7, 12, 7, 0, 7, 12, 7, 0, 7, 12, 7, 0, 7, 12, 7, 0, 7, 12, 7, 0, 7, 12, 7, 0, 7, 12, 7, 0, 7, 12, 7, 0, 7, 12, 7, 0, 7, 12, 7, 0, 7, 12, 7, 0, 7, 12, 7, 0, 7, 12, 7, 0, 7, 12, 7, 0, 7, 12, 7, 0, 7, 12, 7, 0, 1, 0, 1, 0, 1, 0, 1, 0, 1, 0, 1, 0, 1, 0, 1, 0, 8, 0, 8, 0, 8, 0, 8, 0, 8, 0, 8, 0, 8, 0, 8, 0, 8, 0, 8, 0, 8, 0, 8, 0, 8, 0, 8, 0, 8, 0, 8, 0, 8, 0, 8, 0, 8, 0, 8, 0, 8, 0, 8, 0, 8, 0, 8, 0, 8, 0, 8, 0, 8, 0, 8, 0, 8, 0, 8, 0, 8, 0, 8, 0, 13, 0, 13, 0, 13, 0, 13, 0, 13, 0, 13, 0, 13, 0, 13, 0, 13, 0, 13, 0, 13, 0, 13, 0, 13, 0, 13, 0, 13, 0, 13, 0, 13, 0, 6, 5, 6, 0, 13, 0, 13, 0, 13, 0, 13, 0, 13, 0, 13, 0, 13, 0, 13, 0, 13, 0, 13, 0, 13, 0, 13, 0, 13, 0, 13, 0, 13, 0, 3, 9, 3, 0, 3, 9, 3, 0, 3, 9, 3, 0, 3, 9, 3, 0, 3, 9, 3, 0, 3, 9, 3, 0, 3, 9, 3, 0, 3, 9, 3, 0, 3, 9, 3, 0, 3, 9, 3, 0, 3, 9, 3, 0, 3, 9, 3, 0, 3, 9, 3, 0, 3, 9, 3, 0, 3, 9, 3, 0, 3, 9, 3, 0, 3, 9, 3, 0, 3, 9, 3, 0, 3, 9, 3, 0, 3, 9, 3, 0, 3, 9, 3, 0, 7, 12, 7, 0, 7, 12, 7, 0, 7, 12, 7, 0, 7, 14, 7, 0, 6, 0, 6, 5, 6, 0, 7, 0, 7, 0, 6, 2, 6, 0, 7, 12, 7, 0, 6, 5, 6, 0, 3, 11, 3, 0, 7, 0, 7, 14, 7, 0, 6, 0, 6, 5, 6, 0, 3, 11, 3, 0, 7, 14, 7, 0, 7, 12, 7, 0, 6, 5, 6, 0, 6, 2, 6, 0, 7, 12, 7, 0, 7, 12, 7, 0, 6, 5, 6, 0, 6, 0, 6, 0, 6, 0, 6, 0, 6, 0, 6, 0, 6, 0, 6, 0, 6, 0, 6, 0, 7, 0, 7, 0, 7, 0, 7, 0, 7, 0, 6, 5, 6, 0, 7, 10, 7, 0, 7, 10, 7, 0, 3, 11, 3, 0, 7, 14, 7, 0, 7, 10, 7, 0, 3, 11, 3, 0, 6, 2, 6, 0, 7, 14, 7, 0, 6, 5, 6, 0, 6, 5, 6, 0, 7, 14, 7, 0, 6, 5, 6, 0, 3, 11, 3, 0]","[0.5398, 0.5398, 0.2786, 0.3534, 0.5705, 0.5705, 0.3534, 0.2786, 0.3394, 0.3394, 0.2786, 0.2786, 0.5398, 0.5398, 0.2786, 0.2786, 0.3394, 0.3394, 0.2786, 0.3534, 0.2922, 0.2922, 0.3534, 0.3873, 0.2353, 0.2353, 0.3873, 0.3534, 0.5705, 0.5705, 0.3534, 0.3534, 0.5705, 0.5705, 0.3534, 0.2786, 0.5398, 0.5398, 0.2786, 0.3534, 0.5705, 0.5705, 0.3534, 0.2786, 0.3394, 0.3394, 0.2786, 0.3534, 0.5705, 0.5705, 0.3534, 0.3534, 0.2922, 0.2922, 0.3534, 0.2786, 0.5398, 0.5398, 0.2786, 0.3752, 0.3752, 0.3873, 0.2353, 0.2353, 0.3873, 0.3534, 0.5705, 0.5705, 0.3534, 0.3752, 0.3752, 0.3534, 0.2922, 0.2922, 0.3534, 0.3534, 0.5705, 0.5705, 0.3534, 0.2786, 0.5398, 0.5398, 0.2786, 0.2786, 0.3394, 0.3394, 0.2786, 0.3873, 0.3873, 0.3534, 0.2922, 0.2922, 0.3534, 0.3534, 0.5705, 0.5705, 0.3534, 0.3873, 0.3873, 0.4093, 0.4093, 0.3752, 0.3752, 0.3873, 0.2353, 0.2353, 0.3873, 0.3534, 0.2922, 0.2922, 0.3534, 0.2786, 0.5398, 0.5398, 0.2786, 0.3873, 0.2353, 0.2353, 0.3873, 0.2786, 0.5398, 0.5398, 0.2786, 0.3873, 0.2353, 0.2353, 0.3873, 0.3752, 0.3752, 0.2786, 0.3366, 0.3366, 0.2786, 0.3873, 0.2353, 0.2353, 0.3873, 0.3752, 0.3752, 0.3873, 0.2353, 0.2353, 0.3873, 0.2786, 0.3394, 0.3394, 0.2786, 0.3873, 0.2353, 0.2353, 0.3873, 0.3873, 0.2353, 0.2353, 0.3873, 0.3752, 0.3752, 0.3873, 0.3873, 0.2786, 0.5398, 0.5398, 0.2786, 0.2786, 0.5398, 0.5398, 0.2786, 0.2786, 0.3366, 0.3366, 0.2786, 0.3873, 0.2353, 0.2353, 0.3873, 0.3873, 0.3873, 0.4093, 0.4093, 0.3873, 0.2353, 0.2353, 0.3873, 0.3534, 0.2922, 0.2922, 0.3534, 0.4093, 0.4093, 0.4093, 0.4093, 0.2786, 0.3394, 0.3394, 0.2786, 0.4093, 0.4093, 0.3534, 0.5705, 0.5705, 0.3534, 0.3534, 0.5705, 0.5705, 0.3534, 0.2786, 0.2786, 0.3752, 0.3752, 0.4093, 0.4093, 0.3873, 0.3873, 0.3534, 0.2922, 0.2922, 0.3534, 0.2786, 0.5398, 0.5398, 0.2786, 0.4093, 0.4093, 0.2786, 0.3394, 0.3394, 0.2786, 0.3534, 0.2922, 0.2922, 0.3534, 0.3873, 0.2353, 0.2353, 0.3873, 0.3752, 0.3752, 0.2786, 0.3394, 0.3394, 0.2786, 0.3873, 0.3873, 0.3752, 0.3752, 0.2786, 0.3366, 0.3366, 0.2786, 0.3534, 0.2922, 0.2922, 0.3534, 0.2786, 0.3394, 0.3394, 0.2786, 0.2786, 0.5398, 0.5398, 0.2786, 0.3534, 0.5705, 0.5705, 0.3534, 0.3752, 0.3752, 0.3752, 0.3752, 0.3873, 0.3873, 0.3873, 0.3873, 0.2786, 0.5398, 0.5398, 0.2786, 0.3873, 0.3873, 0.4093, 0.4093, 0.3534, 0.5705, 0.5705, 0.3534, 0.3752, 0.3752, 0.3752, 0.3752, 0.3873, 0.3873, 0.3752, 0.3752, 0.3752, 0.3752, 0.3873, 0.3873, 0.2786, 0.5398, 0.5398, 0.2786, 0.3873, 0.2353, 0.2353, 0.3873, 0.3534, 0.2922, 0.2922, 0.3534, 0.3752, 0.3752, 0.2786, 0.5398, 0.5398, 0.2786, 0.2786, 0.5398, 0.5398, 0.2786, 0.3752, 0.3752, 0.3873, 0.3873, 0.3752, 0.3752, 0.4093, 0.4093, 0.3534, 0.2922, 0.2922, 0.3534, 0.3534, 0.5705, 0.5705, 0.3534, 0.3752, 0.3752, 0.3752, 0.3752, 0.2786, 0.3394, 0.3394, 0.2786, 0.3873, 0.3873, 0.4093, 0.4093, 0.2786, 0.3394, 0.3394, 0.2786, 0.2786, 0.3394, 0.3394, 0.2786, 0.3752, 0.3752, 0.3752, 0.3752, 0.3534, 0.5705, 0.5705, 0.3534, 0.3873, 0.3873, 0.3873, 0.2353, 0.2353, 0.3873, 0.3873, 0.3873, 0.3534, 0.2922, 0.2922, 0.3534, 0.3534, 0.5705, 0.5705, 0.3534, 0.3873, 0.3873, 0.2786, 0.3394, 0.3394, 0.2786, 0.2786, 0.3394, 0.3394, 0.2786, 0.3534, 0.2922, 0.2922, 0.3534, 0.3873, 0.2353, 0.2353, 0.3873, 0.3873, 0.3873, 0.2786, 0.3394, 0.3394, 0.2786, 0.3534, 0.5705, 0.5705, 0.3534, 0.3873, 0.3873, 0.3534, 0.2922, 0.2922, 0.3534, 0.3873, 0.2353, 0.2353, 0.3873, 0.3752, 0.3752, 0.3534, 0.5705, 0.5705, 0.3534, 0.4093, 0.4093, 0.2786, 0.5398, 0.5398, 0.2786, 0.2786, 0.5398, 0.5398, 0.2786, 0.3873, 0.2353, 0.2353, 0.3873, 0.3534, 0.5705, 0.5705, 0.3534, 0.3534, 0.2922, 0.2922, 0.3534, 0.3752, 0.3752, 0.3752, 0.3752, 0.2786, 0.3394, 0.3394, 0.2786, 0.3534, 0.2922, 0.2922, 0.3534, 0.3534, 0.2922, 0.2922, 0.3534, 0.2786, 0.5398, 0.5398, 0.2786, 0.3873, 0.2353, 0.2353, 0.3873, 0.2786, 0.3394, 0.3394, 0.2786, 0.4093, 0.4093, 0.3873, 0.2353, 0.2353, 0.3873, 0.2786, 0.2786, 0.3534, 0.5705, 0.5705, 0.3534, 0.3873, 0.2353, 0.2353, 0.3873, 0.2786, 0.3394, 0.3394, 0.2786, 0.3873, 0.3873, 0.3752, 0.3752, 0.3873, 0.2353, 0.2353, 0.3873, 0.3534, 0.2922, 0.2922, 0.3534, 0.3873, 0.2353, 0.2353, 0.3873, 0.3534, 0.5705, 0.5705, 0.3534, 0.2786, 0.3394, 0.3394, 0.2786, 0.2786, 0.5398, 0.5398, 0.2786, 0.3873, 0.3873, 0.2786, 0.5398, 0.5398, 0.2786, 0.3534, 0.5705, 0.5705, 0.3534, 0.2786, 0.5398, 0.5398, 0.2786, 0.2786, 0.3394, 0.3394, 0.2786, 0.3873, 0.3873, 0.3873, 0.3873, 0.3873, 0.3873, 0.3534, 0.5705, 0.5705, 0.3534, 0.3534, 0.2922, 0.2922, 0.3534, 0.3534, 0.5705, 0.5705, 0.3534, 0.3752, 0.3752, 0.3873, 0.3873, 0.3752, 0.3752, 0.2786, 0.5398, 0.5398, 0.2786, 0.2786, 0.5398, 0.5398, 0.2786, 0.2786, 0.3394, 0.3394, 0.2786, 0.3534, 0.5705, 0.5705, 0.3534, 0.2786, 0.3394, 0.3394, 0.2786, 0.2786, 0.3394, 0.3394, 0.2786, 0.2786, 0.5398, 0.5398, 0.2786, 0.2786, 0.3366, 0.3366, 0.2786, 0.3534, 0.5705, 0.5705, 0.3534, 0.3534, 0.5705, 0.5705, 0.3534, 0.3873, 0.2353, 0.2353, 0.3873, 0.3873, 0.3873, 0.2786, 0.3366, 0.3366, 0.2786, 0.2786, 0.3366, 0.3366, 0.2786, 0.3534, 0.3534, 0.3534, 0.3534, 0.3534, 0.3534, 0.3534, 0.3534, 0.3873, 0.2353, 0.2353, 0.3873, 0.3873, 0.3873, 0.2786, 0.3394, 0.3394, 0.2786, 0.3873, 0.2353, 0.2353, 0.3873, 0.3534, 0.5705, 0.5705, 0.3534, 0.3873, 0.2353, 0.2353, 0.3873, 0.2786, 0.3366, 0.3366, 0.2786, 0.2786, 0.3394, 0.3394, 0.2786, 0.2786, 0.3394, 0.3394, 0.2786, 0.3752, 0.3752, 0.3752, 0.3752, 0.3534, 0.2922, 0.2922, 0.3534, 0.3873, 0.3873, 0.3873, 0.2353, 0.2353, 0.3873, 0.3752, 0.3752, 0.3873, 0.3873, 0.3534, 0.5705, 0.5705, 0.3534, 0.2786, 0.3394, 0.3394, 0.2786, 0.2786, 0.3394, 0.3394, 0.2786, 0.3752, 0.3752, 0.3534, 0.5705, 0.5705, 0.3534, 0.2786, 0.5398, 0.5398, 0.2786, 0.2786, 0.3394, 0.3394, 0.2786, 0.3534, 0.2922, 0.2922, 0.3534, 0.3873, 0.3873, 0.3534, 0.2922, 0.2922, 0.3534, 0.4093, 0.4093, 0.4093, 0.4093, 0.4093, 0.4093, 0.4093, 0.4093, 0.4093, 0.4093, 0.4093, 0.4093, 0.4093, 0.4093, 0.4093, 0.4093, 0.4093, 0.4093, 0.4093, 0.4093, 0.4093, 0.4093, 0.4093, 0.4093, 0.2786, 0.3366, 0.3366, 0.2786, 0.2786, 0.3366, 0.3366, 0.2786, 0.2786, 0.3366, 0.3366, 0.2786, 0.2786, 0.3366, 0.3366, 0.2786, 0.2786, 0.3366, 0.3366, 0.2786, 0.2786, 0.3366, 0.3366, 0.2786, 0.2786, 0.3366, 0.3366, 0.2786, 0.2786, 0.3366, 0.3366, 0.2786, 0.2786, 0.3366, 0.3366, 0.2786, 0.2786, 0.3366, 0.3366, 0.2786, 0.2786, 0.3366, 0.3366, 0.2786, 0.2786, 0.3366, 0.3366, 0.2786, 0.2786, 0.3366, 0.3366, 0.2786, 0.2786, 0.3366, 0.3366, 0.2786, 0.2786, 0.3366, 0.3366, 0.2786, 0.2786, 0.3366, 0.3366, 0.2786, 0.2786, 0.3366, 0.3366, 0.2786, 0.2786, 0.3366, 0.3366, 0.2786, 0.4093, 0.4093, 0.4093, 0.4093, 0.4093, 0.4093, 0.4093, 0.4093, 0.4093, 0.4093, 0.4093, 0.4093, 0.4093, 0.4093, 0.4093, 0.4093, 0.4396, 0.4396, 0.4396, 0.4396, 0.4396, 0.4396, 0.4396, 0.4396, 0.4396, 0.4396, 0.4396, 0.4396, 0.4396, 0.4396, 0.4396, 0.4396, 0.4396, 0.4396, 0.4396, 0.4396, 0.4396, 0.4396, 0.4396, 0.4396, 0.4396, 0.4396, 0.4396, 0.4396, 0.4396, 0.4396, 0.4396, 0.4396, 0.4396, 0.4396, 0.4396, 0.4396, 0.4396, 0.4396, 0.4396, 0.4396, 0.4396, 0.4396, 0.4396, 0.4396, 0.4396, 0.4396, 0.4396, 0.4396, 0.4396, 0.4396, 0.4396, 0.4396, 0.4396, 0.4396, 0.4396, 0.4396, 0.4396, 0.4396, 0.4396, 0.4396, 0.4396, 0.4396, 0.4396, 0.4396, 0.4574, 0.4574, 0.4574, 0.4574, 0.4574, 0.4574, 0.4574, 0.4574, 0.4574, 0.4574, 0.4574, 0.4574, 0.4574, 0.4574, 0.4574, 0.4574, 0.4574, 0.4574, 0.4574, 0.4574, 0.4574, 0.4574, 0.4574, 0.4574, 0.4574, 0.4574, 0.4574, 0.4574, 0.4574, 0.4574, 0.4574, 0.4574, 0.4574, 0.4574, 0.3534, 0.2922, 0.2922, 0.3534, 0.4574, 0.4574, 0.4574, 0.4574, 0.4574, 0.4574, 0.4574, 0.4574, 0.4574, 0.4574, 0.4574, 0.4574, 0.4574, 0.4574, 0.4574, 0.4574, 0.4574, 0.4574, 0.4574, 0.4574, 0.4574, 0.4574, 0.4574, 0.4574, 0.4574, 0.4574, 0.4574, 0.4574, 0.4574, 0.4574, 0.3873, 0.1681, 0.1681, 0.3873, 0.3873, 0.1681, 0.1681, 0.3873, 0.3873, 0.1681, 0.1681, 0.3873, 0.3873, 0.1681, 0.1681, 0.3873, 0.3873, 0.1681, 0.1681, 0.3873, 0.3873, 0.1681, 0.1681, 0.3873, 0.3873, 0.1681, 0.1681, 0.3873, 0.3873, 0.1681, 0.1681, 0.3873, 0.3873, 0.1681, 0.1681, 0.3873, 0.3873, 0.1681, 0.1681, 0.3873, 0.3873, 0.1681, 0.1681, 0.3873, 0.3873, 0.1681, 0.1681, 0.3873, 0.3873, 0.1681, 0.1681, 0.3873, 0.3873, 0.1681, 0.1681, 0.3873, 0.3873, 0.1681, 0.1681, 0.3873, 0.3873, 0.1681, 0.1681, 0.3873, 0.3873, 0.1681, 0.1681, 0.3873, 0.3873, 0.1681, 0.1681, 0.3873, 0.3873, 0.1681, 0.1681, 0.3873, 0.3873, 0.1681, 0.1681, 0.3873, 0.3873, 0.1681, 0.1681, 0.3873, 0.2786, 0.3366, 0.3366, 0.2786, 0.2786, 0.3366, 0.3366, 0.2786, 0.2786, 0.3366, 0.3366, 0.2786, 0.2786, 0.5398, 0.5398, 0.2786, 0.3534, 0.3534, 0.3534, 0.2922, 0.2922, 0.3534, 0.2786, 0.2786, 0.2786, 0.2786, 0.3534, 0.5705, 0.5705, 0.3534, 0.2786, 0.3366, 0.3366, 0.2786, 0.3534, 0.2922, 0.2922, 0.3534, 0.3873, 0.2353, 0.2353, 0.3873, 0.2786, 0.2786, 0.2786, 0.5398, 0.5398, 0.2786, 0.3534, 0.3534, 0.3534, 0.2922, 0.2922, 0.3534, 0.3873, 0.2353, 0.2353, 0.3873, 0.2786, 0.5398, 0.5398, 0.2786, 0.2786, 0.3366, 0.3366, 0.2786, 0.3534, 0.2922, 0.2922, 0.3534, 0.3534, 0.5705, 0.5705, 0.3534, 0.2786, 0.3366, 0.3366, 0.2786, 0.2786, 0.3366, 0.3366, 0.2786, 0.3534, 0.2922, 0.2922, 0.3534, 0.3534, 0.3534, 0.3534, 0.3534, 0.3534, 0.3534, 0.3534, 0.3534, 0.3534, 0.3534, 0.3534, 0.3534, 0.3534, 0.3534, 0.3534, 0.3534, 0.3534, 0.3534, 0.3534, 0.3534, 0.2786, 0.2786, 0.2786, 0.2786, 0.2786, 0.2786, 0.2786, 0.2786, 0.2786, 0.2786, 0.3534, 0.2922, 0.2922, 0.3534, 0.2786, 0.3394, 0.3394, 0.2786, 0.2786, 0.3394, 0.3394, 0.2786, 0.3873, 0.2353, 0.2353, 0.3873, 0.2786, 0.5398, 0.5398, 0.2786, 0.2786, 0.3394, 0.3394, 0.2786, 0.3873, 0.2353, 0.2353, 0.3873, 0.3534, 0.5705, 0.5705, 0.3534, 0.2786, 0.5398, 0.5398, 0.2786, 0.3534, 0.2922, 0.2922, 0.3534, 0.3534, 0.2922, 0.2922, 0.3534, 0.2786, 0.5398, 0.5398, 0.2786, 0.3534, 0.2922, 0.2922, 0.3534, 0.3873, 0.2353, 0.2353, 0.3873]","[0.0, 10.0985, 10.0985, 0.0, 0.0, 30.2357, 30.2357, 0.0, 0.0, 20.942, 20.942, 0.0, 0.0, 10.0985, 10.0985, 0.0, 0.0, 20.942, 20.942, 0.0, 0.0, 14.6902, 14.6902, 0.0, 0.0, 13.6786, 13.6786, 0.0, 0.0, 30.2357, 30.2357, 0.0, 0.0, 30.2357, 30.2357, 0.0, 0.0, 10.0985, 10.0985, 0.0, 0.0, 30.2357, 30.2357, 0.0, 0.0, 20.942, 20.942, 0.0, 0.0, 30.2357, 30.2357, 0.0, 0.0, 14.6902, 14.6902, 0.0, 0.0, 10.0985, 10.0985, 0.0, 11.5965, 0.0, 0.0, 13.6786, 13.6786, 0.0, 0.0, 30.2357, 30.2357, 0.0, 11.5965, 0.0, 0.0, 14.6902, 14.6902, 0.0, 0.0, 30.2357, 30.2357, 0.0, 0.0, 10.0985, 10.0985, 0.0, 0.0, 20.942, 20.942, 0.0, 11.2586, 0.0, 0.0, 14.6902, 14.6902, 0.0, 0.0, 30.2357, 30.2357, 0.0, 11.2586, 0.0, 23.2818, 0.0, 11.5965, 0.0, 0.0, 13.6786, 13.6786, 0.0, 0.0, 14.6902, 14.6902, 0.0, 0.0, 10.0985, 10.0985, 0.0, 0.0, 13.6786, 13.6786, 0.0, 0.0, 10.0985, 10.0985, 0.0, 0.0, 13.6786, 13.6786, 0.0, 11.5965, 0.0, 0.0, 26.0264, 26.0264, 0.0, 0.0, 13.6786, 13.6786, 0.0, 11.5965, 0.0, 0.0, 13.6786, 13.6786, 0.0, 0.0, 20.942, 20.942, 0.0, 0.0, 13.6786, 13.6786, 0.0, 0.0, 13.6786, 13.6786, 0.0, 11.5965, 0.0, 11.2586, 0.0, 0.0, 10.0985, 10.0985, 0.0, 0.0, 10.0985, 10.0985, 0.0, 0.0, 26.0264, 26.0264, 0.0, 0.0, 13.6786, 13.6786, 0.0, 11.2586, 0.0, 23.2818, 0.0, 0.0, 13.6786, 13.6786, 0.0, 0.0, 14.6902, 14.6902, 0.0, 23.2818, 0.0, 23.2818, 0.0, 0.0, 20.942, 20.942, 0.0, 23.2818, 0.0, 0.0, 30.2357, 30.2357, 0.0, 0.0, 30.2357, 30.2357, 0.0, 13.0792, 0.0, 11.5965, 0.0, 23.2818, 0.0, 11.2586, 0.0, 0.0, 14.6902, 14.6902, 0.0, 0.0, 10.0985, 10.0985, 0.0, 23.2818, 0.0, 0.0, 20.942, 20.942, 0.0, 0.0, 14.6902, 14.6902, 0.0, 0.0, 13.6786, 13.6786, 0.0, 11.5965, 0.0, 0.0, 20.942, 20.942, 0.0, 11.2586, 0.0, 11.5965, 0.0, 0.0, 26.0264, 26.0264, 0.0, 0.0, 14.6902, 14.6902, 0.0, 0.0, 20.942, 20.942, 0.0, 0.0, 10.0985, 10.0985, 0.0, 0.0, 30.2357, 30.2357, 0.0, 11.5965, 0.0, 11.5965, 0.0, 11.2586, 0.0, 11.2586, 0.0, 0.0, 10.0985, 10.0985, 0.0, 11.2586, 0.0, 23.2818, 0.0, 0.0, 30.2357, 30.2357, 0.0, 11.5965, 0.0, 11.5965, 0.0, 11.2586, 0.0, 11.5965, 0.0, 11.5965, 0.0, 11.2586, 0.0, 0.0, 10.0985, 10.0985, 0.0, 0.0, 13.6786, 13.6786, 0.0, 0.0, 14.6902, 14.6902, 0.0, 11.5965, 0.0, 0.0, 10.0985, 10.0985, 0.0, 0.0, 10.0985, 10.0985, 0.0, 11.5965, 0.0, 11.2586, 0.0, 11.5965, 0.0, 23.2818, 0.0, 0.0, 14.6902, 14.6902, 0.0, 0.0, 30.2357, 30.2357, 0.0, 11.5965, 0.0, 11.5965, 0.0, 0.0, 20.942, 20.942, 0.0, 11.2586, 0.0, 23.2818, 0.0, 0.0, 20.942, 20.942, 0.0, 0.0, 20.942, 20.942, 0.0, 11.5965, 0.0, 11.5965, 0.0, 0.0, 30.2357, 30.2357, 0.0, 11.2586, 0.0, 0.0, 13.6786, 13.6786, 0.0, 11.2586, 0.0, 0.0, 14.6902, 14.6902, 0.0, 0.0, 30.2357, 30.2357, 0.0, 11.2586, 0.0, 0.0, 20.942, 20.942, 0.0, 0.0, 20.942, 20.942, 0.0, 0.0, 14.6902, 14.6902, 0.0, 0.0, 13.6786, 13.6786, 0.0, 11.2586, 0.0, 0.0, 20.942, 20.942, 0.0, 0.0, 30.2357, 30.2357, 0.0, 11.2586, 0.0, 0.0, 14.6902, 14.6902, 0.0, 0.0, 13.6786, 13.6786, 0.0, 11.5965, 0.0, 0.0, 30.2357, 30.2357, 0.0, 23.2818, 0.0, 0.0, 10.0985, 10.0985, 0.0, 0.0, 10.0985, 10.0985, 0.0, 0.0, 13.6786, 13.6786, 0.0, 0.0, 30.2357, 30.2357, 0.0, 0.0, 14.6902, 14.6902, 0.0, 11.5965, 0.0, 11.5965, 0.0, 0.0, 20.942, 20.942, 0.0, 0.0, 14.6902, 14.6902, 0.0, 0.0, 14.6902, 14.6902, 0.0, 0.0, 10.0985, 10.0985, 0.0, 0.0, 13.6786, 13.6786, 0.0, 0.0, 20.942, 20.942, 0.0, 23.2818, 0.0, 0.0, 13.6786, 13.6786, 0.0, 13.0792, 0.0, 0.0, 30.2357, 30.2357, 0.0, 0.0, 13.6786, 13.6786, 0.0, 0.0, 20.942, 20.942, 0.0, 11.2586, 0.0, 11.5965, 0.0, 0.0, 13.6786, 13.6786, 0.0, 0.0, 14.6902, 14.6902, 0.0, 0.0, 13.6786, 13.6786, 0.0, 0.0, 30.2357, 30.2357, 0.0, 0.0, 20.942, 20.942, 0.0, 0.0, 10.0985, 10.0985, 0.0, 11.2586, 0.0, 0.0, 10.0985, 10.0985, 0.0, 0.0, 30.2357, 30.2357, 0.0, 0.0, 10.0985, 10.0985, 0.0, 0.0, 20.942, 20.942, 0.0, 11.2586, 0.0, 11.2586, 0.0, 11.2586, 0.0, 0.0, 30.2357, 30.2357, 0.0, 0.0, 14.6902, 14.6902, 0.0, 0.0, 30.2357, 30.2357, 0.0, 11.5965, 0.0, 11.2586, 0.0, 11.5965, 0.0, 0.0, 10.0985, 10.0985, 0.0, 0.0, 10.0985, 10.0985, 0.0, 0.0, 20.942, 20.942, 0.0, 0.0, 30.2357, 30.2357, 0.0, 0.0, 20.942, 20.942, 0.0, 0.0, 20.942, 20.942, 0.0, 0.0, 10.0985, 10.0985, 0.0, 0.0, 26.0264, 26.0264, 0.0, 0.0, 30.2357, 30.2357, 0.0, 0.0, 30.2357, 30.2357, 0.0, 0.0, 13.6786, 13.6786, 0.0, 11.2586, 0.0, 0.0, 26.0264, 26.0264, 0.0, 0.0, 26.0264, 26.0264, 0.0, 11.8926, 0.0, 11.8926, 0.0, 11.8926, 0.0, 11.8926, 0.0, 0.0, 13.6786, 13.6786, 0.0, 11.2586, 0.0, 0.0, 20.942, 20.942, 0.0, 0.0, 13.6786, 13.6786, 0.0, 0.0, 30.2357, 30.2357, 0.0, 0.0, 13.6786, 13.6786, 0.0, 0.0, 26.0264, 26.0264, 0.0, 0.0, 20.942, 20.942, 0.0, 0.0, 20.942, 20.942, 0.0, 11.5965, 0.0, 11.5965, 0.0, 0.0, 14.6902, 14.6902, 0.0, 11.2586, 0.0, 0.0, 13.6786, 13.6786, 0.0, 11.5965, 0.0, 11.2586, 0.0, 0.0, 30.2357, 30.2357, 0.0, 0.0, 20.942, 20.942, 0.0, 0.0, 20.942, 20.942, 0.0, 11.5965, 0.0, 0.0, 30.2357, 30.2357, 0.0, 0.0, 10.0985, 10.0985, 0.0, 0.0, 20.942, 20.942, 0.0, 0.0, 14.6902, 14.6902, 0.0, 11.2586, 0.0, 0.0, 14.6902, 14.6902, 0.0, 23.2818, 0.0, 23.2818, 0.0, 23.2818, 0.0, 23.2818, 0.0, 23.2818, 0.0, 23.2818, 0.0, 23.2818, 0.0, 23.2818, 0.0, 23.2818, 0.0, 23.2818, 0.0, 23.2818, 0.0, 23.2818, 0.0, 0.0, 26.0264, 26.0264, 0.0, 0.0, 26.0264, 26.0264, 0.0, 0.0, 26.0264, 26.0264, 0.0, 0.0, 26.0264, 26.0264, 0.0, 0.0, 26.0264, 26.0264, 0.0, 0.0, 26.0264, 26.0264, 0.0, 0.0, 26.0264, 26.0264, 0.0, 0.0, 26.0264, 26.0264, 0.0, 0.0, 26.0264, 26.0264, 0.0, 0.0, 26.0264, 26.0264, 0.0, 0.0, 26.0264, 26.0264, 0.0, 0.0, 26.0264, 26.0264, 0.0, 0.0, 26.0264, 26.0264, 0.0, 0.0, 26.0264, 26.0264, 0.0, 0.0, 26.0264, 26.0264, 0.0, 0.0, 26.0264, 26.0264, 0.0, 0.0, 26.0264, 26.0264, 0.0, 0.0, 26.0264, 26.0264, 0.0, 23.2818, 0.0, 23.2818, 0.0, 23.2818, 0.0, 23.2818, 0.0, 23.2818, 0.0, 23.2818, 0.0, 23.2818, 0.0, 23.2818, 0.0, 14.8822, 0.0, 14.8822, 0.0, 14.8822, 0.0, 14.8822, 0.0, 14.8822, 0.0, 14.8822, 0.0, 14.8822, 0.0, 14.8822, 0.0, 14.8822, 0.0, 14.8822, 0.0, 14.8822, 0.0, 14.8822, 0.0, 14.8822, 0.0, 14.8822, 0.0, 14.8822, 0.0, 14.8822, 0.0, 14.8822, 0.0, 14.8822, 0.0, 14.8822, 0.0, 14.8822, 0.0, 14.8822, 0.0, 14.8822, 0.0, 14.8822, 0.0, 14.8822, 0.0, 14.8822, 0.0, 14.8822, 0.0, 14.8822, 0.0, 14.8822, 0.0, 14.8822, 0.0, 14.8822, 0.0, 14.8822, 0.0, 14.8822, 0.0, 21.8927, 0.0, 21.8927, 0.0, 21.8927, 0.0, 21.8927, 0.0, 21.8927, 0.0, 21.8927, 0.0, 21.8927, 0.0, 21.8927, 0.0, 21.8927, 0.0, 21.8927, 0.0, 21.8927, 0.0, 21.8927, 0.0, 21.8927, 0.0, 21.8927, 0.0, 21.8927, 0.0, 21.8927, 0.0, 21.8927, 0.0, 0.0, 14.6902, 14.6902, 0.0, 21.8927, 0.0, 21.8927, 0.0, 21.8927, 0.0, 21.8927, 0.0, 21.8927, 0.0, 21.8927, 0.0, 21.8927, 0.0, 21.8927, 0.0, 21.8927, 0.0, 21.8927, 0.0, 21.8927, 0.0, 21.8927, 0.0, 21.8927, 0.0, 21.8927, 0.0, 21.8927, 0.0, 0.0, 10.842, 10.842, 0.0, 0.0, 10.842, 10.842, 0.0, 0.0, 10.842, 10.842, 0.0, 0.0, 10.842, 10.842, 0.0, 0.0, 10.842, 10.842, 0.0, 0.0, 10.842, 10.842, 0.0, 0.0, 10.842, 10.842, 0.0, 0.0, 10.842, 10.842, 0.0, 0.0, 10.842, 10.842, 0.0, 0.0, 10.842, 10.842, 0.0, 0.0, 10.842, 10.842, 0.0, 0.0, 10.842, 10.842, 0.0, 0.0, 10.842, 10.842, 0.0, 0.0, 10.842, 10.842, 0.0, 0.0, 10.842, 10.842, 0.0, 0.0, 10.842, 10.842, 0.0, 0.0, 10.842, 10.842, 0.0, 0.0, 10.842, 10.842, 0.0, 0.0, 10.842, 10.842, 0.0, 0.0, 10.842, 10.842, 0.0, 0.0, 10.842, 10.842, 0.0, 0.0, 26.0264, 26.0264, 0.0, 0.0, 26.0264, 26.0264, 0.0, 0.0, 26.0264, 26.0264, 0.0, 0.0, 10.0985, 10.0985, 0.0, 11.8926, 0.0, 0.0, 14.6902, 14.6902, 0.0, 13.0792, 0.0, 13.0792, 0.0, 0.0, 30.2357, 30.2357, 0.0, 0.0, 26.0264, 26.0264, 0.0, 0.0, 14.6902, 14.6902, 0.0, 0.0, 13.6786, 13.6786, 0.0, 13.0792, 0.0, 0.0, 10.0985, 10.0985, 0.0, 11.8926, 0.0, 0.0, 14.6902, 14.6902, 0.0, 0.0, 13.6786, 13.6786, 0.0, 0.0, 10.0985, 10.0985, 0.0, 0.0, 26.0264, 26.0264, 0.0, 0.0, 14.6902, 14.6902, 0.0, 0.0, 30.2357, 30.2357, 0.0, 0.0, 26.0264, 26.0264, 0.0, 0.0, 26.0264, 26.0264, 0.0, 0.0, 14.6902, 14.6902, 0.0, 11.8926, 0.0, 11.8926, 0.0, 11.8926, 0.0, 11.8926, 0.0, 11.8926, 0.0, 11.8926, 0.0, 11.8926, 0.0, 11.8926, 0.0, 11.8926, 0.0, 11.8926, 0.0, 13.0792, 0.0, 13.0792, 0.0, 13.0792, 0.0, 13.0792, 0.0, 13.0792, 0.0, 0.0, 14.6902, 14.6902, 0.0, 0.0, 20.942, 20.942, 0.0, 0.0, 20.942, 20.942, 0.0, 0.0, 13.6786, 13.6786, 0.0, 0.0, 10.0985, 10.0985, 0.0, 0.0, 20.942, 20.942, 0.0, 0.0, 13.6786, 13.6786, 0.0, 0.0, 30.2357, 30.2357, 0.0, 0.0, 10.0985, 10.0985, 0.0, 0.0, 14.6902, 14.6902, 0.0, 0.0, 14.6902, 14.6902, 0.0, 0.0, 10.0985, 10.0985, 0.0, 0.0, 14.6902, 14.6902, 0.0, 0.0, 13.6786, 13.6786, 0.0]",success,
0.5,1,1.3,15,395,2.6161,"[4, 0, 3, 11, 3, 0, 3, 9, 3, 0, 3, 9, 3, 0, 7, 10, 7, 0, 7, 12, 7, 0, 3, 11, 3, 0, 8, 0, 13, 0, 3, 11, 3, 0, 3, 0, 7, 0, 7, 10, 7, 0, 3, 11, 3, 0, 3, 0, 7, 10, 7, 0, 8, 0, 7, 12, 7, 0, 13, 0, 4, 0, 8, 0, 3, 0, 3, 9, 3, 0, 3, 9, 3, 0, 7, 12, 7, 0, 7, 14, 7, 0, 13, 0, 3, 9, 3, 0, 8, 0, 4, 0, 8, 0, 7, 12, 7, 0, 13, 0, 3, 11, 3, 0, 13, 0, 7, 12, 7, 0, 7, 0, 7, 0, 13, 0, 8, 0, 3, 0, 4, 0, 3, 9, 3, 0, 3, 11, 3, 0, 8, 0, 8, 0, 3, 11, 3, 0, 4, 0, 13, 0, 8, 0, 3, 0, 4, 0, 7, 10, 7, 0, 1, 0, 7, 0, 3, 9, 3, 0, 3, 11, 3, 0, 3, 0, 1, 0, 3, 0, 4, 0, 3, 9, 3, 0, 13, 0, 7, 12, 7, 0, 7, 12, 7, 0, 8, 0, 13, 0, 7, 0, 3, 11, 3, 0, 4, 0, 3, 11, 3, 0, 7, 12, 7, 0, 7, 14, 7, 0, 4, 0, 3, 11, 3, 0, 4, 0, 7, 12, 7, 0, 3, 0, 1, 0, 7, 12, 7, 0, 3, 9, 3, 0, 3, 9, 3, 0, 1, 0, 1, 0, 7, 12, 7, 0, 3, 0, 7, 10, 7, 0, 3, 9, 3, 0, 3, 11, 3, 0, 3, 9, 3, 0, 7, 14, 7, 0, 13, 0, 7, 14, 7, 0, 8, 0, 3, 9, 3, 0, 3, 0, 13, 0, 7, 0, 7, 14, 7, 0, 8, 0, 7, 14, 7, 0, 3, 9, 3, 0, 3, 0, 4, 0, 1, 0, 7, 14, 7, 0, 8, 0, 3, 11, 3, 0, 8, 0, 13, 0, 1, 0, 3, 9, 3, 0, 4, 0, 3, 11, 3, 0, 1, 0, 13, 0, 7, 12, 7, 0, 8, 0, 1, 0, 7, 14, 7, 0, 13, 0, 1, 0, 7, 0, 7, 14, 7, 0, 7, 14, 7, 0, 13, 0, 8, 0, 6, 2, 6, 0, 6, 2, 6, 0, 7, 12, 7, 0, 8, 0, 4, 0, 13, 0, 7, 14, 7, 0, 7, 12, 7, 0, 3, 11, 3, 0, 1, 0, 7, 10, 7, 0, 13, 0, 3, 11, 3, 0, 1, 0, 7, 10, 7, 0, 3, 9, 3, 0, 7, 14, 7, 0, 7, 12, 7, 0, 7, 14, 7, 0, 3, 11, 3, 0, 1, 0, 3, 0, 6, 2, 6, 0, 7, 14, 7, 0, 8, 0, 3, 0, 7, 14, 7, 0, 7, 14, 7, 0, 13, 0, 3, 0, 7, 14, 7, 0, 7, 12, 7, 0, 3, 9, 3, 0, 7, 14, 7, 0, 4, 0, 7, 10, 7, 0, 7, 12, 7, 0, 7, 10, 7, 0, 13, 0, 3, 0, 7, 12, 7, 0, 3, 9, 3, 0, 7, 10, 7, 0, 3, 11, 3, 0, 3, 11, 3, 0, 3, 9, 3, 0, 4, 0, 6, 2, 6, 0, 7, 10, 7, 0, 13, 0, 7, 12, 7, 0, 4, 0, 7, 12, 7, 0, 13, 0, 8, 0, 7, 12, 7, 0, 7, 0, 7, 12, 7, 0, 7, 14, 7, 0, 3, 9, 3, 0, 7, 14, 7, 0, 13, 0, 7, 10, 7, 0, 1, 0, 4, 0, 3, 9, 3, 0, 3, 0, 7, 10, 7, 0, 6, 2, 6, 0, 7, 12, 7, 0, 3, 11, 3, 0, 3, 0, 7, 10, 7, 0, 7, 12, 7, 0, 7, 10, 7, 0, 3, 0, 13, 0, 3, 9, 3, 0, 4, 0, 4, 0, 7, 0, 7, 14, 7, 0, 7, 10, 7, 0, 3, 11, 3, 0, 3, 9, 3, 0, 7, 14, 7, 0, 6, 2, 6, 0, 6, 2, 6, 0, 7, 10, 7, 0, 7, 14, 7, 0, 7, 12, 7, 0, 4, 0, 7, 10, 7, 0, 7, 10, 7, 0, 3, 9, 3, 0, 7, 12, 7, 0, 3, 9, 3, 0, 4, 0, 7, 10, 7, 0, 8, 0, 3, 0, 1, 0, 7, 12, 7, 0, 4, 0, 7, 10, 7, 0, 13, 0, 1, 0, 7, 10, 7, 0, 7, 12, 7, 0, 3, 9, 3, 0, 8, 0, 8, 0, 4, 0, 4, 0, 7, 14, 7, 0, 7, 14, 7, 0, 7, 12, 7, 0, 8, 0, 3, 11, 3, 0, 3, 9, 3, 0, 3, 11, 3, 0, 7, 10, 7, 0, 4, 0, 8, 0, 1, 0, 8, 0, 4, 0, 7, 10, 7, 0, 3, 0, 8, 0, 3, 11, 3, 0, 13, 0, 7, 10, 7, 0, 7, 10, 7, 0, 1, 0, 7, 0, 1, 0, 3, 11, 3, 0, 7, 10, 7, 0, 3, 11, 3, 0, 7, 14, 7, 0, 7, 0, 13, 0, 3, 0, 3, 0, 3, 0, 3, 0, 3, 0, 3, 0, 3, 0, 6, 0, 6, 0, 6, 0, 6, 0, 6, 0, 6, 0, 6, 0, 6, 0, 6, 0, 6, 0, 6, 0, 6, 0, 6, 0, 6, 0, 6, 0, 6, 0, 6, 0, 6, 0, 6, 0, 6, 0, 6, 0, 6, 0, 6, 5, 6, 0, 6, 5, 6, 0, 6, 5, 6, 0, 6, 5, 6, 0, 6, 5, 6, 0, 6, 5, 6, 0, 6, 5, 6, 0, 6, 5, 6, 0, 6, 5, 6, 0, 6, 5, 6, 0, 6, 5, 6, 0, 6, 5, 6, 0, 6, 5, 6, 0, 6, 5, 6, 0, 6, 5, 6, 0, 6, 5, 6, 0, 6, 5, 6, 0, 6, 5, 6, 0, 6, 5, 6, 0, 6, 5, 6, 0, 6, 5, 6, 0, 6, 5, 6, 0, 6, 5, 6, 0, 6, 5, 6, 0, 1, 0, 7, 14, 7, 0, 3, 11, 3, 0, 8, 0, 4, 0, 1, 0, 6, 5, 6, 0, 6, 5, 6, 0, 6, 5, 6, 0, 6, 5, 6, 0, 6, 5, 6, 0, 6, 5, 6, 0, 6, 2, 6, 0, 6, 2, 6, 0, 6, 2, 6, 0, 6, 2, 6, 0, 6, 2, 6, 0, 6, 2, 6, 0, 6, 2, 6, 0, 6, 2, 6, 0, 6, 2, 6, 0, 6, 2, 6, 0, 6, 2, 6, 0, 6, 2, 6, 0, 6, 2, 6, 0, 6, 2, 6, 0, 6, 2, 6, 0, 6, 2, 6, 0, 6, 2, 6, 0, 6, 2, 6, 0, 6, 2, 6, 0, 6, 2, 6, 0, 6, 2, 6, 0, 6, 2, 6, 0, 6, 2, 6, 0, 3, 9, 3, 0, 7, 0, 7, 14, 7, 0, 3, 9, 3, 0, 8, 0, 3, 11, 3, 0, 3, 0, 1, 0, 7, 0, 4, 0, 1, 0, 8, 0, 3, 0, 1, 0, 13, 0, 7, 0, 7, 10, 7, 0, 3, 11, 3, 0, 7, 10, 7, 0, 4, 0, 1, 0, 3, 11, 3, 0, 4, 0, 7, 10, 7, 0, 1, 0, 13, 0, 7, 14, 7, 0, 13, 0, 3, 0, 1, 0, 13, 0, 1, 0, 1, 0, 7, 14, 7, 0, 8, 0, 7, 12, 7, 0, 1, 0]","[0.3752, 0.3873, 0.2353, 0.2353, 0.3873, 0.3873, 0.1681, 0.1681, 0.3873, 0.3873, 0.1681, 0.1681, 0.3873, 0.2786, 0.3394, 0.3394, 0.2786, 0.2786, 0.3366, 0.3366, 0.2786, 0.3873, 0.2353, 0.2353, 0.3873, 0.4396, 0.4396, 0.4574, 0.4574, 0.3873, 0.2353, 0.2353, 0.3873, 0.3873, 0.3873, 0.2786, 0.2786, 0.2786, 0.3394, 0.3394, 0.2786, 0.3873, 0.2353, 0.2353, 0.3873, 0.3873, 0.3873, 0.2786, 0.3394, 0.3394, 0.2786, 0.4396, 0.4396, 0.2786, 0.3366, 0.3366, 0.2786, 0.4574, 0.4574, 0.3752, 0.3752, 0.4396, 0.4396, 0.3873, 0.3873, 0.3873, 0.1681, 0.1681, 0.3873, 0.3873, 0.1681, 0.1681, 0.3873, 0.2786, 0.3366, 0.3366, 0.2786, 0.2786, 0.5398, 0.5398, 0.2786, 0.4574, 0.4574, 0.3873, 0.1681, 0.1681, 0.3873, 0.4396, 0.4396, 0.3752, 0.3752, 0.4396, 0.4396, 0.2786, 0.3366, 0.3366, 0.2786, 0.4574, 0.4574, 0.3873, 0.2353, 0.2353, 0.3873, 0.4574, 0.4574, 0.2786, 0.3366, 0.3366, 0.2786, 0.2786, 0.2786, 0.2786, 0.2786, 0.4574, 0.4574, 0.4396, 0.4396, 0.3873, 0.3873, 0.3752, 0.3752, 0.3873, 0.1681, 0.1681, 0.3873, 0.3873, 0.2353, 0.2353, 0.3873, 0.4396, 0.4396, 0.4396, 0.4396, 0.3873, 0.2353, 0.2353, 0.3873, 0.3752, 0.3752, 0.4574, 0.4574, 0.4396, 0.4396, 0.3873, 0.3873, 0.3752, 0.3752, 0.2786, 0.3394, 0.3394, 0.2786, 0.4093, 0.4093, 0.2786, 0.2786, 0.3873, 0.1681, 0.1681, 0.3873, 0.3873, 0.2353, 0.2353, 0.3873, 0.3873, 0.3873, 0.4093, 0.4093, 0.3873, 0.3873, 0.3752, 0.3752, 0.3873, 0.1681, 0.1681, 0.3873, 0.4574, 0.4574, 0.2786, 0.3366, 0.3366, 0.2786, 0.2786, 0.3366, 0.3366, 0.2786, 0.4396, 0.4396, 0.4574, 0.4574, 0.2786, 0.2786, 0.3873, 0.2353, 0.2353, 0.3873, 0.3752, 0.3752, 0.3873, 0.2353, 0.2353, 0.3873, 0.2786, 0.3366, 0.3366, 0.2786, 0.2786, 0.5398, 0.5398, 0.2786, 0.3752, 0.3752, 0.3873, 0.2353, 0.2353, 0.3873, 0.3752, 0.3752, 0.2786, 0.3366, 0.3366, 0.2786, 0.3873, 0.3873, 0.4093, 0.4093, 0.2786, 0.3366, 0.3366, 0.2786, 0.3873, 0.1681, 0.1681, 0.3873, 0.3873, 0.1681, 0.1681, 0.3873, 0.4093, 0.4093, 0.4093, 0.4093, 0.2786, 0.3366, 0.3366, 0.2786, 0.3873, 0.3873, 0.2786, 0.3394, 0.3394, 0.2786, 0.3873, 0.1681, 0.1681, 0.3873, 0.3873, 0.2353, 0.2353, 0.3873, 0.3873, 0.1681, 0.1681, 0.3873, 0.2786, 0.5398, 0.5398, 0.2786, 0.4574, 0.4574, 0.2786, 0.5398, 0.5398, 0.2786, 0.4396, 0.4396, 0.3873, 0.1681, 0.1681, 0.3873, 0.3873, 0.3873, 0.4574, 0.4574, 0.2786, 0.2786, 0.2786, 0.5398, 0.5398, 0.2786, 0.4396, 0.4396, 0.2786, 0.5398, 0.5398, 0.2786, 0.3873, 0.1681, 0.1681, 0.3873, 0.3873, 0.3873, 0.3752, 0.3752, 0.4093, 0.4093, 0.2786, 0.5398, 0.5398, 0.2786, 0.4396, 0.4396, 0.3873, 0.2353, 0.2353, 0.3873, 0.4396, 0.4396, 0.4574, 0.4574, 0.4093, 0.4093, 0.3873, 0.1681, 0.1681, 0.3873, 0.3752, 0.3752, 0.3873, 0.2353, 0.2353, 0.3873, 0.4093, 0.4093, 0.4574, 0.4574, 0.2786, 0.3366, 0.3366, 0.2786, 0.4396, 0.4396, 0.4093, 0.4093, 0.2786, 0.5398, 0.5398, 0.2786, 0.4574, 0.4574, 0.4093, 0.4093, 0.2786, 0.2786, 0.2786, 0.5398, 0.5398, 0.2786, 0.2786, 0.5398, 0.5398, 0.2786, 0.4574, 0.4574, 0.4396, 0.4396, 0.3534, 0.5705, 0.5705, 0.3534, 0.3534, 0.5705, 0.5705, 0.3534, 0.2786, 0.3366, 0.3366, 0.2786, 0.4396, 0.4396, 0.3752, 0.3752, 0.4574, 0.4574, 0.2786, 0.5398, 0.5398, 0.2786, 0.2786, 0.3366, 0.3366, 0.2786, 0.3873, 0.2353, 0.2353, 0.3873, 0.4093, 0.4093, 0.2786, 0.3394, 0.3394, 0.2786, 0.4574, 0.4574, 0.3873, 0.2353, 0.2353, 0.3873, 0.4093, 0.4093, 0.2786, 0.3394, 0.3394, 0.2786, 0.3873, 0.1681, 0.1681, 0.3873, 0.2786, 0.5398, 0.5398, 0.2786, 0.2786, 0.3366, 0.3366, 0.2786, 0.2786, 0.5398, 0.5398, 0.2786, 0.3873, 0.2353, 0.2353, 0.3873, 0.4093, 0.4093, 0.3873, 0.3873, 0.3534, 0.5705, 0.5705, 0.3534, 0.2786, 0.5398, 0.5398, 0.2786, 0.4396, 0.4396, 0.3873, 0.3873, 0.2786, 0.5398, 0.5398, 0.2786, 0.2786, 0.5398, 0.5398, 0.2786, 0.4574, 0.4574, 0.3873, 0.3873, 0.2786, 0.5398, 0.5398, 0.2786, 0.2786, 0.3366, 0.3366, 0.2786, 0.3873, 0.1681, 0.1681, 0.3873, 0.2786, 0.5398, 0.5398, 0.2786, 0.3752, 0.3752, 0.2786, 0.3394, 0.3394, 0.2786, 0.2786, 0.3366, 0.3366, 0.2786, 0.2786, 0.3394, 0.3394, 0.2786, 0.4574, 0.4574, 0.3873, 0.3873, 0.2786, 0.3366, 0.3366, 0.2786, 0.3873, 0.1681, 0.1681, 0.3873, 0.2786, 0.3394, 0.3394, 0.2786, 0.3873, 0.2353, 0.2353, 0.3873, 0.3873, 0.2353, 0.2353, 0.3873, 0.3873, 0.1681, 0.1681, 0.3873, 0.3752, 0.3752, 0.3534, 0.5705, 0.5705, 0.3534, 0.2786, 0.3394, 0.3394, 0.2786, 0.4574, 0.4574, 0.2786, 0.3366, 0.3366, 0.2786, 0.3752, 0.3752, 0.2786, 0.3366, 0.3366, 0.2786, 0.4574, 0.4574, 0.4396, 0.4396, 0.2786, 0.3366, 0.3366, 0.2786, 0.2786, 0.2786, 0.2786, 0.3366, 0.3366, 0.2786, 0.2786, 0.5398, 0.5398, 0.2786, 0.3873, 0.1681, 0.1681, 0.3873, 0.2786, 0.5398, 0.5398, 0.2786, 0.4574, 0.4574, 0.2786, 0.3394, 0.3394, 0.2786, 0.4093, 0.4093, 0.3752, 0.3752, 0.3873, 0.1681, 0.1681, 0.3873, 0.3873, 0.3873, 0.2786, 0.3394, 0.3394, 0.2786, 0.3534, 0.5705, 0.5705, 0.3534, 0.2786, 0.3366, 0.3366, 0.2786, 0.3873, 0.2353, 0.2353, 0.3873, 0.3873, 0.3873, 0.2786, 0.3394, 0.3394, 0.2786, 0.2786, 0.3366, 0.3366, 0.2786, 0.2786, 0.3394, 0.3394, 0.2786, 0.3873, 0.3873, 0.4574, 0.4574, 0.3873, 0.1681, 0.1681, 0.3873, 0.3752, 0.3752, 0.3752, 0.3752, 0.2786, 0.2786, 0.2786, 0.5398, 0.5398, 0.2786, 0.2786, 0.3394, 0.3394, 0.2786, 0.3873, 0.2353, 0.2353, 0.3873, 0.3873, 0.1681, 0.1681, 0.3873, 0.2786, 0.5398, 0.5398, 0.2786, 0.3534, 0.5705, 0.5705, 0.3534, 0.3534, 0.5705, 0.5705, 0.3534, 0.2786, 0.3394, 0.3394, 0.2786, 0.2786, 0.5398, 0.5398, 0.2786, 0.2786, 0.3366, 0.3366, 0.2786, 0.3752, 0.3752, 0.2786, 0.3394, 0.3394, 0.2786, 0.2786, 0.3394, 0.3394, 0.2786, 0.3873, 0.1681, 0.1681, 0.3873, 0.2786, 0.3366, 0.3366, 0.2786, 0.3873, 0.1681, 0.1681, 0.3873, 0.3752, 0.3752, 0.2786, 0.3394, 0.3394, 0.2786, 0.4396, 0.4396, 0.3873, 0.3873, 0.4093, 0.4093, 0.2786, 0.3366, 0.3366, 0.2786, 0.3752, 0.3752, 0.2786, 0.3394, 0.3394, 0.2786, 0.4574, 0.4574, 0.4093, 0.4093, 0.2786, 0.3394, 0.3394, 0.2786, 0.2786, 0.3366, 0.3366, 0.2786, 0.3873, 0.1681, 0.1681, 0.3873, 0.4396, 0.4396, 0.4396, 0.4396, 0.3752, 0.3752, 0.3752, 0.3752, 0.2786, 0.5398, 0.5398, 0.2786, 0.2786, 0.5398, 0.5398, 0.2786, 0.2786, 0.3366, 0.3366, 0.2786, 0.4396, 0.4396, 0.3873, 0.2353, 0.2353, 0.3873, 0.3873, 0.1681, 0.1681, 0.3873, 0.3873, 0.2353, 0.2353, 0.3873, 0.2786, 0.3394, 0.3394, 0.2786, 0.3752, 0.3752, 0.4396, 0.4396, 0.4093, 0.4093, 0.4396, 0.4396, 0.3752, 0.3752, 0.2786, 0.3394, 0.3394, 0.2786, 0.3873, 0.3873, 0.4396, 0.4396, 0.3873, 0.2353, 0.2353, 0.3873, 0.4574, 0.4574, 0.2786, 0.3394, 0.3394, 0.2786, 0.2786, 0.3394, 0.3394, 0.2786, 0.4093, 0.4093, 0.2786, 0.2786, 0.4093, 0.4093, 0.3873, 0.2353, 0.2353, 0.3873, 0.2786, 0.3394, 0.3394, 0.2786, 0.3873, 0.2353, 0.2353, 0.3873, 0.2786, 0.5398, 0.5398, 0.2786, 0.2786, 0.2786, 0.4574, 0.4574, 0.3873, 0.3873, 0.3873, 0.3873, 0.3873, 0.3873, 0.3873, 0.3873, 0.3873, 0.3873, 0.3873, 0.3873, 0.3873, 0.3873, 0.3534, 0.3534, 0.3534, 0.3534, 0.3534, 0.3534, 0.3534, 0.3534, 0.3534, 0.3534, 0.3534, 0.3534, 0.3534, 0.3534, 0.3534, 0.3534, 0.3534, 0.3534, 0.3534, 0.3534, 0.3534, 0.3534, 0.3534, 0.3534, 0.3534, 0.3534, 0.3534, 0.3534, 0.3534, 0.3534, 0.3534, 0.3534, 0.3534, 0.3534, 0.3534, 0.3534, 0.3534, 0.3534, 0.3534, 0.3534, 0.3534, 0.3534, 0.3534, 0.3534, 0.3534, 0.2922, 0.2922, 0.3534, 0.3534, 0.2922, 0.2922, 0.3534, 0.3534, 0.2922, 0.2922, 0.3534, 0.3534, 0.2922, 0.2922, 0.3534, 0.3534, 0.2922, 0.2922, 0.3534, 0.3534, 0.2922, 0.2922, 0.3534, 0.3534, 0.2922, 0.2922, 0.3534, 0.3534, 0.2922, 0.2922, 0.3534, 0.3534, 0.2922, 0.2922, 0.3534, 0.3534, 0.2922, 0.2922, 0.3534, 0.3534, 0.2922, 0.2922, 0.3534, 0.3534, 0.2922, 0.2922, 0.3534, 0.3534, 0.2922, 0.2922, 0.3534, 0.3534, 0.2922, 0.2922, 0.3534, 0.3534, 0.2922, 0.2922, 0.3534, 0.3534, 0.2922, 0.2922, 0.3534, 0.3534, 0.2922, 0.2922, 0.3534, 0.3534, 0.2922, 0.2922, 0.3534, 0.3534, 0.2922, 0.2922, 0.3534, 0.3534, 0.2922, 0.2922, 0.3534, 0.3534, 0.2922, 0.2922, 0.3534, 0.3534, 0.2922, 0.2922, 0.3534, 0.3534, 0.2922, 0.2922, 0.3534, 0.3534, 0.2922, 0.2922, 0.3534, 0.4093, 0.4093, 0.2786, 0.5398, 0.5398, 0.2786, 0.3873, 0.2353, 0.2353, 0.3873, 0.4396, 0.4396, 0.3752, 0.3752, 0.4093, 0.4093, 0.3534, 0.2922, 0.2922, 0.3534, 0.3534, 0.2922, 0.2922, 0.3534, 0.3534, 0.2922, 0.2922, 0.3534, 0.3534, 0.2922, 0.2922, 0.3534, 0.3534, 0.2922, 0.2922, 0.3534, 0.3534, 0.2922, 0.2922, 0.3534, 0.3534, 0.5705, 0.5705, 0.3534, 0.3534, 0.5705, 0.5705, 0.3534, 0.3534, 0.5705, 0.5705, 0.3534, 0.3534, 0.5705, 0.5705, 0.3534, 0.3534, 0.5705, 0.5705, 0.3534, 0.3534, 0.5705, 0.5705, 0.3534, 0.3534, 0.5705, 0.5705, 0.3534, 0.3534, 0.5705, 0.5705, 0.3534, 0.3534, 0.5705, 0.5705, 0.3534, 0.3534, 0.5705, 0.5705, 0.3534, 0.3534, 0.5705, 0.5705, 0.3534, 0.3534, 0.5705, 0.5705, 0.3534, 0.3534, 0.5705, 0.5705, 0.3534, 0.3534, 0.5705, 0.5705, 0.3534, 0.3534, 0.5705, 0.5705, 0.3534, 0.3534, 0.5705, 0.5705, 0.3534, 0.3534, 0.5705, 0.5705, 0.3534, 0.3534, 0.5705, 0.5705, 0.3534, 0.3534, 0.5705, 0.5705, 0.3534, 0.3534, 0.5705, 0.5705, 0.3534, 0.3534, 0.5705, 0.5705, 0.3534, 0.3534, 0.5705, 0.5705, 0.3534, 0.3534, 0.5705, 0.5705, 0.3534, 0.3873, 0.1681, 0.1681, 0.3873, 0.2786, 0.2786, 0.2786, 0.5398, 0.5398, 0.2786, 0.3873, 0.1681, 0.1681, 0.3873, 0.4396, 0.4396, 0.3873, 0.2353, 0.2353, 0.3873, 0.3873, 0.3873, 0.4093, 0.4093, 0.2786, 0.2786, 0.3752, 0.3752, 0.4093, 0.4093, 0.4396, 0.4396, 0.3873, 0.3873, 0.4093, 0.4093, 0.4574, 0.4574, 0.2786, 0.2786, 0.2786, 0.3394, 0.3394, 0.2786, 0.3873, 0.2353, 0.2353, 0.3873, 0.2786, 0.3394, 0.3394, 0.2786, 0.3752, 0.3752, 0.4093, 0.4093, 0.3873, 0.2353, 0.2353, 0.3873, 0.3752, 0.3752, 0.2786, 0.3394, 0.3394, 0.2786, 0.4093, 0.4093, 0.4574, 0.4574, 0.2786, 0.5398, 0.5398, 0.2786, 0.4574, 0.4574, 0.3873, 0.3873, 0.4093, 0.4093, 0.4574, 0.4574, 0.4093, 0.4093, 0.4093, 0.4093, 0.2786, 0.5398, 0.5398, 0.2786, 0.4396, 0.4396, 0.2786, 0.3366, 0.3366, 0.2786, 0.4093, 0.4093]","[12.3696, 0.0, 0.0, 14.5905, 14.5905, 0.0, 0.0, 7.8511, 7.8511, 0.0, 0.0, 7.8511, 7.8511, 0.0, 0.0, 22.3381, 22.3381, 0.0, 0.0, 27.7615, 27.7615, 0.0, 0.0, 14.5905, 14.5905, 0.0, 15.8743, 0.0, 23.3522, 0.0, 0.0, 14.5905, 14.5905, 0.0, 10.8833, 0.0, 9.3423, 0.0, 0.0, 22.3381, 22.3381, 0.0, 0.0, 14.5905, 14.5905, 0.0, 10.8833, 0.0, 0.0, 22.3381, 22.3381, 0.0, 15.8743, 0.0, 0.0, 27.7615, 27.7615, 0.0, 23.3522, 0.0, 12.3696, 0.0, 15.8743, 0.0, 10.8833, 0.0, 0.0, 7.8511, 7.8511, 0.0, 0.0, 7.8511, 7.8511, 0.0, 0.0, 27.7615, 27.7615, 0.0, 0.0, 10.4351, 10.4351, 0.0, 23.3522, 0.0, 0.0, 7.8511, 7.8511, 0.0, 15.8743, 0.0, 12.3696, 0.0, 15.8743, 0.0, 0.0, 27.7615, 27.7615, 0.0, 23.3522, 0.0, 0.0, 14.5905, 14.5905, 0.0, 23.3522, 0.0, 0.0, 27.7615, 27.7615, 0.0, 9.3423, 0.0, 9.3423, 0.0, 23.3522, 0.0, 15.8743, 0.0, 10.8833, 0.0, 12.3696, 0.0, 0.0, 7.8511, 7.8511, 0.0, 0.0, 14.5905, 14.5905, 0.0, 15.8743, 0.0, 15.8743, 0.0, 0.0, 14.5905, 14.5905, 0.0, 12.3696, 0.0, 23.3522, 0.0, 15.8743, 0.0, 10.8833, 0.0, 12.3696, 0.0, 0.0, 22.3381, 22.3381, 0.0, 24.8339, 0.0, 9.3423, 0.0, 0.0, 7.8511, 7.8511, 0.0, 0.0, 14.5905, 14.5905, 0.0, 10.8833, 0.0, 24.8339, 0.0, 10.8833, 0.0, 12.3696, 0.0, 0.0, 7.8511, 7.8511, 0.0, 23.3522, 0.0, 0.0, 27.7615, 27.7615, 0.0, 0.0, 27.7615, 27.7615, 0.0, 15.8743, 0.0, 23.3522, 0.0, 9.3423, 0.0, 0.0, 14.5905, 14.5905, 0.0, 12.3696, 0.0, 0.0, 14.5905, 14.5905, 0.0, 0.0, 27.7615, 27.7615, 0.0, 0.0, 10.4351, 10.4351, 0.0, 12.3696, 0.0, 0.0, 14.5905, 14.5905, 0.0, 12.3696, 0.0, 0.0, 27.7615, 27.7615, 0.0, 10.8833, 0.0, 24.8339, 0.0, 0.0, 27.7615, 27.7615, 0.0, 0.0, 7.8511, 7.8511, 0.0, 0.0, 7.8511, 7.8511, 0.0, 24.8339, 0.0, 24.8339, 0.0, 0.0, 27.7615, 27.7615, 0.0, 10.8833, 0.0, 0.0, 22.3381, 22.3381, 0.0, 0.0, 7.8511, 7.8511, 0.0, 0.0, 14.5905, 14.5905, 0.0, 0.0, 7.8511, 7.8511, 0.0, 0.0, 10.4351, 10.4351, 0.0, 23.3522, 0.0, 0.0, 10.4351, 10.4351, 0.0, 15.8743, 0.0, 0.0, 7.8511, 7.8511, 0.0, 10.8833, 0.0, 23.3522, 0.0, 9.3423, 0.0, 0.0, 10.4351, 10.4351, 0.0, 15.8743, 0.0, 0.0, 10.4351, 10.4351, 0.0, 0.0, 7.8511, 7.8511, 0.0, 10.8833, 0.0, 12.3696, 0.0, 24.8339, 0.0, 0.0, 10.4351, 10.4351, 0.0, 15.8743, 0.0, 0.0, 14.5905, 14.5905, 0.0, 15.8743, 0.0, 23.3522, 0.0, 24.8339, 0.0, 0.0, 7.8511, 7.8511, 0.0, 12.3696, 0.0, 0.0, 14.5905, 14.5905, 0.0, 24.8339, 0.0, 23.3522, 0.0, 0.0, 27.7615, 27.7615, 0.0, 15.8743, 0.0, 24.8339, 0.0, 0.0, 10.4351, 10.4351, 0.0, 23.3522, 0.0, 24.8339, 0.0, 9.3423, 0.0, 0.0, 10.4351, 10.4351, 0.0, 0.0, 10.4351, 10.4351, 0.0, 23.3522, 0.0, 15.8743, 0.0, 0.0, 32.2514, 32.2514, 0.0, 0.0, 32.2514, 32.2514, 0.0, 0.0, 27.7615, 27.7615, 0.0, 15.8743, 0.0, 12.3696, 0.0, 23.3522, 0.0, 0.0, 10.4351, 10.4351, 0.0, 0.0, 27.7615, 27.7615, 0.0, 0.0, 14.5905, 14.5905, 0.0, 24.8339, 0.0, 0.0, 22.3381, 22.3381, 0.0, 23.3522, 0.0, 0.0, 14.5905, 14.5905, 0.0, 24.8339, 0.0, 0.0, 22.3381, 22.3381, 0.0, 0.0, 7.8511, 7.8511, 0.0, 0.0, 10.4351, 10.4351, 0.0, 0.0, 27.7615, 27.7615, 0.0, 0.0, 10.4351, 10.4351, 0.0, 0.0, 14.5905, 14.5905, 0.0, 24.8339, 0.0, 10.8833, 0.0, 0.0, 32.2514, 32.2514, 0.0, 0.0, 10.4351, 10.4351, 0.0, 15.8743, 0.0, 10.8833, 0.0, 0.0, 10.4351, 10.4351, 0.0, 0.0, 10.4351, 10.4351, 0.0, 23.3522, 0.0, 10.8833, 0.0, 0.0, 10.4351, 10.4351, 0.0, 0.0, 27.7615, 27.7615, 0.0, 0.0, 7.8511, 7.8511, 0.0, 0.0, 10.4351, 10.4351, 0.0, 12.3696, 0.0, 0.0, 22.3381, 22.3381, 0.0, 0.0, 27.7615, 27.7615, 0.0, 0.0, 22.3381, 22.3381, 0.0, 23.3522, 0.0, 10.8833, 0.0, 0.0, 27.7615, 27.7615, 0.0, 0.0, 7.8511, 7.8511, 0.0, 0.0, 22.3381, 22.3381, 0.0, 0.0, 14.5905, 14.5905, 0.0, 0.0, 14.5905, 14.5905, 0.0, 0.0, 7.8511, 7.8511, 0.0, 12.3696, 0.0, 0.0, 32.2514, 32.2514, 0.0, 0.0, 22.3381, 22.3381, 0.0, 23.3522, 0.0, 0.0, 27.7615, 27.7615, 0.0, 12.3696, 0.0, 0.0, 27.7615, 27.7615, 0.0, 23.3522, 0.0, 15.8743, 0.0, 0.0, 27.7615, 27.7615, 0.0, 9.3423, 0.0, 0.0, 27.7615, 27.7615, 0.0, 0.0, 10.4351, 10.4351, 0.0, 0.0, 7.8511, 7.8511, 0.0, 0.0, 10.4351, 10.4351, 0.0, 23.3522, 0.0, 0.0, 22.3381, 22.3381, 0.0, 24.8339, 0.0, 12.3696, 0.0, 0.0, 7.8511, 7.8511, 0.0, 10.8833, 0.0, 0.0, 22.3381, 22.3381, 0.0, 0.0, 32.2514, 32.2514, 0.0, 0.0, 27.7615, 27.7615, 0.0, 0.0, 14.5905, 14.5905, 0.0, 10.8833, 0.0, 0.0, 22.3381, 22.3381, 0.0, 0.0, 27.7615, 27.7615, 0.0, 0.0, 22.3381, 22.3381, 0.0, 10.8833, 0.0, 23.3522, 0.0, 0.0, 7.8511, 7.8511, 0.0, 12.3696, 0.0, 12.3696, 0.0, 9.3423, 0.0, 0.0, 10.4351, 10.4351, 0.0, 0.0, 22.3381, 22.3381, 0.0, 0.0, 14.5905, 14.5905, 0.0, 0.0, 7.8511, 7.8511, 0.0, 0.0, 10.4351, 10.4351, 0.0, 0.0, 32.2514, 32.2514, 0.0, 0.0, 32.2514, 32.2514, 0.0, 0.0, 22.3381, 22.3381, 0.0, 0.0, 10.4351, 10.4351, 0.0, 0.0, 27.7615, 27.7615, 0.0, 12.3696, 0.0, 0.0, 22.3381, 22.3381, 0.0, 0.0, 22.3381, 22.3381, 0.0, 0.0, 7.8511, 7.8511, 0.0, 0.0, 27.7615, 27.7615, 0.0, 0.0, 7.8511, 7.8511, 0.0, 12.3696, 0.0, 0.0, 22.3381, 22.3381, 0.0, 15.8743, 0.0, 10.8833, 0.0, 24.8339, 0.0, 0.0, 27.7615, 27.7615, 0.0, 12.3696, 0.0, 0.0, 22.3381, 22.3381, 0.0, 23.3522, 0.0, 24.8339, 0.0, 0.0, 22.3381, 22.3381, 0.0, 0.0, 27.7615, 27.7615, 0.0, 0.0, 7.8511, 7.8511, 0.0, 15.8743, 0.0, 15.8743, 0.0, 12.3696, 0.0, 12.3696, 0.0, 0.0, 10.4351, 10.4351, 0.0, 0.0, 10.4351, 10.4351, 0.0, 0.0, 27.7615, 27.7615, 0.0, 15.8743, 0.0, 0.0, 14.5905, 14.5905, 0.0, 0.0, 7.8511, 7.8511, 0.0, 0.0, 14.5905, 14.5905, 0.0, 0.0, 22.3381, 22.3381, 0.0, 12.3696, 0.0, 15.8743, 0.0, 24.8339, 0.0, 15.8743, 0.0, 12.3696, 0.0, 0.0, 22.3381, 22.3381, 0.0, 10.8833, 0.0, 15.8743, 0.0, 0.0, 14.5905, 14.5905, 0.0, 23.3522, 0.0, 0.0, 22.3381, 22.3381, 0.0, 0.0, 22.3381, 22.3381, 0.0, 24.8339, 0.0, 9.3423, 0.0, 24.8339, 0.0, 0.0, 14.5905, 14.5905, 0.0, 0.0, 22.3381, 22.3381, 0.0, 0.0, 14.5905, 14.5905, 0.0, 0.0, 10.4351, 10.4351, 0.0, 9.3423, 0.0, 23.3522, 0.0, 10.8833, 0.0, 10.8833, 0.0, 10.8833, 0.0, 10.8833, 0.0, 10.8833, 0.0, 10.8833, 0.0, 10.8833, 0.0, 8.6492, 0.0, 8.6492, 0.0, 8.6492, 0.0, 8.6492, 0.0, 8.6492, 0.0, 8.6492, 0.0, 8.6492, 0.0, 8.6492, 0.0, 8.6492, 0.0, 8.6492, 0.0, 8.6492, 0.0, 8.6492, 0.0, 8.6492, 0.0, 8.6492, 0.0, 8.6492, 0.0, 8.6492, 0.0, 8.6492, 0.0, 8.6492, 0.0, 8.6492, 0.0, 8.6492, 0.0, 8.6492, 0.0, 8.6492, 0.0, 0.0, 15.6695, 15.6695, 0.0, 0.0, 15.6695, 15.6695, 0.0, 0.0, 15.6695, 15.6695, 0.0, 0.0, 15.6695, 15.6695, 0.0, 0.0, 15.6695, 15.6695, 0.0, 0.0, 15.6695, 15.6695, 0.0, 0.0, 15.6695, 15.6695, 0.0, 0.0, 15.6695, 15.6695, 0.0, 0.0, 15.6695, 15.6695, 0.0, 0.0, 15.6695, 15.6695, 0.0, 0.0, 15.6695, 15.6695, 0.0, 0.0, 15.6695, 15.6695, 0.0, 0.0, 15.6695, 15.6695, 0.0, 0.0, 15.6695, 15.6695, 0.0, 0.0, 15.6695, 15.6695, 0.0, 0.0, 15.6695, 15.6695, 0.0, 0.0, 15.6695, 15.6695, 0.0, 0.0, 15.6695, 15.6695, 0.0, 0.0, 15.6695, 15.6695, 0.0, 0.0, 15.6695, 15.6695, 0.0, 0.0, 15.6695, 15.6695, 0.0, 0.0, 15.6695, 15.6695, 0.0, 0.0, 15.6695, 15.6695, 0.0, 0.0, 15.6695, 15.6695, 0.0, 24.8339, 0.0, 0.0, 10.4351, 10.4351, 0.0, 0.0, 14.5905, 14.5905, 0.0, 15.8743, 0.0, 12.3696, 0.0, 24.8339, 0.0, 0.0, 15.6695, 15.6695, 0.0, 0.0, 15.6695, 15.6695, 0.0, 0.0, 15.6695, 15.6695, 0.0, 0.0, 15.6695, 15.6695, 0.0, 0.0, 15.6695, 15.6695, 0.0, 0.0, 15.6695, 15.6695, 0.0, 0.0, 32.2514, 32.2514, 0.0, 0.0, 32.2514, 32.2514, 0.0, 0.0, 32.2514, 32.2514, 0.0, 0.0, 32.2514, 32.2514, 0.0, 0.0, 32.2514, 32.2514, 0.0, 0.0, 32.2514, 32.2514, 0.0, 0.0, 32.2514, 32.2514, 0.0, 0.0, 32.2514, 32.2514, 0.0, 0.0, 32.2514, 32.2514, 0.0, 0.0, 32.2514, 32.2514, 0.0, 0.0, 32.2514, 32.2514, 0.0, 0.0, 32.2514, 32.2514, 0.0, 0.0, 32.2514, 32.2514, 0.0, 0.0, 32.2514, 32.2514, 0.0, 0.0, 32.2514, 32.2514, 0.0, 0.0, 32.2514, 32.2514, 0.0, 0.0, 32.2514, 32.2514, 0.0, 0.0, 32.2514, 32.2514, 0.0, 0.0, 32.2514, 32.2514, 0.0, 0.0, 32.2514, 32.2514, 0.0, 0.0, 32.2514, 32.2514, 0.0, 0.0, 32.2514, 32.2514, 0.0, 0.0, 32.2514, 32.2514, 0.0, 0.0, 7.8511, 7.8511, 0.0, 9.3423, 0.0, 0.0, 10.4351, 10.4351, 0.0, 0.0, 7.8511, 7.8511, 0.0, 15.8743, 0.0, 0.0, 14.5905, 14.5905, 0.0, 10.8833, 0.0, 24.8339, 0.0, 9.3423, 0.0, 12.3696, 0.0, 24.8339, 0.0, 15.8743, 0.0, 10.8833, 0.0, 24.8339, 0.0, 23.3522, 0.0, 9.3423, 0.0, 0.0, 22.3381, 22.3381, 0.0, 0.0, 14.5905, 14.5905, 0.0, 0.0, 22.3381, 22.3381, 0.0, 12.3696, 0.0, 24.8339, 0.0, 0.0, 14.5905, 14.5905, 0.0, 12.3696, 0.0, 0.0, 22.3381, 22.3381, 0.0, 24.8339, 0.0, 23.3522, 0.0, 0.0, 10.4351, 10.4351, 0.0, 23.3522, 0.0, 10.8833, 0.0, 24.8339, 0.0, 23.3522, 0.0, 24.8339, 0.0, 24.8339, 0.0, 0.0, 10.4351, 10.4351, 0.0, 15.8743, 0.0, 0.0, 27.7615, 27.7615, 0.0, 24.8339, 0.0]",success,
0.5,5,1e-10,15,1,1.9115,"[8, 7, 14, 2, 5, 6, 3, 1, 11, 9, 10, 12, 13, 4, 0]","[0.1976, 0.5398, 0.6069, 0.2809, 0.2922, 0.1229, 0.1318, 0.2256, 0.298, 0.2857, 0.1612, 0.3462, 0.5291, 0.3752]","[476.2292, 607.0208, 920.0751, 1887.6173, 2357.7036, 2547.9854, 2874.485, 3619.5024, 4057.2171, 4284.8996, 4955.0438, 5787.8893, 6488.4541, 6859.5434, 0.0]",success,
0.5,5,1e-05,15,1,1.9141,"[4, 14, 5, 2, 6, 3, 1, 11, 9, 10, 12, 13, 7, 8, 0]","[0.8606, 0.326, 0.2809, 0.5705, 0.1229, 0.1318, 0.2256, 0.298, 0.2857, 0.1612, 0.3462, 0.1849, 0.1976, 0.4396]","[371.0892, 684.1435, 1154.2298, 2121.772, 2312.0539, 2638.5534, 3383.5708, 3821.2856, 4048.968, 4719.1122, 5551.9577, 6252.5226, 6383.3141, 6859.5434, 0.0]",success,
0.5,5,0.001,15,1,1.907,"[4, 13, 12, 10, 9, 11, 1, 3, 6, 5, 2, 14, 7, 8, 0]","[0.5291, 0.3462, 0.1612, 0.2857, 0.298, 0.2256, 0.1318, 0.1229, 0.2922, 0.2809, 0.6069, 0.5398, 0.1976, 0.4396]","[371.0892, 1071.6541, 1904.4996, 2574.6438, 2802.3262, 3240.041, 3985.0584, 4311.5579, 4501.8398, 4971.9261, 5939.4683, 6252.5226, 6383.3141, 6859.5434, 0.0]",success,
0.5,5,0.1,15,3,1.5873,"[4, 0, 7, 8, 14, 5, 2, 0, 6, 3, 1, 11, 9, 10, 12, 13, 0]","[0.3752, 0.2786, 0.1976, 0.7373, 0.326, 0.2809, 0.9239, 0.3534, 0.1229, 0.1318, 0.2256, 0.298, 0.2857, 0.1612, 0.3462, 0.4574]","[371.0892, 0.0, 130.7916, 607.0208, 920.0751, 1390.1613, 2357.7036, 0.0, 190.2819, 516.7814, 1261.7988, 1699.5136, 1927.196, 2597.3402, 3430.1857, 4130.7506, 0.0]",success,
0.5,5,0.5,15,10,1.2859,"[4, 0, 9, 3, 0, 14, 5, 0, 6, 0, 8, 0, 11, 1, 0, 7, 0, 10, 12, 0, 2, 0, 13, 0]","[0.3752, 0.5554, 0.1681, 0.3873, 0.8183, 0.326, 0.6456, 0.3534, 0.3534, 0.4396, 0.4396, 0.6227, 0.2256, 0.4093, 0.2786, 0.2786, 0.618, 0.1612, 0.6151, 0.9239, 0.9239, 0.4574, 0.4574]","[371.0892, 0.0, 227.6824, 554.182, 0.0, 313.0543, 783.1405, 0.0, 190.2819, 0.0, 476.2292, 0.0, 437.7148, 1182.7322, 0.0, 130.7916, 0.0, 670.1442, 1502.9897, 0.0, 967.5422, 0.0, 700.5648, 0.0]",success,
0.5,5,0.9,15,11,1.0518,"[11, 1, 0, 6, 0, 8, 0, 12, 0, 7, 0, 9, 3, 0, 10, 0, 4, 0, 2, 5, 0, 13, 0, 14, 0]","[0.2256, 0.4093, 0.3534, 0.3534, 0.4396, 0.4396, 0.6151, 0.6151, 0.2786, 0.2786, 0.5554, 0.1681, 0.3873, 0.618, 0.618, 0.3752, 0.3752, 0.9239, 0.2809, 0.6456, 0.4574, 0.4574, 0.8183, 0.8183]","[437.7148, 1182.7322, 0.0, 190.2819, 0.0, 476.2292, 0.0, 832.8455, 0.0, 130.7916, 0.0, 227.6824, 554.182, 0.0, 670.1442, 0.0, 371.0892, 0.0, 967.5422, 1437.6285, 0.0, 700.5648, 0.0, 313.0543, 0.0]",success,
0.5,5,1.0,15,11,1.0001,"[9, 3, 0, 1, 0, 8, 0, 14, 7, 0, 12, 0, 13, 0, 11, 0, 4, 0, 5, 6, 0, 2, 0, 10, 0]","[0.1681, 0.3873, 0.4093, 0.4093, 0.4396, 0.4396, 0.8183, 0.5398, 0.2786, 0.6151, 0.6151, 0.4574, 0.4574, 0.6227, 0.6227, 0.3752, 0.3752, 0.6456, 0.2922, 0.3534, 0.9239, 0.9239, 0.618, 0.618]","[227.6824, 554.182, 0.0, 745.0174, 0.0, 476.2292, 0.0, 313.0543, 443.8459, 0.0, 832.8455, 0.0, 700.5648, 0.0, 437.7148, 0.0, 371.0892, 0.0, 470.0863, 660.3681, 0.0, 967.5422, 0.0, 670.1442, 0.0]",success,
0.5,5,1.1,15,389,1.3759,"[7, 12, 7, 0, 8, 0, 8, 0, 6, 5, 6, 0, 7, 0, 7, 10, 7, 0, 1, 0, 6, 0, 1, 0, 6, 5, 6, 0, 7, 10, 7, 0, 1, 0, 7, 14, 7, 0, 6, 5, 6, 0, 7, 12, 7, 0, 7, 0, 13, 0, 7, 0, 6, 5, 6, 0, 7, 10, 7, 0, 1, 0, 7, 12, 7, 0, 3, 9, 3, 0, 6, 2, 6, 0, 7, 12, 7, 0, 7, 10, 7, 0, 4, 0, 7, 10, 7, 0, 6, 0, 7, 10, 7, 0, 3, 9, 3, 0, 4, 0, 7, 10, 7, 0, 7, 12, 7, 0, 3, 9, 3, 0, 8, 0, 3, 0, 7, 12, 7, 0, 13, 0, 6, 0, 7, 12, 7, 0, 7, 12, 7, 0, 3, 0, 13, 0, 6, 2, 6, 0, 3, 0, 1, 0, 4, 0, 7, 10, 7, 0, 13, 0, 6, 5, 6, 0, 6, 2, 6, 0, 7, 14, 7, 0, 3, 11, 3, 0, 3, 11, 3, 0, 7, 0, 13, 0, 7, 10, 7, 0, 1, 0, 3, 9, 3, 0, 7, 14, 7, 0, 1, 0, 7, 0, 7, 12, 7, 0, 3, 11, 3, 0, 8, 0, 13, 0, 7, 0, 4, 0, 6, 2, 6, 0, 6, 2, 6, 0, 1, 0, 6, 0, 3, 9, 3, 0, 7, 12, 7, 0, 1, 0, 8, 0, 7, 0, 6, 0, 13, 0, 3, 9, 3, 0, 4, 0, 8, 0, 1, 0, 7, 12, 7, 0, 3, 0, 13, 0, 13, 0, 7, 14, 7, 0, 6, 5, 6, 0, 7, 10, 7, 0, 7, 0, 7, 0, 6, 2, 6, 0, 3, 9, 3, 0, 8, 0, 8, 0, 6, 5, 6, 0, 3, 0, 6, 5, 6, 0, 7, 0, 7, 0, 13, 0, 6, 2, 6, 0, 3, 11, 3, 0, 1, 0, 3, 11, 3, 0, 7, 0, 13, 0, 6, 5, 6, 0, 6, 5, 6, 0, 7, 12, 7, 0, 13, 0, 6, 0, 6, 0, 7, 14, 7, 0, 4, 0, 6, 2, 6, 0, 1, 0, 3, 9, 3, 0, 1, 0, 7, 12, 7, 0, 7, 14, 7, 0, 7, 0, 6, 2, 6, 0, 6, 5, 6, 0, 7, 12, 7, 0, 7, 10, 7, 0, 4, 0, 7, 0, 7, 12, 7, 0, 8, 0, 7, 10, 7, 0, 7, 14, 7, 0, 3, 0, 4, 0, 3, 11, 3, 0, 7, 12, 7, 0, 4, 0, 6, 2, 6, 0, 3, 0, 6, 0, 6, 5, 6, 0, 6, 0, 4, 0, 6, 5, 6, 0, 1, 0, 6, 2, 6, 0, 6, 2, 6, 0, 3, 0, 6, 5, 6, 0, 6, 5, 6, 0, 7, 14, 7, 0, 4, 0, 3, 11, 3, 0, 7, 14, 7, 0, 1, 0, 7, 12, 7, 0, 6, 2, 6, 0, 6, 0, 4, 0, 8, 0, 6, 0, 6, 5, 6, 0, 7, 12, 7, 0, 6, 5, 6, 0, 3, 0, 8, 0, 7, 12, 7, 0, 7, 14, 7, 0, 1, 0, 3, 11, 3, 0, 4, 0, 3, 9, 3, 0, 6, 2, 6, 0, 7, 12, 7, 0, 3, 9, 3, 0, 6, 0, 6, 5, 6, 0, 7, 14, 7, 0, 7, 12, 7, 0, 6, 5, 6, 0, 6, 5, 6, 0, 1, 0, 7, 14, 7, 0, 13, 0, 3, 0, 8, 0, 6, 0, 6, 5, 6, 0, 7, 0, 7, 10, 7, 0, 6, 0, 6, 0, 7, 0, 6, 5, 6, 0, 1, 0, 7, 14, 7, 0, 8, 0, 8, 0, 7, 14, 7, 0, 3, 0, 8, 0, 7, 14, 7, 0, 3, 9, 3, 0, 4, 0, 1, 0, 7, 0, 7, 12, 7, 0, 7, 0, 4, 0, 1, 0, 6, 5, 6, 0, 1, 0, 1, 0, 4, 0, 7, 0, 3, 9, 3, 0, 3, 11, 3, 0, 7, 14, 7, 0, 6, 2, 6, 0, 13, 0, 6, 0, 3, 9, 3, 0, 7, 12, 7, 0, 3, 11, 3, 0, 1, 0, 8, 0, 6, 2, 6, 0, 3, 11, 3, 0, 4, 0, 3, 11, 3, 0, 1, 0, 6, 5, 6, 0, 3, 9, 3, 0, 6, 0, 7, 10, 7, 0, 6, 2, 6, 0, 7, 0, 6, 0, 3, 0, 13, 0, 6, 0, 7, 10, 7, 0, 7, 14, 7, 0, 6, 5, 6, 0, 4, 0, 8, 0, 7, 10, 7, 0, 6, 5, 6, 0, 3, 11, 3, 0, 3, 0, 3, 0, 8, 0, 3, 11, 3, 0, 7, 10, 7, 0, 3, 11, 3, 0, 1, 0, 4, 0, 3, 9, 3, 0, 7, 14, 7, 0, 7, 14, 7, 0, 3, 0, 7, 14, 7, 0, 7, 10, 7, 0, 3, 0, 13, 0, 6, 2, 6, 0, 6, 0, 4, 0, 7, 12, 7, 0, 3, 11, 3, 0, 1, 0, 3, 11, 3, 0, 8, 0, 6, 0, 4, 0, 3, 11, 3, 0, 3, 11, 3, 0, 13, 0, 7, 10, 7, 0, 7, 14, 7, 0, 7, 10, 7, 0, 3, 0, 3, 9, 3, 0, 3, 9, 3, 0, 3, 11, 3, 0, 7, 14, 7, 0, 4, 0, 3, 0, 3, 11, 3, 0, 3, 9, 3, 0, 7, 10, 7, 0, 3, 9, 3, 0, 7, 10, 7, 0, 3, 0, 7, 10, 7, 0, 7, 14, 7, 0, 6, 2, 6, 0, 6, 5, 6, 0, 7, 14, 7, 0, 3, 9, 3, 0, 13, 0, 6, 2, 6, 0, 13, 0, 3, 0, 6, 0, 7, 10, 7, 0, 7, 0, 8, 0, 6, 2, 6, 0, 4, 0, 4, 0, 7, 14, 7, 0, 7, 14, 7, 0, 7, 0, 3, 11, 3, 0, 1, 0, 3, 0, 7, 0, 4, 0, 6, 0, 3, 9, 3, 0, 13, 0, 3, 0, 3, 0, 6, 0, 3, 11, 3, 0, 3, 0, 6, 2, 6, 0, 13, 0, 3, 0, 6, 2, 6, 0, 6, 2, 6, 0, 6, 2, 6, 0, 3, 9, 3, 0, 4, 0, 13, 0, 3, 0, 7, 10, 7, 0, 1, 0, 8, 0, 3, 0, 7, 0, 6, 0, 7, 14, 7, 0, 3, 11, 3, 0, 6, 0, 6, 2, 6, 0, 13, 0, 8, 0, 8, 0, 7, 12, 7, 0, 8, 0, 3, 0, 7, 10, 7, 0, 6, 0, 3, 11, 3, 0, 3, 9, 3, 0, 6, 5, 6, 0, 13, 0, 3, 9, 3, 0, 3, 9, 3, 0, 6, 2, 6, 0, 3, 9, 3, 0, 8, 0, 4, 0, 13, 0, 13, 0, 6, 0, 3, 11, 3, 0, 7, 12, 7, 0, 13, 0, 7, 14, 7, 0, 7, 12, 7, 0, 4, 0, 8, 0, 3, 11, 3, 0, 6, 2, 6, 0, 7, 10, 7, 0, 3, 9, 3, 0, 7, 0, 7, 12, 7, 0, 3, 11, 3, 0, 13, 0, 8, 0, 7, 10, 7, 0, 3, 9, 3, 0, 8, 0]","[0.3366, 0.3366, 0.2786, 0.4396, 0.4396, 0.4396, 0.4396, 0.3534, 0.2922, 0.2922, 0.3534, 0.2786, 0.2786, 0.2786, 0.3394, 0.3394, 0.2786, 0.4093, 0.4093, 0.3534, 0.3534, 0.4093, 0.4093, 0.3534, 0.2922, 0.2922, 0.3534, 0.2786, 0.3394, 0.3394, 0.2786, 0.4093, 0.4093, 0.2786, 0.5398, 0.5398, 0.2786, 0.3534, 0.2922, 0.2922, 0.3534, 0.2786, 0.3366, 0.3366, 0.2786, 0.2786, 0.2786, 0.4574, 0.4574, 0.2786, 0.2786, 0.3534, 0.2922, 0.2922, 0.3534, 0.2786, 0.3394, 0.3394, 0.2786, 0.4093, 0.4093, 0.2786, 0.3366, 0.3366, 0.2786, 0.3873, 0.1681, 0.1681, 0.3873, 0.3534, 0.5705, 0.5705, 0.3534, 0.2786, 0.3366, 0.3366, 0.2786, 0.2786, 0.3394, 0.3394, 0.2786, 0.3752, 0.3752, 0.2786, 0.3394, 0.3394, 0.2786, 0.3534, 0.3534, 0.2786, 0.3394, 0.3394, 0.2786, 0.3873, 0.1681, 0.1681, 0.3873, 0.3752, 0.3752, 0.2786, 0.3394, 0.3394, 0.2786, 0.2786, 0.3366, 0.3366, 0.2786, 0.3873, 0.1681, 0.1681, 0.3873, 0.4396, 0.4396, 0.3873, 0.3873, 0.2786, 0.3366, 0.3366, 0.2786, 0.4574, 0.4574, 0.3534, 0.3534, 0.2786, 0.3366, 0.3366, 0.2786, 0.2786, 0.3366, 0.3366, 0.2786, 0.3873, 0.3873, 0.4574, 0.4574, 0.3534, 0.5705, 0.5705, 0.3534, 0.3873, 0.3873, 0.4093, 0.4093, 0.3752, 0.3752, 0.2786, 0.3394, 0.3394, 0.2786, 0.4574, 0.4574, 0.3534, 0.2922, 0.2922, 0.3534, 0.3534, 0.5705, 0.5705, 0.3534, 0.2786, 0.5398, 0.5398, 0.2786, 0.3873, 0.2353, 0.2353, 0.3873, 0.3873, 0.2353, 0.2353, 0.3873, 0.2786, 0.2786, 0.4574, 0.4574, 0.2786, 0.3394, 0.3394, 0.2786, 0.4093, 0.4093, 0.3873, 0.1681, 0.1681, 0.3873, 0.2786, 0.5398, 0.5398, 0.2786, 0.4093, 0.4093, 0.2786, 0.2786, 0.2786, 0.3366, 0.3366, 0.2786, 0.3873, 0.2353, 0.2353, 0.3873, 0.4396, 0.4396, 0.4574, 0.4574, 0.2786, 0.2786, 0.3752, 0.3752, 0.3534, 0.5705, 0.5705, 0.3534, 0.3534, 0.5705, 0.5705, 0.3534, 0.4093, 0.4093, 0.3534, 0.3534, 0.3873, 0.1681, 0.1681, 0.3873, 0.2786, 0.3366, 0.3366, 0.2786, 0.4093, 0.4093, 0.4396, 0.4396, 0.2786, 0.2786, 0.3534, 0.3534, 0.4574, 0.4574, 0.3873, 0.1681, 0.1681, 0.3873, 0.3752, 0.3752, 0.4396, 0.4396, 0.4093, 0.4093, 0.2786, 0.3366, 0.3366, 0.2786, 0.3873, 0.3873, 0.4574, 0.4574, 0.4574, 0.4574, 0.2786, 0.5398, 0.5398, 0.2786, 0.3534, 0.2922, 0.2922, 0.3534, 0.2786, 0.3394, 0.3394, 0.2786, 0.2786, 0.2786, 0.2786, 0.2786, 0.3534, 0.5705, 0.5705, 0.3534, 0.3873, 0.1681, 0.1681, 0.3873, 0.4396, 0.4396, 0.4396, 0.4396, 0.3534, 0.2922, 0.2922, 0.3534, 0.3873, 0.3873, 0.3534, 0.2922, 0.2922, 0.3534, 0.2786, 0.2786, 0.2786, 0.2786, 0.4574, 0.4574, 0.3534, 0.5705, 0.5705, 0.3534, 0.3873, 0.2353, 0.2353, 0.3873, 0.4093, 0.4093, 0.3873, 0.2353, 0.2353, 0.3873, 0.2786, 0.2786, 0.4574, 0.4574, 0.3534, 0.2922, 0.2922, 0.3534, 0.3534, 0.2922, 0.2922, 0.3534, 0.2786, 0.3366, 0.3366, 0.2786, 0.4574, 0.4574, 0.3534, 0.3534, 0.3534, 0.3534, 0.2786, 0.5398, 0.5398, 0.2786, 0.3752, 0.3752, 0.3534, 0.5705, 0.5705, 0.3534, 0.4093, 0.4093, 0.3873, 0.1681, 0.1681, 0.3873, 0.4093, 0.4093, 0.2786, 0.3366, 0.3366, 0.2786, 0.2786, 0.5398, 0.5398, 0.2786, 0.2786, 0.2786, 0.3534, 0.5705, 0.5705, 0.3534, 0.3534, 0.2922, 0.2922, 0.3534, 0.2786, 0.3366, 0.3366, 0.2786, 0.2786, 0.3394, 0.3394, 0.2786, 0.3752, 0.3752, 0.2786, 0.2786, 0.2786, 0.3366, 0.3366, 0.2786, 0.4396, 0.4396, 0.2786, 0.3394, 0.3394, 0.2786, 0.2786, 0.5398, 0.5398, 0.2786, 0.3873, 0.3873, 0.3752, 0.3752, 0.3873, 0.2353, 0.2353, 0.3873, 0.2786, 0.3366, 0.3366, 0.2786, 0.3752, 0.3752, 0.3534, 0.5705, 0.5705, 0.3534, 0.3873, 0.3873, 0.3534, 0.3534, 0.3534, 0.2922, 0.2922, 0.3534, 0.3534, 0.3534, 0.3752, 0.3752, 0.3534, 0.2922, 0.2922, 0.3534, 0.4093, 0.4093, 0.3534, 0.5705, 0.5705, 0.3534, 0.3534, 0.5705, 0.5705, 0.3534, 0.3873, 0.3873, 0.3534, 0.2922, 0.2922, 0.3534, 0.3534, 0.2922, 0.2922, 0.3534, 0.2786, 0.5398, 0.5398, 0.2786, 0.3752, 0.3752, 0.3873, 0.2353, 0.2353, 0.3873, 0.2786, 0.5398, 0.5398, 0.2786, 0.4093, 0.4093, 0.2786, 0.3366, 0.3366, 0.2786, 0.3534, 0.5705, 0.5705, 0.3534, 0.3534, 0.3534, 0.3752, 0.3752, 0.4396, 0.4396, 0.3534, 0.3534, 0.3534, 0.2922, 0.2922, 0.3534, 0.2786, 0.3366, 0.3366, 0.2786, 0.3534, 0.2922, 0.2922, 0.3534, 0.3873, 0.3873, 0.4396, 0.4396, 0.2786, 0.3366, 0.3366, 0.2786, 0.2786, 0.5398, 0.5398, 0.2786, 0.4093, 0.4093, 0.3873, 0.2353, 0.2353, 0.3873, 0.3752, 0.3752, 0.3873, 0.1681, 0.1681, 0.3873, 0.3534, 0.5705, 0.5705, 0.3534, 0.2786, 0.3366, 0.3366, 0.2786, 0.3873, 0.1681, 0.1681, 0.3873, 0.3534, 0.3534, 0.3534, 0.2922, 0.2922, 0.3534, 0.2786, 0.5398, 0.5398, 0.2786, 0.2786, 0.3366, 0.3366, 0.2786, 0.3534, 0.2922, 0.2922, 0.3534, 0.3534, 0.2922, 0.2922, 0.3534, 0.4093, 0.4093, 0.2786, 0.5398, 0.5398, 0.2786, 0.4574, 0.4574, 0.3873, 0.3873, 0.4396, 0.4396, 0.3534, 0.3534, 0.3534, 0.2922, 0.2922, 0.3534, 0.2786, 0.2786, 0.2786, 0.3394, 0.3394, 0.2786, 0.3534, 0.3534, 0.3534, 0.3534, 0.2786, 0.2786, 0.3534, 0.2922, 0.2922, 0.3534, 0.4093, 0.4093, 0.2786, 0.5398, 0.5398, 0.2786, 0.4396, 0.4396, 0.4396, 0.4396, 0.2786, 0.5398, 0.5398, 0.2786, 0.3873, 0.3873, 0.4396, 0.4396, 0.2786, 0.5398, 0.5398, 0.2786, 0.3873, 0.1681, 0.1681, 0.3873, 0.3752, 0.3752, 0.4093, 0.4093, 0.2786, 0.2786, 0.2786, 0.3366, 0.3366, 0.2786, 0.2786, 0.2786, 0.3752, 0.3752, 0.4093, 0.4093, 0.3534, 0.2922, 0.2922, 0.3534, 0.4093, 0.4093, 0.4093, 0.4093, 0.3752, 0.3752, 0.2786, 0.2786, 0.3873, 0.1681, 0.1681, 0.3873, 0.3873, 0.2353, 0.2353, 0.3873, 0.2786, 0.5398, 0.5398, 0.2786, 0.3534, 0.5705, 0.5705, 0.3534, 0.4574, 0.4574, 0.3534, 0.3534, 0.3873, 0.1681, 0.1681, 0.3873, 0.2786, 0.3366, 0.3366, 0.2786, 0.3873, 0.2353, 0.2353, 0.3873, 0.4093, 0.4093, 0.4396, 0.4396, 0.3534, 0.5705, 0.5705, 0.3534, 0.3873, 0.2353, 0.2353, 0.3873, 0.3752, 0.3752, 0.3873, 0.2353, 0.2353, 0.3873, 0.4093, 0.4093, 0.3534, 0.2922, 0.2922, 0.3534, 0.3873, 0.1681, 0.1681, 0.3873, 0.3534, 0.3534, 0.2786, 0.3394, 0.3394, 0.2786, 0.3534, 0.5705, 0.5705, 0.3534, 0.2786, 0.2786, 0.3534, 0.3534, 0.3873, 0.3873, 0.4574, 0.4574, 0.3534, 0.3534, 0.2786, 0.3394, 0.3394, 0.2786, 0.2786, 0.5398, 0.5398, 0.2786, 0.3534, 0.2922, 0.2922, 0.3534, 0.3752, 0.3752, 0.4396, 0.4396, 0.2786, 0.3394, 0.3394, 0.2786, 0.3534, 0.2922, 0.2922, 0.3534, 0.3873, 0.2353, 0.2353, 0.3873, 0.3873, 0.3873, 0.3873, 0.3873, 0.4396, 0.4396, 0.3873, 0.2353, 0.2353, 0.3873, 0.2786, 0.3394, 0.3394, 0.2786, 0.3873, 0.2353, 0.2353, 0.3873, 0.4093, 0.4093, 0.3752, 0.3752, 0.3873, 0.1681, 0.1681, 0.3873, 0.2786, 0.5398, 0.5398, 0.2786, 0.2786, 0.5398, 0.5398, 0.2786, 0.3873, 0.3873, 0.2786, 0.5398, 0.5398, 0.2786, 0.2786, 0.3394, 0.3394, 0.2786, 0.3873, 0.3873, 0.4574, 0.4574, 0.3534, 0.5705, 0.5705, 0.3534, 0.3534, 0.3534, 0.3752, 0.3752, 0.2786, 0.3366, 0.3366, 0.2786, 0.3873, 0.2353, 0.2353, 0.3873, 0.4093, 0.4093, 0.3873, 0.2353, 0.2353, 0.3873, 0.4396, 0.4396, 0.3534, 0.3534, 0.3752, 0.3752, 0.3873, 0.2353, 0.2353, 0.3873, 0.3873, 0.2353, 0.2353, 0.3873, 0.4574, 0.4574, 0.2786, 0.3394, 0.3394, 0.2786, 0.2786, 0.5398, 0.5398, 0.2786, 0.2786, 0.3394, 0.3394, 0.2786, 0.3873, 0.3873, 0.3873, 0.1681, 0.1681, 0.3873, 0.3873, 0.1681, 0.1681, 0.3873, 0.3873, 0.2353, 0.2353, 0.3873, 0.2786, 0.5398, 0.5398, 0.2786, 0.3752, 0.3752, 0.3873, 0.3873, 0.3873, 0.2353, 0.2353, 0.3873, 0.3873, 0.1681, 0.1681, 0.3873, 0.2786, 0.3394, 0.3394, 0.2786, 0.3873, 0.1681, 0.1681, 0.3873, 0.2786, 0.3394, 0.3394, 0.2786, 0.3873, 0.3873, 0.2786, 0.3394, 0.3394, 0.2786, 0.2786, 0.5398, 0.5398, 0.2786, 0.3534, 0.5705, 0.5705, 0.3534, 0.3534, 0.2922, 0.2922, 0.3534, 0.2786, 0.5398, 0.5398, 0.2786, 0.3873, 0.1681, 0.1681, 0.3873, 0.4574, 0.4574, 0.3534, 0.5705, 0.5705, 0.3534, 0.4574, 0.4574, 0.3873, 0.3873, 0.3534, 0.3534, 0.2786, 0.3394, 0.3394, 0.2786, 0.2786, 0.2786, 0.4396, 0.4396, 0.3534, 0.5705, 0.5705, 0.3534, 0.3752, 0.3752, 0.3752, 0.3752, 0.2786, 0.5398, 0.5398, 0.2786, 0.2786, 0.5398, 0.5398, 0.2786, 0.2786, 0.2786, 0.3873, 0.2353, 0.2353, 0.3873, 0.4093, 0.4093, 0.3873, 0.3873, 0.2786, 0.2786, 0.3752, 0.3752, 0.3534, 0.3534, 0.3873, 0.1681, 0.1681, 0.3873, 0.4574, 0.4574, 0.3873, 0.3873, 0.3873, 0.3873, 0.3534, 0.3534, 0.3873, 0.2353, 0.2353, 0.3873, 0.3873, 0.3873, 0.3534, 0.5705, 0.5705, 0.3534, 0.4574, 0.4574, 0.3873, 0.3873, 0.3534, 0.5705, 0.5705, 0.3534, 0.3534, 0.5705, 0.5705, 0.3534, 0.3534, 0.5705, 0.5705, 0.3534, 0.3873, 0.1681, 0.1681, 0.3873, 0.3752, 0.3752, 0.4574, 0.4574, 0.3873, 0.3873, 0.2786, 0.3394, 0.3394, 0.2786, 0.4093, 0.4093, 0.4396, 0.4396, 0.3873, 0.3873, 0.2786, 0.2786, 0.3534, 0.3534, 0.2786, 0.5398, 0.5398, 0.2786, 0.3873, 0.2353, 0.2353, 0.3873, 0.3534, 0.3534, 0.3534, 0.5705, 0.5705, 0.3534, 0.4574, 0.4574, 0.4396, 0.4396, 0.4396, 0.4396, 0.2786, 0.3366, 0.3366, 0.2786, 0.4396, 0.4396, 0.3873, 0.3873, 0.2786, 0.3394, 0.3394, 0.2786, 0.3534, 0.3534, 0.3873, 0.2353, 0.2353, 0.3873, 0.3873, 0.1681, 0.1681, 0.3873, 0.3534, 0.2922, 0.2922, 0.3534, 0.4574, 0.4574, 0.3873, 0.1681, 0.1681, 0.3873, 0.3873, 0.1681, 0.1681, 0.3873, 0.3534, 0.5705, 0.5705, 0.3534, 0.3873, 0.1681, 0.1681, 0.3873, 0.4396, 0.4396, 0.3752, 0.3752, 0.4574, 0.4574, 0.4574, 0.4574, 0.3534, 0.3534, 0.3873, 0.2353, 0.2353, 0.3873, 0.2786, 0.3366, 0.3366, 0.2786, 0.4574, 0.4574, 0.2786, 0.5398, 0.5398, 0.2786, 0.2786, 0.3366, 0.3366, 0.2786, 0.3752, 0.3752, 0.4396, 0.4396, 0.3873, 0.2353, 0.2353, 0.3873, 0.3534, 0.5705, 0.5705, 0.3534, 0.2786, 0.3394, 0.3394, 0.2786, 0.3873, 0.1681, 0.1681, 0.3873, 0.2786, 0.2786, 0.2786, 0.3366, 0.3366, 0.2786, 0.3873, 0.2353, 0.2353, 0.3873, 0.4574, 0.4574, 0.4396, 0.4396, 0.2786, 0.3394, 0.3394, 0.2786, 0.3873, 0.1681, 0.1681, 0.3873, 0.4396, 0.4396]","[0.0, 29.7445, 29.7445, 0.0, 17.0082, 0.0, 17.0082, 0.0, 0.0, 16.7888, 16.7888, 0.0, 5.2317, 0.0, 0.0, 23.9337, 23.9337, 0.0, 26.6078, 0.0, 6.7958, 0.0, 26.6078, 0.0, 0.0, 16.7888, 16.7888, 0.0, 0.0, 23.9337, 23.9337, 0.0, 26.6078, 0.0, 0.0, 11.1805, 11.1805, 0.0, 0.0, 16.7888, 16.7888, 0.0, 0.0, 29.7445, 29.7445, 0.0, 5.2317, 0.0, 25.0202, 0.0, 5.2317, 0.0, 0.0, 16.7888, 16.7888, 0.0, 0.0, 23.9337, 23.9337, 0.0, 26.6078, 0.0, 0.0, 29.7445, 29.7445, 0.0, 0.0, 8.1315, 8.1315, 0.0, 0.0, 34.5551, 34.5551, 0.0, 0.0, 29.7445, 29.7445, 0.0, 0.0, 23.9337, 23.9337, 0.0, 13.2532, 0.0, 0.0, 23.9337, 23.9337, 0.0, 6.7958, 0.0, 0.0, 23.9337, 23.9337, 0.0, 0.0, 8.1315, 8.1315, 0.0, 13.2532, 0.0, 0.0, 23.9337, 23.9337, 0.0, 0.0, 29.7445, 29.7445, 0.0, 0.0, 8.1315, 8.1315, 0.0, 17.0082, 0.0, 11.6607, 0.0, 0.0, 29.7445, 29.7445, 0.0, 25.0202, 0.0, 6.7958, 0.0, 0.0, 29.7445, 29.7445, 0.0, 0.0, 29.7445, 29.7445, 0.0, 11.6607, 0.0, 25.0202, 0.0, 0.0, 34.5551, 34.5551, 0.0, 11.6607, 0.0, 26.6078, 0.0, 13.2532, 0.0, 0.0, 23.9337, 23.9337, 0.0, 25.0202, 0.0, 0.0, 16.7888, 16.7888, 0.0, 0.0, 34.5551, 34.5551, 0.0, 0.0, 11.1805, 11.1805, 0.0, 0.0, 15.6327, 15.6327, 0.0, 0.0, 15.6327, 15.6327, 0.0, 5.2317, 0.0, 25.0202, 0.0, 0.0, 23.9337, 23.9337, 0.0, 26.6078, 0.0, 0.0, 8.1315, 8.1315, 0.0, 0.0, 11.1805, 11.1805, 0.0, 26.6078, 0.0, 5.2317, 0.0, 0.0, 29.7445, 29.7445, 0.0, 0.0, 15.6327, 15.6327, 0.0, 17.0082, 0.0, 25.0202, 0.0, 5.2317, 0.0, 13.2532, 0.0, 0.0, 34.5551, 34.5551, 0.0, 0.0, 34.5551, 34.5551, 0.0, 26.6078, 0.0, 6.7958, 0.0, 0.0, 8.1315, 8.1315, 0.0, 0.0, 29.7445, 29.7445, 0.0, 26.6078, 0.0, 17.0082, 0.0, 5.2317, 0.0, 6.7958, 0.0, 25.0202, 0.0, 0.0, 8.1315, 8.1315, 0.0, 13.2532, 0.0, 17.0082, 0.0, 26.6078, 0.0, 0.0, 29.7445, 29.7445, 0.0, 11.6607, 0.0, 25.0202, 0.0, 25.0202, 0.0, 0.0, 11.1805, 11.1805, 0.0, 0.0, 16.7888, 16.7888, 0.0, 0.0, 23.9337, 23.9337, 0.0, 5.2317, 0.0, 5.2317, 0.0, 0.0, 34.5551, 34.5551, 0.0, 0.0, 8.1315, 8.1315, 0.0, 17.0082, 0.0, 17.0082, 0.0, 0.0, 16.7888, 16.7888, 0.0, 11.6607, 0.0, 0.0, 16.7888, 16.7888, 0.0, 5.2317, 0.0, 5.2317, 0.0, 25.0202, 0.0, 0.0, 34.5551, 34.5551, 0.0, 0.0, 15.6327, 15.6327, 0.0, 26.6078, 0.0, 0.0, 15.6327, 15.6327, 0.0, 5.2317, 0.0, 25.0202, 0.0, 0.0, 16.7888, 16.7888, 0.0, 0.0, 16.7888, 16.7888, 0.0, 0.0, 29.7445, 29.7445, 0.0, 25.0202, 0.0, 6.7958, 0.0, 6.7958, 0.0, 0.0, 11.1805, 11.1805, 0.0, 13.2532, 0.0, 0.0, 34.5551, 34.5551, 0.0, 26.6078, 0.0, 0.0, 8.1315, 8.1315, 0.0, 26.6078, 0.0, 0.0, 29.7445, 29.7445, 0.0, 0.0, 11.1805, 11.1805, 0.0, 5.2317, 0.0, 0.0, 34.5551, 34.5551, 0.0, 0.0, 16.7888, 16.7888, 0.0, 0.0, 29.7445, 29.7445, 0.0, 0.0, 23.9337, 23.9337, 0.0, 13.2532, 0.0, 5.2317, 0.0, 0.0, 29.7445, 29.7445, 0.0, 17.0082, 0.0, 0.0, 23.9337, 23.9337, 0.0, 0.0, 11.1805, 11.1805, 0.0, 11.6607, 0.0, 13.2532, 0.0, 0.0, 15.6327, 15.6327, 0.0, 0.0, 29.7445, 29.7445, 0.0, 13.2532, 0.0, 0.0, 34.5551, 34.5551, 0.0, 11.6607, 0.0, 6.7958, 0.0, 0.0, 16.7888, 16.7888, 0.0, 6.7958, 0.0, 13.2532, 0.0, 0.0, 16.7888, 16.7888, 0.0, 26.6078, 0.0, 0.0, 34.5551, 34.5551, 0.0, 0.0, 34.5551, 34.5551, 0.0, 11.6607, 0.0, 0.0, 16.7888, 16.7888, 0.0, 0.0, 16.7888, 16.7888, 0.0, 0.0, 11.1805, 11.1805, 0.0, 13.2532, 0.0, 0.0, 15.6327, 15.6327, 0.0, 0.0, 11.1805, 11.1805, 0.0, 26.6078, 0.0, 0.0, 29.7445, 29.7445, 0.0, 0.0, 34.5551, 34.5551, 0.0, 6.7958, 0.0, 13.2532, 0.0, 17.0082, 0.0, 6.7958, 0.0, 0.0, 16.7888, 16.7888, 0.0, 0.0, 29.7445, 29.7445, 0.0, 0.0, 16.7888, 16.7888, 0.0, 11.6607, 0.0, 17.0082, 0.0, 0.0, 29.7445, 29.7445, 0.0, 0.0, 11.1805, 11.1805, 0.0, 26.6078, 0.0, 0.0, 15.6327, 15.6327, 0.0, 13.2532, 0.0, 0.0, 8.1315, 8.1315, 0.0, 0.0, 34.5551, 34.5551, 0.0, 0.0, 29.7445, 29.7445, 0.0, 0.0, 8.1315, 8.1315, 0.0, 6.7958, 0.0, 0.0, 16.7888, 16.7888, 0.0, 0.0, 11.1805, 11.1805, 0.0, 0.0, 29.7445, 29.7445, 0.0, 0.0, 16.7888, 16.7888, 0.0, 0.0, 16.7888, 16.7888, 0.0, 26.6078, 0.0, 0.0, 11.1805, 11.1805, 0.0, 25.0202, 0.0, 11.6607, 0.0, 17.0082, 0.0, 6.7958, 0.0, 0.0, 16.7888, 16.7888, 0.0, 5.2317, 0.0, 0.0, 23.9337, 23.9337, 0.0, 6.7958, 0.0, 6.7958, 0.0, 5.2317, 0.0, 0.0, 16.7888, 16.7888, 0.0, 26.6078, 0.0, 0.0, 11.1805, 11.1805, 0.0, 17.0082, 0.0, 17.0082, 0.0, 0.0, 11.1805, 11.1805, 0.0, 11.6607, 0.0, 17.0082, 0.0, 0.0, 11.1805, 11.1805, 0.0, 0.0, 8.1315, 8.1315, 0.0, 13.2532, 0.0, 26.6078, 0.0, 5.2317, 0.0, 0.0, 29.7445, 29.7445, 0.0, 5.2317, 0.0, 13.2532, 0.0, 26.6078, 0.0, 0.0, 16.7888, 16.7888, 0.0, 26.6078, 0.0, 26.6078, 0.0, 13.2532, 0.0, 5.2317, 0.0, 0.0, 8.1315, 8.1315, 0.0, 0.0, 15.6327, 15.6327, 0.0, 0.0, 11.1805, 11.1805, 0.0, 0.0, 34.5551, 34.5551, 0.0, 25.0202, 0.0, 6.7958, 0.0, 0.0, 8.1315, 8.1315, 0.0, 0.0, 29.7445, 29.7445, 0.0, 0.0, 15.6327, 15.6327, 0.0, 26.6078, 0.0, 17.0082, 0.0, 0.0, 34.5551, 34.5551, 0.0, 0.0, 15.6327, 15.6327, 0.0, 13.2532, 0.0, 0.0, 15.6327, 15.6327, 0.0, 26.6078, 0.0, 0.0, 16.7888, 16.7888, 0.0, 0.0, 8.1315, 8.1315, 0.0, 6.7958, 0.0, 0.0, 23.9337, 23.9337, 0.0, 0.0, 34.5551, 34.5551, 0.0, 5.2317, 0.0, 6.7958, 0.0, 11.6607, 0.0, 25.0202, 0.0, 6.7958, 0.0, 0.0, 23.9337, 23.9337, 0.0, 0.0, 11.1805, 11.1805, 0.0, 0.0, 16.7888, 16.7888, 0.0, 13.2532, 0.0, 17.0082, 0.0, 0.0, 23.9337, 23.9337, 0.0, 0.0, 16.7888, 16.7888, 0.0, 0.0, 15.6327, 15.6327, 0.0, 11.6607, 0.0, 11.6607, 0.0, 17.0082, 0.0, 0.0, 15.6327, 15.6327, 0.0, 0.0, 23.9337, 23.9337, 0.0, 0.0, 15.6327, 15.6327, 0.0, 26.6078, 0.0, 13.2532, 0.0, 0.0, 8.1315, 8.1315, 0.0, 0.0, 11.1805, 11.1805, 0.0, 0.0, 11.1805, 11.1805, 0.0, 11.6607, 0.0, 0.0, 11.1805, 11.1805, 0.0, 0.0, 23.9337, 23.9337, 0.0, 11.6607, 0.0, 25.0202, 0.0, 0.0, 34.5551, 34.5551, 0.0, 6.7958, 0.0, 13.2532, 0.0, 0.0, 29.7445, 29.7445, 0.0, 0.0, 15.6327, 15.6327, 0.0, 26.6078, 0.0, 0.0, 15.6327, 15.6327, 0.0, 17.0082, 0.0, 6.7958, 0.0, 13.2532, 0.0, 0.0, 15.6327, 15.6327, 0.0, 0.0, 15.6327, 15.6327, 0.0, 25.0202, 0.0, 0.0, 23.9337, 23.9337, 0.0, 0.0, 11.1805, 11.1805, 0.0, 0.0, 23.9337, 23.9337, 0.0, 11.6607, 0.0, 0.0, 8.1315, 8.1315, 0.0, 0.0, 8.1315, 8.1315, 0.0, 0.0, 15.6327, 15.6327, 0.0, 0.0, 11.1805, 11.1805, 0.0, 13.2532, 0.0, 11.6607, 0.0, 0.0, 15.6327, 15.6327, 0.0, 0.0, 8.1315, 8.1315, 0.0, 0.0, 23.9337, 23.9337, 0.0, 0.0, 8.1315, 8.1315, 0.0, 0.0, 23.9337, 23.9337, 0.0, 11.6607, 0.0, 0.0, 23.9337, 23.9337, 0.0, 0.0, 11.1805, 11.1805, 0.0, 0.0, 34.5551, 34.5551, 0.0, 0.0, 16.7888, 16.7888, 0.0, 0.0, 11.1805, 11.1805, 0.0, 0.0, 8.1315, 8.1315, 0.0, 25.0202, 0.0, 0.0, 34.5551, 34.5551, 0.0, 25.0202, 0.0, 11.6607, 0.0, 6.7958, 0.0, 0.0, 23.9337, 23.9337, 0.0, 5.2317, 0.0, 17.0082, 0.0, 0.0, 34.5551, 34.5551, 0.0, 13.2532, 0.0, 13.2532, 0.0, 0.0, 11.1805, 11.1805, 0.0, 0.0, 11.1805, 11.1805, 0.0, 5.2317, 0.0, 0.0, 15.6327, 15.6327, 0.0, 26.6078, 0.0, 11.6607, 0.0, 5.2317, 0.0, 13.2532, 0.0, 6.7958, 0.0, 0.0, 8.1315, 8.1315, 0.0, 25.0202, 0.0, 11.6607, 0.0, 11.6607, 0.0, 6.7958, 0.0, 0.0, 15.6327, 15.6327, 0.0, 11.6607, 0.0, 0.0, 34.5551, 34.5551, 0.0, 25.0202, 0.0, 11.6607, 0.0, 0.0, 34.5551, 34.5551, 0.0, 0.0, 34.5551, 34.5551, 0.0, 0.0, 34.5551, 34.5551, 0.0, 0.0, 8.1315, 8.1315, 0.0, 13.2532, 0.0, 25.0202, 0.0, 11.6607, 0.0, 0.0, 23.9337, 23.9337, 0.0, 26.6078, 0.0, 17.0082, 0.0, 11.6607, 0.0, 5.2317, 0.0, 6.7958, 0.0, 0.0, 11.1805, 11.1805, 0.0, 0.0, 15.6327, 15.6327, 0.0, 6.7958, 0.0, 0.0, 34.5551, 34.5551, 0.0, 25.0202, 0.0, 17.0082, 0.0, 17.0082, 0.0, 0.0, 29.7445, 29.7445, 0.0, 17.0082, 0.0, 11.6607, 0.0, 0.0, 23.9337, 23.9337, 0.0, 6.7958, 0.0, 0.0, 15.6327, 15.6327, 0.0, 0.0, 8.1315, 8.1315, 0.0, 0.0, 16.7888, 16.7888, 0.0, 25.0202, 0.0, 0.0, 8.1315, 8.1315, 0.0, 0.0, 8.1315, 8.1315, 0.0, 0.0, 34.5551, 34.5551, 0.0, 0.0, 8.1315, 8.1315, 0.0, 17.0082, 0.0, 13.2532, 0.0, 25.0202, 0.0, 25.0202, 0.0, 6.7958, 0.0, 0.0, 15.6327, 15.6327, 0.0, 0.0, 29.7445, 29.7445, 0.0, 25.0202, 0.0, 0.0, 11.1805, 11.1805, 0.0, 0.0, 29.7445, 29.7445, 0.0, 13.2532, 0.0, 17.0082, 0.0, 0.0, 15.6327, 15.6327, 0.0, 0.0, 34.5551, 34.5551, 0.0, 0.0, 23.9337, 23.9337, 0.0, 0.0, 8.1315, 8.1315, 0.0, 5.2317, 0.0, 0.0, 29.7445, 29.7445, 0.0, 0.0, 15.6327, 15.6327, 0.0, 25.0202, 0.0, 17.0082, 0.0, 0.0, 23.9337, 23.9337, 0.0, 0.0, 8.1315, 8.1315, 0.0, 17.0082, 0.0]",success,
0.5,5,1.2,15,392,1.9284,"[6, 2, 6, 0, 6, 2, 6, 0, 6, 2, 6, 0, 6, 2, 6, 0, 6, 2, 6, 0, 6, 2, 6, 0, 6, 2, 6, 0, 6, 2, 6, 0, 6, 2, 6, 0, 6, 2, 6, 0, 6, 2, 6, 0, 6, 2, 6, 0, 6, 2, 6, 0, 6, 2, 6, 0, 6, 2, 6, 0, 6, 2, 6, 0, 6, 2, 6, 0, 6, 2, 6, 0, 6, 2, 6, 0, 6, 2, 6, 0, 7, 14, 7, 0, 7, 14, 7, 0, 7, 14, 7, 0, 7, 14, 7, 0, 7, 14, 7, 0, 7, 14, 7, 0, 7, 14, 7, 0, 7, 14, 7, 0, 7, 14, 7, 0, 7, 14, 7, 0, 7, 14, 7, 0, 7, 14, 7, 0, 7, 14, 7, 0, 7, 14, 7, 0, 7, 14, 7, 0, 7, 14, 7, 0, 7, 14, 7, 0, 7, 14, 7, 0, 7, 14, 7, 0, 7, 14, 7, 0, 7, 14, 7, 0, 7, 14, 7, 0, 7, 14, 7, 0, 7, 14, 7, 0, 7, 14, 7, 0, 7, 14, 7, 0, 7, 14, 7, 0, 6, 5, 6, 0, 6, 5, 6, 0, 6, 5, 6, 0, 6, 5, 6, 0, 6, 5, 6, 0, 6, 5, 6, 0, 6, 5, 6, 0, 6, 5, 6, 0, 6, 5, 6, 0, 6, 5, 6, 0, 6, 5, 6, 0, 6, 5, 6, 0, 6, 5, 6, 0, 6, 5, 6, 0, 6, 5, 6, 0, 6, 5, 6, 0, 6, 5, 6, 0, 6, 5, 6, 0, 6, 5, 6, 0, 6, 5, 6, 0, 6, 5, 6, 0, 6, 5, 6, 0, 6, 5, 6, 0, 6, 5, 6, 0, 6, 5, 6, 0, 6, 5, 6, 0, 6, 5, 6, 0, 6, 5, 6, 0, 3, 11, 3, 0, 3, 11, 3, 0, 3, 11, 3, 0, 3, 11, 3, 0, 3, 11, 3, 0, 3, 11, 3, 0, 3, 11, 3, 0, 3, 11, 3, 0, 3, 11, 3, 0, 3, 11, 3, 0, 3, 11, 3, 0, 3, 11, 3, 0, 3, 11, 3, 0, 3, 11, 3, 0, 3, 11, 3, 0, 3, 11, 3, 0, 3, 11, 3, 0, 3, 11, 3, 0, 3, 11, 3, 0, 3, 11, 3, 0, 3, 11, 3, 0, 3, 11, 3, 0, 6, 2, 6, 0, 3, 11, 3, 0, 7, 14, 7, 0, 7, 0, 6, 2, 6, 0, 6, 2, 6, 0, 6, 2, 6, 0, 6, 2, 6, 0, 6, 2, 6, 0, 6, 2, 6, 0, 3, 11, 3, 0, 3, 11, 3, 0, 3, 11, 3, 0, 3, 11, 3, 0, 3, 11, 3, 0, 7, 10, 7, 0, 7, 10, 7, 0, 7, 10, 7, 0, 7, 10, 7, 0, 7, 10, 7, 0, 7, 10, 7, 0, 7, 10, 7, 0, 7, 10, 7, 0, 7, 10, 7, 0, 7, 10, 7, 0, 7, 10, 7, 0, 7, 10, 7, 0, 7, 10, 7, 0, 7, 10, 7, 0, 7, 10, 7, 0, 7, 10, 7, 0, 7, 10, 7, 0, 7, 10, 7, 0, 7, 10, 7, 0, 7, 10, 7, 0, 7, 10, 7, 0, 7, 10, 7, 0, 7, 10, 7, 0, 7, 10, 7, 0, 7, 10, 7, 0, 7, 10, 7, 0, 7, 10, 7, 0, 7, 10, 7, 0, 7, 12, 7, 0, 7, 12, 7, 0, 7, 12, 7, 0, 7, 12, 7, 0, 7, 12, 7, 0, 7, 12, 7, 0, 7, 12, 7, 0, 7, 12, 7, 0, 7, 12, 7, 0, 7, 12, 7, 0, 7, 12, 7, 0, 7, 12, 7, 0, 7, 12, 7, 0, 7, 12, 7, 0, 7, 12, 7, 0, 7, 12, 7, 0, 7, 12, 7, 0, 7, 12, 7, 0, 7, 12, 7, 0, 7, 12, 7, 0, 7, 12, 7, 0, 7, 12, 7, 0, 7, 12, 7, 0, 7, 12, 7, 0, 7, 12, 7, 0, 7, 12, 7, 0, 7, 12, 7, 0, 7, 12, 7, 0, 3, 9, 3, 0, 3, 9, 3, 0, 3, 9, 3, 0, 3, 9, 3, 0, 3, 9, 3, 0, 3, 9, 3, 0, 3, 9, 3, 0, 3, 9, 3, 0, 3, 9, 3, 0, 3, 9, 3, 0, 3, 9, 3, 0, 3, 9, 3, 0, 3, 9, 3, 0, 3, 9, 3, 0, 3, 9, 3, 0, 3, 9, 3, 0, 3, 9, 3, 0, 3, 9, 3, 0, 3, 9, 3, 0, 3, 9, 3, 0, 3, 9, 3, 0, 3, 9, 3, 0, 3, 9, 3, 0, 3, 9, 3, 0, 3, 9, 3, 0, 3, 9, 3, 0, 3, 9, 3, 0, 3, 9, 3, 0, 13, 0, 13, 0, 13, 0, 13, 0, 13, 0, 13, 0, 13, 0, 13, 0, 13, 0, 13, 0, 13, 0, 13, 0, 13, 0, 13, 0, 13, 0, 13, 0, 13, 0, 13, 0, 13, 0, 13, 0, 13, 0, 13, 0, 13, 0, 13, 0, 13, 0, 13, 0, 13, 0, 13, 0, 8, 0, 8, 0, 8, 0, 8, 0, 8, 0, 8, 0, 8, 0, 8, 0, 8, 0, 8, 0, 8, 0, 8, 0, 8, 0, 8, 0, 8, 0, 8, 0, 8, 0, 8, 0, 8, 0, 8, 0, 8, 0, 8, 0, 8, 0, 8, 0, 8, 0, 8, 0, 8, 0, 8, 0, 1, 0, 1, 0, 1, 0, 3, 0, 3, 0, 3, 0, 3, 0, 3, 0, 3, 0, 3, 0, 3, 0, 3, 0, 3, 0, 3, 0, 3, 0, 3, 0, 3, 0, 3, 0, 3, 0, 3, 0, 3, 0, 3, 0, 3, 0, 1, 0, 1, 0, 1, 0, 1, 0, 1, 0, 1, 0, 1, 0, 1, 0, 1, 0, 1, 0, 1, 0, 1, 0, 1, 0, 1, 0, 1, 0, 1, 0, 1, 0, 1, 0, 1, 0, 1, 0, 1, 0, 1, 0, 1, 0, 1, 0, 1, 0, 3, 0, 3, 0, 3, 0, 3, 0, 3, 0, 3, 0, 3, 0, 3, 0, 4, 0, 4, 0, 4, 0, 4, 0, 4, 0, 4, 0, 4, 0, 4, 0, 4, 0, 4, 0, 4, 0, 4, 0, 4, 0, 4, 0, 4, 0, 4, 0, 4, 0, 4, 0, 4, 0, 4, 0, 4, 0, 4, 0, 4, 0, 4, 0, 4, 0, 4, 0, 4, 0, 4, 0, 6, 0, 6, 0, 6, 0, 6, 0, 6, 0, 6, 0, 6, 0, 6, 0, 6, 0, 6, 0, 6, 0, 6, 0, 6, 0, 6, 0, 6, 0, 6, 0, 6, 0, 6, 0, 6, 0, 6, 0, 6, 0, 6, 0, 6, 0, 6, 0, 6, 0, 6, 0, 6, 0, 6, 0, 7, 0, 7, 0, 7, 0, 7, 0, 7, 0, 7, 0, 7, 0, 7, 0, 7, 0, 7, 0, 7, 0, 7, 0, 7, 0, 7, 0, 7, 0, 7, 0, 7, 0, 7, 0, 7, 0, 7, 0, 7, 0, 7, 0, 7, 0, 7, 0, 7, 0, 7, 0, 7, 0, 6, 2, 6, 0]","[0.5705, 0.5705, 0.3534, 0.3534, 0.5705, 0.5705, 0.3534, 0.3534, 0.5705, 0.5705, 0.3534, 0.3534, 0.5705, 0.5705, 0.3534, 0.3534, 0.5705, 0.5705, 0.3534, 0.3534, 0.5705, 0.5705, 0.3534, 0.3534, 0.5705, 0.5705, 0.3534, 0.3534, 0.5705, 0.5705, 0.3534, 0.3534, 0.5705, 0.5705, 0.3534, 0.3534, 0.5705, 0.5705, 0.3534, 0.3534, 0.5705, 0.5705, 0.3534, 0.3534, 0.5705, 0.5705, 0.3534, 0.3534, 0.5705, 0.5705, 0.3534, 0.3534, 0.5705, 0.5705, 0.3534, 0.3534, 0.5705, 0.5705, 0.3534, 0.3534, 0.5705, 0.5705, 0.3534, 0.3534, 0.5705, 0.5705, 0.3534, 0.3534, 0.5705, 0.5705, 0.3534, 0.3534, 0.5705, 0.5705, 0.3534, 0.3534, 0.5705, 0.5705, 0.3534, 0.2786, 0.5398, 0.5398, 0.2786, 0.2786, 0.5398, 0.5398, 0.2786, 0.2786, 0.5398, 0.5398, 0.2786, 0.2786, 0.5398, 0.5398, 0.2786, 0.2786, 0.5398, 0.5398, 0.2786, 0.2786, 0.5398, 0.5398, 0.2786, 0.2786, 0.5398, 0.5398, 0.2786, 0.2786, 0.5398, 0.5398, 0.2786, 0.2786, 0.5398, 0.5398, 0.2786, 0.2786, 0.5398, 0.5398, 0.2786, 0.2786, 0.5398, 0.5398, 0.2786, 0.2786, 0.5398, 0.5398, 0.2786, 0.2786, 0.5398, 0.5398, 0.2786, 0.2786, 0.5398, 0.5398, 0.2786, 0.2786, 0.5398, 0.5398, 0.2786, 0.2786, 0.5398, 0.5398, 0.2786, 0.2786, 0.5398, 0.5398, 0.2786, 0.2786, 0.5398, 0.5398, 0.2786, 0.2786, 0.5398, 0.5398, 0.2786, 0.2786, 0.5398, 0.5398, 0.2786, 0.2786, 0.5398, 0.5398, 0.2786, 0.2786, 0.5398, 0.5398, 0.2786, 0.2786, 0.5398, 0.5398, 0.2786, 0.2786, 0.5398, 0.5398, 0.2786, 0.2786, 0.5398, 0.5398, 0.2786, 0.2786, 0.5398, 0.5398, 0.2786, 0.2786, 0.5398, 0.5398, 0.2786, 0.3534, 0.2922, 0.2922, 0.3534, 0.3534, 0.2922, 0.2922, 0.3534, 0.3534, 0.2922, 0.2922, 0.3534, 0.3534, 0.2922, 0.2922, 0.3534, 0.3534, 0.2922, 0.2922, 0.3534, 0.3534, 0.2922, 0.2922, 0.3534, 0.3534, 0.2922, 0.2922, 0.3534, 0.3534, 0.2922, 0.2922, 0.3534, 0.3534, 0.2922, 0.2922, 0.3534, 0.3534, 0.2922, 0.2922, 0.3534, 0.3534, 0.2922, 0.2922, 0.3534, 0.3534, 0.2922, 0.2922, 0.3534, 0.3534, 0.2922, 0.2922, 0.3534, 0.3534, 0.2922, 0.2922, 0.3534, 0.3534, 0.2922, 0.2922, 0.3534, 0.3534, 0.2922, 0.2922, 0.3534, 0.3534, 0.2922, 0.2922, 0.3534, 0.3534, 0.2922, 0.2922, 0.3534, 0.3534, 0.2922, 0.2922, 0.3534, 0.3534, 0.2922, 0.2922, 0.3534, 0.3534, 0.2922, 0.2922, 0.3534, 0.3534, 0.2922, 0.2922, 0.3534, 0.3534, 0.2922, 0.2922, 0.3534, 0.3534, 0.2922, 0.2922, 0.3534, 0.3534, 0.2922, 0.2922, 0.3534, 0.3534, 0.2922, 0.2922, 0.3534, 0.3534, 0.2922, 0.2922, 0.3534, 0.3534, 0.2922, 0.2922, 0.3534, 0.3873, 0.2353, 0.2353, 0.3873, 0.3873, 0.2353, 0.2353, 0.3873, 0.3873, 0.2353, 0.2353, 0.3873, 0.3873, 0.2353, 0.2353, 0.3873, 0.3873, 0.2353, 0.2353, 0.3873, 0.3873, 0.2353, 0.2353, 0.3873, 0.3873, 0.2353, 0.2353, 0.3873, 0.3873, 0.2353, 0.2353, 0.3873, 0.3873, 0.2353, 0.2353, 0.3873, 0.3873, 0.2353, 0.2353, 0.3873, 0.3873, 0.2353, 0.2353, 0.3873, 0.3873, 0.2353, 0.2353, 0.3873, 0.3873, 0.2353, 0.2353, 0.3873, 0.3873, 0.2353, 0.2353, 0.3873, 0.3873, 0.2353, 0.2353, 0.3873, 0.3873, 0.2353, 0.2353, 0.3873, 0.3873, 0.2353, 0.2353, 0.3873, 0.3873, 0.2353, 0.2353, 0.3873, 0.3873, 0.2353, 0.2353, 0.3873, 0.3873, 0.2353, 0.2353, 0.3873, 0.3873, 0.2353, 0.2353, 0.3873, 0.3873, 0.2353, 0.2353, 0.3873, 0.3534, 0.5705, 0.5705, 0.3534, 0.3873, 0.2353, 0.2353, 0.3873, 0.2786, 0.5398, 0.5398, 0.2786, 0.2786, 0.2786, 0.3534, 0.5705, 0.5705, 0.3534, 0.3534, 0.5705, 0.5705, 0.3534, 0.3534, 0.5705, 0.5705, 0.3534, 0.3534, 0.5705, 0.5705, 0.3534, 0.3534, 0.5705, 0.5705, 0.3534, 0.3534, 0.5705, 0.5705, 0.3534, 0.3873, 0.2353, 0.2353, 0.3873, 0.3873, 0.2353, 0.2353, 0.3873, 0.3873, 0.2353, 0.2353, 0.3873, 0.3873, 0.2353, 0.2353, 0.3873, 0.3873, 0.2353, 0.2353, 0.3873, 0.2786, 0.3394, 0.3394, 0.2786, 0.2786, 0.3394, 0.3394, 0.2786, 0.2786, 0.3394, 0.3394, 0.2786, 0.2786, 0.3394, 0.3394, 0.2786, 0.2786, 0.3394, 0.3394, 0.2786, 0.2786, 0.3394, 0.3394, 0.2786, 0.2786, 0.3394, 0.3394, 0.2786, 0.2786, 0.3394, 0.3394, 0.2786, 0.2786, 0.3394, 0.3394, 0.2786, 0.2786, 0.3394, 0.3394, 0.2786, 0.2786, 0.3394, 0.3394, 0.2786, 0.2786, 0.3394, 0.3394, 0.2786, 0.2786, 0.3394, 0.3394, 0.2786, 0.2786, 0.3394, 0.3394, 0.2786, 0.2786, 0.3394, 0.3394, 0.2786, 0.2786, 0.3394, 0.3394, 0.2786, 0.2786, 0.3394, 0.3394, 0.2786, 0.2786, 0.3394, 0.3394, 0.2786, 0.2786, 0.3394, 0.3394, 0.2786, 0.2786, 0.3394, 0.3394, 0.2786, 0.2786, 0.3394, 0.3394, 0.2786, 0.2786, 0.3394, 0.3394, 0.2786, 0.2786, 0.3394, 0.3394, 0.2786, 0.2786, 0.3394, 0.3394, 0.2786, 0.2786, 0.3394, 0.3394, 0.2786, 0.2786, 0.3394, 0.3394, 0.2786, 0.2786, 0.3394, 0.3394, 0.2786, 0.2786, 0.3394, 0.3394, 0.2786, 0.2786, 0.3366, 0.3366, 0.2786, 0.2786, 0.3366, 0.3366, 0.2786, 0.2786, 0.3366, 0.3366, 0.2786, 0.2786, 0.3366, 0.3366, 0.2786, 0.2786, 0.3366, 0.3366, 0.2786, 0.2786, 0.3366, 0.3366, 0.2786, 0.2786, 0.3366, 0.3366, 0.2786, 0.2786, 0.3366, 0.3366, 0.2786, 0.2786, 0.3366, 0.3366, 0.2786, 0.2786, 0.3366, 0.3366, 0.2786, 0.2786, 0.3366, 0.3366, 0.2786, 0.2786, 0.3366, 0.3366, 0.2786, 0.2786, 0.3366, 0.3366, 0.2786, 0.2786, 0.3366, 0.3366, 0.2786, 0.2786, 0.3366, 0.3366, 0.2786, 0.2786, 0.3366, 0.3366, 0.2786, 0.2786, 0.3366, 0.3366, 0.2786, 0.2786, 0.3366, 0.3366, 0.2786, 0.2786, 0.3366, 0.3366, 0.2786, 0.2786, 0.3366, 0.3366, 0.2786, 0.2786, 0.3366, 0.3366, 0.2786, 0.2786, 0.3366, 0.3366, 0.2786, 0.2786, 0.3366, 0.3366, 0.2786, 0.2786, 0.3366, 0.3366, 0.2786, 0.2786, 0.3366, 0.3366, 0.2786, 0.2786, 0.3366, 0.3366, 0.2786, 0.2786, 0.3366, 0.3366, 0.2786, 0.2786, 0.3366, 0.3366, 0.2786, 0.3873, 0.1681, 0.1681, 0.3873, 0.3873, 0.1681, 0.1681, 0.3873, 0.3873, 0.1681, 0.1681, 0.3873, 0.3873, 0.1681, 0.1681, 0.3873, 0.3873, 0.1681, 0.1681, 0.3873, 0.3873, 0.1681, 0.1681, 0.3873, 0.3873, 0.1681, 0.1681, 0.3873, 0.3873, 0.1681, 0.1681, 0.3873, 0.3873, 0.1681, 0.1681, 0.3873, 0.3873, 0.1681, 0.1681, 0.3873, 0.3873, 0.1681, 0.1681, 0.3873, 0.3873, 0.1681, 0.1681, 0.3873, 0.3873, 0.1681, 0.1681, 0.3873, 0.3873, 0.1681, 0.1681, 0.3873, 0.3873, 0.1681, 0.1681, 0.3873, 0.3873, 0.1681, 0.1681, 0.3873, 0.3873, 0.1681, 0.1681, 0.3873, 0.3873, 0.1681, 0.1681, 0.3873, 0.3873, 0.1681, 0.1681, 0.3873, 0.3873, 0.1681, 0.1681, 0.3873, 0.3873, 0.1681, 0.1681, 0.3873, 0.3873, 0.1681, 0.1681, 0.3873, 0.3873, 0.1681, 0.1681, 0.3873, 0.3873, 0.1681, 0.1681, 0.3873, 0.3873, 0.1681, 0.1681, 0.3873, 0.3873, 0.1681, 0.1681, 0.3873, 0.3873, 0.1681, 0.1681, 0.3873, 0.3873, 0.1681, 0.1681, 0.3873, 0.4574, 0.4574, 0.4574, 0.4574, 0.4574, 0.4574, 0.4574, 0.4574, 0.4574, 0.4574, 0.4574, 0.4574, 0.4574, 0.4574, 0.4574, 0.4574, 0.4574, 0.4574, 0.4574, 0.4574, 0.4574, 0.4574, 0.4574, 0.4574, 0.4574, 0.4574, 0.4574, 0.4574, 0.4574, 0.4574, 0.4574, 0.4574, 0.4574, 0.4574, 0.4574, 0.4574, 0.4574, 0.4574, 0.4574, 0.4574, 0.4574, 0.4574, 0.4574, 0.4574, 0.4574, 0.4574, 0.4574, 0.4574, 0.4574, 0.4574, 0.4574, 0.4574, 0.4574, 0.4574, 0.4574, 0.4574, 0.4396, 0.4396, 0.4396, 0.4396, 0.4396, 0.4396, 0.4396, 0.4396, 0.4396, 0.4396, 0.4396, 0.4396, 0.4396, 0.4396, 0.4396, 0.4396, 0.4396, 0.4396, 0.4396, 0.4396, 0.4396, 0.4396, 0.4396, 0.4396, 0.4396, 0.4396, 0.4396, 0.4396, 0.4396, 0.4396, 0.4396, 0.4396, 0.4396, 0.4396, 0.4396, 0.4396, 0.4396, 0.4396, 0.4396, 0.4396, 0.4396, 0.4396, 0.4396, 0.4396, 0.4396, 0.4396, 0.4396, 0.4396, 0.4396, 0.4396, 0.4396, 0.4396, 0.4396, 0.4396, 0.4396, 0.4396, 0.4093, 0.4093, 0.4093, 0.4093, 0.4093, 0.4093, 0.3873, 0.3873, 0.3873, 0.3873, 0.3873, 0.3873, 0.3873, 0.3873, 0.3873, 0.3873, 0.3873, 0.3873, 0.3873, 0.3873, 0.3873, 0.3873, 0.3873, 0.3873, 0.3873, 0.3873, 0.3873, 0.3873, 0.3873, 0.3873, 0.3873, 0.3873, 0.3873, 0.3873, 0.3873, 0.3873, 0.3873, 0.3873, 0.3873, 0.3873, 0.3873, 0.3873, 0.3873, 0.3873, 0.3873, 0.3873, 0.4093, 0.4093, 0.4093, 0.4093, 0.4093, 0.4093, 0.4093, 0.4093, 0.4093, 0.4093, 0.4093, 0.4093, 0.4093, 0.4093, 0.4093, 0.4093, 0.4093, 0.4093, 0.4093, 0.4093, 0.4093, 0.4093, 0.4093, 0.4093, 0.4093, 0.4093, 0.4093, 0.4093, 0.4093, 0.4093, 0.4093, 0.4093, 0.4093, 0.4093, 0.4093, 0.4093, 0.4093, 0.4093, 0.4093, 0.4093, 0.4093, 0.4093, 0.4093, 0.4093, 0.4093, 0.4093, 0.4093, 0.4093, 0.4093, 0.4093, 0.3873, 0.3873, 0.3873, 0.3873, 0.3873, 0.3873, 0.3873, 0.3873, 0.3873, 0.3873, 0.3873, 0.3873, 0.3873, 0.3873, 0.3873, 0.3873, 0.3752, 0.3752, 0.3752, 0.3752, 0.3752, 0.3752, 0.3752, 0.3752, 0.3752, 0.3752, 0.3752, 0.3752, 0.3752, 0.3752, 0.3752, 0.3752, 0.3752, 0.3752, 0.3752, 0.3752, 0.3752, 0.3752, 0.3752, 0.3752, 0.3752, 0.3752, 0.3752, 0.3752, 0.3752, 0.3752, 0.3752, 0.3752, 0.3752, 0.3752, 0.3752, 0.3752, 0.3752, 0.3752, 0.3752, 0.3752, 0.3752, 0.3752, 0.3752, 0.3752, 0.3752, 0.3752, 0.3752, 0.3752, 0.3752, 0.3752, 0.3752, 0.3752, 0.3752, 0.3752, 0.3752, 0.3752, 0.3534, 0.3534, 0.3534, 0.3534, 0.3534, 0.3534, 0.3534, 0.3534, 0.3534, 0.3534, 0.3534, 0.3534, 0.3534, 0.3534, 0.3534, 0.3534, 0.3534, 0.3534, 0.3534, 0.3534, 0.3534, 0.3534, 0.3534, 0.3534, 0.3534, 0.3534, 0.3534, 0.3534, 0.3534, 0.3534, 0.3534, 0.3534, 0.3534, 0.3534, 0.3534, 0.3534, 0.3534, 0.3534, 0.3534, 0.3534, 0.3534, 0.3534, 0.3534, 0.3534, 0.3534, 0.3534, 0.3534, 0.3534, 0.3534, 0.3534, 0.3534, 0.3534, 0.3534, 0.3534, 0.3534, 0.3534, 0.2786, 0.2786, 0.2786, 0.2786, 0.2786, 0.2786, 0.2786, 0.2786, 0.2786, 0.2786, 0.2786, 0.2786, 0.2786, 0.2786, 0.2786, 0.2786, 0.2786, 0.2786, 0.2786, 0.2786, 0.2786, 0.2786, 0.2786, 0.2786, 0.2786, 0.2786, 0.2786, 0.2786, 0.2786, 0.2786, 0.2786, 0.2786, 0.2786, 0.2786, 0.2786, 0.2786, 0.2786, 0.2786, 0.2786, 0.2786, 0.2786, 0.2786, 0.2786, 0.2786, 0.2786, 0.2786, 0.2786, 0.2786, 0.2786, 0.2786, 0.2786, 0.2786, 0.2786, 0.2786, 0.3534, 0.5705, 0.5705, 0.3534]","[0.0, 34.5551, 34.5551, 0.0, 0.0, 34.5551, 34.5551, 0.0, 0.0, 34.5551, 34.5551, 0.0, 0.0, 34.5551, 34.5551, 0.0, 0.0, 34.5551, 34.5551, 0.0, 0.0, 34.5551, 34.5551, 0.0, 0.0, 34.5551, 34.5551, 0.0, 0.0, 34.5551, 34.5551, 0.0, 0.0, 34.5551, 34.5551, 0.0, 0.0, 34.5551, 34.5551, 0.0, 0.0, 34.5551, 34.5551, 0.0, 0.0, 34.5551, 34.5551, 0.0, 0.0, 34.5551, 34.5551, 0.0, 0.0, 34.5551, 34.5551, 0.0, 0.0, 34.5551, 34.5551, 0.0, 0.0, 34.5551, 34.5551, 0.0, 0.0, 34.5551, 34.5551, 0.0, 0.0, 34.5551, 34.5551, 0.0, 0.0, 34.5551, 34.5551, 0.0, 0.0, 34.5551, 34.5551, 0.0, 0.0, 11.1805, 11.1805, 0.0, 0.0, 11.1805, 11.1805, 0.0, 0.0, 11.1805, 11.1805, 0.0, 0.0, 11.1805, 11.1805, 0.0, 0.0, 11.1805, 11.1805, 0.0, 0.0, 11.1805, 11.1805, 0.0, 0.0, 11.1805, 11.1805, 0.0, 0.0, 11.1805, 11.1805, 0.0, 0.0, 11.1805, 11.1805, 0.0, 0.0, 11.1805, 11.1805, 0.0, 0.0, 11.1805, 11.1805, 0.0, 0.0, 11.1805, 11.1805, 0.0, 0.0, 11.1805, 11.1805, 0.0, 0.0, 11.1805, 11.1805, 0.0, 0.0, 11.1805, 11.1805, 0.0, 0.0, 11.1805, 11.1805, 0.0, 0.0, 11.1805, 11.1805, 0.0, 0.0, 11.1805, 11.1805, 0.0, 0.0, 11.1805, 11.1805, 0.0, 0.0, 11.1805, 11.1805, 0.0, 0.0, 11.1805, 11.1805, 0.0, 0.0, 11.1805, 11.1805, 0.0, 0.0, 11.1805, 11.1805, 0.0, 0.0, 11.1805, 11.1805, 0.0, 0.0, 11.1805, 11.1805, 0.0, 0.0, 11.1805, 11.1805, 0.0, 0.0, 11.1805, 11.1805, 0.0, 0.0, 16.7888, 16.7888, 0.0, 0.0, 16.7888, 16.7888, 0.0, 0.0, 16.7888, 16.7888, 0.0, 0.0, 16.7888, 16.7888, 0.0, 0.0, 16.7888, 16.7888, 0.0, 0.0, 16.7888, 16.7888, 0.0, 0.0, 16.7888, 16.7888, 0.0, 0.0, 16.7888, 16.7888, 0.0, 0.0, 16.7888, 16.7888, 0.0, 0.0, 16.7888, 16.7888, 0.0, 0.0, 16.7888, 16.7888, 0.0, 0.0, 16.7888, 16.7888, 0.0, 0.0, 16.7888, 16.7888, 0.0, 0.0, 16.7888, 16.7888, 0.0, 0.0, 16.7888, 16.7888, 0.0, 0.0, 16.7888, 16.7888, 0.0, 0.0, 16.7888, 16.7888, 0.0, 0.0, 16.7888, 16.7888, 0.0, 0.0, 16.7888, 16.7888, 0.0, 0.0, 16.7888, 16.7888, 0.0, 0.0, 16.7888, 16.7888, 0.0, 0.0, 16.7888, 16.7888, 0.0, 0.0, 16.7888, 16.7888, 0.0, 0.0, 16.7888, 16.7888, 0.0, 0.0, 16.7888, 16.7888, 0.0, 0.0, 16.7888, 16.7888, 0.0, 0.0, 16.7888, 16.7888, 0.0, 0.0, 16.7888, 16.7888, 0.0, 0.0, 15.6327, 15.6327, 0.0, 0.0, 15.6327, 15.6327, 0.0, 0.0, 15.6327, 15.6327, 0.0, 0.0, 15.6327, 15.6327, 0.0, 0.0, 15.6327, 15.6327, 0.0, 0.0, 15.6327, 15.6327, 0.0, 0.0, 15.6327, 15.6327, 0.0, 0.0, 15.6327, 15.6327, 0.0, 0.0, 15.6327, 15.6327, 0.0, 0.0, 15.6327, 15.6327, 0.0, 0.0, 15.6327, 15.6327, 0.0, 0.0, 15.6327, 15.6327, 0.0, 0.0, 15.6327, 15.6327, 0.0, 0.0, 15.6327, 15.6327, 0.0, 0.0, 15.6327, 15.6327, 0.0, 0.0, 15.6327, 15.6327, 0.0, 0.0, 15.6327, 15.6327, 0.0, 0.0, 15.6327, 15.6327, 0.0, 0.0, 15.6327, 15.6327, 0.0, 0.0, 15.6327, 15.6327, 0.0, 0.0, 15.6327, 15.6327, 0.0, 0.0, 15.6327, 15.6327, 0.0, 0.0, 34.5551, 34.5551, 0.0, 0.0, 15.6327, 15.6327, 0.0, 0.0, 11.1805, 11.1805, 0.0, 4.6711, 0.0, 0.0, 34.5551, 34.5551, 0.0, 0.0, 34.5551, 34.5551, 0.0, 0.0, 34.5551, 34.5551, 0.0, 0.0, 34.5551, 34.5551, 0.0, 0.0, 34.5551, 34.5551, 0.0, 0.0, 34.5551, 34.5551, 0.0, 0.0, 15.6327, 15.6327, 0.0, 0.0, 15.6327, 15.6327, 0.0, 0.0, 15.6327, 15.6327, 0.0, 0.0, 15.6327, 15.6327, 0.0, 0.0, 15.6327, 15.6327, 0.0, 0.0, 23.9337, 23.9337, 0.0, 0.0, 23.9337, 23.9337, 0.0, 0.0, 23.9337, 23.9337, 0.0, 0.0, 23.9337, 23.9337, 0.0, 0.0, 23.9337, 23.9337, 0.0, 0.0, 23.9337, 23.9337, 0.0, 0.0, 23.9337, 23.9337, 0.0, 0.0, 23.9337, 23.9337, 0.0, 0.0, 23.9337, 23.9337, 0.0, 0.0, 23.9337, 23.9337, 0.0, 0.0, 23.9337, 23.9337, 0.0, 0.0, 23.9337, 23.9337, 0.0, 0.0, 23.9337, 23.9337, 0.0, 0.0, 23.9337, 23.9337, 0.0, 0.0, 23.9337, 23.9337, 0.0, 0.0, 23.9337, 23.9337, 0.0, 0.0, 23.9337, 23.9337, 0.0, 0.0, 23.9337, 23.9337, 0.0, 0.0, 23.9337, 23.9337, 0.0, 0.0, 23.9337, 23.9337, 0.0, 0.0, 23.9337, 23.9337, 0.0, 0.0, 23.9337, 23.9337, 0.0, 0.0, 23.9337, 23.9337, 0.0, 0.0, 23.9337, 23.9337, 0.0, 0.0, 23.9337, 23.9337, 0.0, 0.0, 23.9337, 23.9337, 0.0, 0.0, 23.9337, 23.9337, 0.0, 0.0, 23.9337, 23.9337, 0.0, 0.0, 29.7445, 29.7445, 0.0, 0.0, 29.7445, 29.7445, 0.0, 0.0, 29.7445, 29.7445, 0.0, 0.0, 29.7445, 29.7445, 0.0, 0.0, 29.7445, 29.7445, 0.0, 0.0, 29.7445, 29.7445, 0.0, 0.0, 29.7445, 29.7445, 0.0, 0.0, 29.7445, 29.7445, 0.0, 0.0, 29.7445, 29.7445, 0.0, 0.0, 29.7445, 29.7445, 0.0, 0.0, 29.7445, 29.7445, 0.0, 0.0, 29.7445, 29.7445, 0.0, 0.0, 29.7445, 29.7445, 0.0, 0.0, 29.7445, 29.7445, 0.0, 0.0, 29.7445, 29.7445, 0.0, 0.0, 29.7445, 29.7445, 0.0, 0.0, 29.7445, 29.7445, 0.0, 0.0, 29.7445, 29.7445, 0.0, 0.0, 29.7445, 29.7445, 0.0, 0.0, 29.7445, 29.7445, 0.0, 0.0, 29.7445, 29.7445, 0.0, 0.0, 29.7445, 29.7445, 0.0, 0.0, 29.7445, 29.7445, 0.0, 0.0, 29.7445, 29.7445, 0.0, 0.0, 29.7445, 29.7445, 0.0, 0.0, 29.7445, 29.7445, 0.0, 0.0, 29.7445, 29.7445, 0.0, 0.0, 29.7445, 29.7445, 0.0, 0.0, 8.1315, 8.1315, 0.0, 0.0, 8.1315, 8.1315, 0.0, 0.0, 8.1315, 8.1315, 0.0, 0.0, 8.1315, 8.1315, 0.0, 0.0, 8.1315, 8.1315, 0.0, 0.0, 8.1315, 8.1315, 0.0, 0.0, 8.1315, 8.1315, 0.0, 0.0, 8.1315, 8.1315, 0.0, 0.0, 8.1315, 8.1315, 0.0, 0.0, 8.1315, 8.1315, 0.0, 0.0, 8.1315, 8.1315, 0.0, 0.0, 8.1315, 8.1315, 0.0, 0.0, 8.1315, 8.1315, 0.0, 0.0, 8.1315, 8.1315, 0.0, 0.0, 8.1315, 8.1315, 0.0, 0.0, 8.1315, 8.1315, 0.0, 0.0, 8.1315, 8.1315, 0.0, 0.0, 8.1315, 8.1315, 0.0, 0.0, 8.1315, 8.1315, 0.0, 0.0, 8.1315, 8.1315, 0.0, 0.0, 8.1315, 8.1315, 0.0, 0.0, 8.1315, 8.1315, 0.0, 0.0, 8.1315, 8.1315, 0.0, 0.0, 8.1315, 8.1315, 0.0, 0.0, 8.1315, 8.1315, 0.0, 0.0, 8.1315, 8.1315, 0.0, 0.0, 8.1315, 8.1315, 0.0, 0.0, 8.1315, 8.1315, 0.0, 25.0202, 0.0, 25.0202, 0.0, 25.0202, 0.0, 25.0202, 0.0, 25.0202, 0.0, 25.0202, 0.0, 25.0202, 0.0, 25.0202, 0.0, 25.0202, 0.0, 25.0202, 0.0, 25.0202, 0.0, 25.0202, 0.0, 25.0202, 0.0, 25.0202, 0.0, 25.0202, 0.0, 25.0202, 0.0, 25.0202, 0.0, 25.0202, 0.0, 25.0202, 0.0, 25.0202, 0.0, 25.0202, 0.0, 25.0202, 0.0, 25.0202, 0.0, 25.0202, 0.0, 25.0202, 0.0, 25.0202, 0.0, 25.0202, 0.0, 25.0202, 0.0, 17.0082, 0.0, 17.0082, 0.0, 17.0082, 0.0, 17.0082, 0.0, 17.0082, 0.0, 17.0082, 0.0, 17.0082, 0.0, 17.0082, 0.0, 17.0082, 0.0, 17.0082, 0.0, 17.0082, 0.0, 17.0082, 0.0, 17.0082, 0.0, 17.0082, 0.0, 17.0082, 0.0, 17.0082, 0.0, 17.0082, 0.0, 17.0082, 0.0, 17.0082, 0.0, 17.0082, 0.0, 17.0082, 0.0, 17.0082, 0.0, 17.0082, 0.0, 17.0082, 0.0, 17.0082, 0.0, 17.0082, 0.0, 17.0082, 0.0, 17.0082, 0.0, 26.6078, 0.0, 26.6078, 0.0, 26.6078, 0.0, 11.6607, 0.0, 11.6607, 0.0, 11.6607, 0.0, 11.6607, 0.0, 11.6607, 0.0, 11.6607, 0.0, 11.6607, 0.0, 11.6607, 0.0, 11.6607, 0.0, 11.6607, 0.0, 11.6607, 0.0, 11.6607, 0.0, 11.6607, 0.0, 11.6607, 0.0, 11.6607, 0.0, 11.6607, 0.0, 11.6607, 0.0, 11.6607, 0.0, 11.6607, 0.0, 11.6607, 0.0, 26.6078, 0.0, 26.6078, 0.0, 26.6078, 0.0, 26.6078, 0.0, 26.6078, 0.0, 26.6078, 0.0, 26.6078, 0.0, 26.6078, 0.0, 26.6078, 0.0, 26.6078, 0.0, 26.6078, 0.0, 26.6078, 0.0, 26.6078, 0.0, 26.6078, 0.0, 26.6078, 0.0, 26.6078, 0.0, 26.6078, 0.0, 26.6078, 0.0, 26.6078, 0.0, 26.6078, 0.0, 26.6078, 0.0, 26.6078, 0.0, 26.6078, 0.0, 26.6078, 0.0, 26.6078, 0.0, 11.6607, 0.0, 11.6607, 0.0, 11.6607, 0.0, 11.6607, 0.0, 11.6607, 0.0, 11.6607, 0.0, 11.6607, 0.0, 11.6607, 0.0, 13.2532, 0.0, 13.2532, 0.0, 13.2532, 0.0, 13.2532, 0.0, 13.2532, 0.0, 13.2532, 0.0, 13.2532, 0.0, 13.2532, 0.0, 13.2532, 0.0, 13.2532, 0.0, 13.2532, 0.0, 13.2532, 0.0, 13.2532, 0.0, 13.2532, 0.0, 13.2532, 0.0, 13.2532, 0.0, 13.2532, 0.0, 13.2532, 0.0, 13.2532, 0.0, 13.2532, 0.0, 13.2532, 0.0, 13.2532, 0.0, 13.2532, 0.0, 13.2532, 0.0, 13.2532, 0.0, 13.2532, 0.0, 13.2532, 0.0, 13.2532, 0.0, 6.7958, 0.0, 6.7958, 0.0, 6.7958, 0.0, 6.7958, 0.0, 6.7958, 0.0, 6.7958, 0.0, 6.7958, 0.0, 6.7958, 0.0, 6.7958, 0.0, 6.7958, 0.0, 6.7958, 0.0, 6.7958, 0.0, 6.7958, 0.0, 6.7958, 0.0, 6.7958, 0.0, 6.7958, 0.0, 6.7958, 0.0, 6.7958, 0.0, 6.7958, 0.0, 6.7958, 0.0, 6.7958, 0.0, 6.7958, 0.0, 6.7958, 0.0, 6.7958, 0.0, 6.7958, 0.0, 6.7958, 0.0, 6.7958, 0.0, 6.7958, 0.0, 4.6711, 0.0, 4.6711, 0.0, 4.6711, 0.0, 4.6711, 0.0, 4.6711, 0.0, 4.6711, 0.0, 4.6711, 0.0, 4.6711, 0.0, 4.6711, 0.0, 4.6711, 0.0, 4.6711, 0.0, 4.6711, 0.0, 4.6711, 0.0, 4.6711, 0.0, 4.6711, 0.0, 4.6711, 0.0, 4.6711, 0.0, 4.6711, 0.0, 4.6711, 0.0, 4.6711, 0.0, 4.6711, 0.0, 4.6711, 0.0, 4.6711, 0.0, 4.6711, 0.0, 4.6711, 0.0, 4.6711, 0.0, 4.6711, 0.0, 0.0, 34.5551, 34.5551, 0.0]",success,
0.5,5,1.3,15,392,2.6991,"[7, 10, 7, 0, 3, 0, 3, 0, 3, 0, 3, 0, 3, 0, 3, 0, 3, 0, 3, 0, 3, 0, 3, 0, 3, 0, 3, 0, 7, 14, 7, 0, 7, 14, 7, 0, 7, 14, 7, 0, 7, 14, 7, 0, 7, 14, 7, 0, 7, 14, 7, 0, 3, 9, 3, 0, 8, 0, 8, 0, 3, 0, 8, 0, 7, 12, 7, 0, 1, 0, 3, 0, 8, 0, 8, 0, 8, 0, 8, 0, 8, 0, 8, 0, 8, 0, 8, 0, 8, 0, 8, 0, 8, 0, 8, 0, 8, 0, 8, 0, 7, 14, 7, 0, 7, 14, 7, 0, 7, 14, 7, 0, 7, 14, 7, 0, 7, 14, 7, 0, 6, 5, 6, 0, 6, 5, 6, 0, 6, 5, 6, 0, 6, 5, 6, 0, 6, 5, 6, 0, 6, 5, 6, 0, 6, 5, 6, 0, 6, 5, 6, 0, 6, 5, 6, 0, 6, 5, 6, 0, 6, 5, 6, 0, 6, 5, 6, 0, 6, 5, 6, 0, 6, 5, 6, 0, 6, 5, 6, 0, 6, 5, 6, 0, 6, 5, 6, 0, 6, 5, 6, 0, 6, 5, 6, 0, 6, 5, 6, 0, 6, 5, 6, 0, 6, 5, 6, 0, 6, 5, 6, 0, 6, 5, 6, 0, 6, 5, 6, 0, 6, 5, 6, 0, 6, 5, 6, 0, 6, 5, 6, 0, 3, 11, 3, 0, 3, 11, 3, 0, 3, 11, 3, 0, 3, 11, 3, 0, 3, 11, 3, 0, 3, 11, 3, 0, 3, 11, 3, 0, 3, 11, 3, 0, 3, 11, 3, 0, 3, 11, 3, 0, 3, 11, 3, 0, 3, 11, 3, 0, 3, 11, 3, 0, 3, 11, 3, 0, 3, 11, 3, 0, 3, 11, 3, 0, 3, 11, 3, 0, 3, 11, 3, 0, 3, 11, 3, 0, 3, 11, 3, 0, 3, 11, 3, 0, 3, 11, 3, 0, 3, 11, 3, 0, 3, 11, 3, 0, 3, 11, 3, 0, 3, 11, 3, 0, 3, 11, 3, 0, 3, 11, 3, 0, 7, 10, 7, 0, 7, 10, 7, 0, 7, 10, 7, 0, 7, 10, 7, 0, 7, 10, 7, 0, 7, 10, 7, 0, 7, 10, 7, 0, 7, 10, 7, 0, 7, 10, 7, 0, 7, 10, 7, 0, 7, 10, 7, 0, 7, 10, 7, 0, 7, 10, 7, 0, 7, 10, 7, 0, 7, 10, 7, 0, 7, 10, 7, 0, 3, 0, 3, 0, 3, 0, 7, 10, 7, 0, 7, 10, 7, 0, 7, 10, 7, 0, 7, 10, 7, 0, 7, 10, 7, 0, 7, 10, 7, 0, 7, 10, 7, 0, 7, 10, 7, 0, 7, 10, 7, 0, 7, 12, 7, 0, 3, 0, 3, 0, 3, 0, 3, 0, 3, 0, 6, 0, 6, 0, 6, 0, 6, 0, 6, 0, 6, 0, 6, 0, 6, 0, 6, 0, 6, 0, 6, 0, 6, 0, 6, 0, 6, 0, 6, 0, 6, 0, 6, 0, 6, 0, 6, 0, 6, 0, 6, 0, 6, 0, 6, 0, 6, 0, 6, 0, 1, 0, 1, 0, 1, 0, 1, 0, 1, 0, 1, 0, 1, 0, 1, 0, 1, 0, 1, 0, 1, 0, 1, 0, 1, 0, 1, 0, 1, 0, 1, 0, 1, 0, 1, 0, 1, 0, 1, 0, 1, 0, 1, 0, 1, 0, 1, 0, 1, 0, 6, 2, 6, 0, 6, 2, 6, 0, 6, 2, 6, 0, 6, 2, 6, 0, 6, 2, 6, 0, 6, 2, 6, 0, 6, 2, 6, 0, 6, 2, 6, 0, 6, 2, 6, 0, 6, 2, 6, 0, 6, 2, 6, 0, 6, 2, 6, 0, 6, 2, 6, 0, 6, 2, 6, 0, 6, 2, 6, 0, 6, 2, 6, 0, 6, 2, 6, 0, 6, 2, 6, 0, 6, 2, 6, 0, 6, 2, 6, 0, 6, 2, 6, 0, 6, 2, 6, 0, 6, 2, 6, 0, 6, 2, 6, 0, 6, 2, 6, 0, 6, 2, 6, 0, 6, 2, 6, 0, 7, 14, 7, 0, 7, 14, 7, 0, 7, 14, 7, 0, 7, 14, 7, 0, 7, 14, 7, 0, 7, 14, 7, 0, 7, 14, 7, 0, 7, 14, 7, 0, 7, 14, 7, 0, 7, 14, 7, 0, 7, 14, 7, 0, 7, 14, 7, 0, 7, 14, 7, 0, 7, 14, 7, 0, 7, 14, 7, 0, 7, 14, 7, 0, 7, 14, 7, 0, 13, 0, 13, 0, 13, 0, 13, 0, 13, 0, 13, 0, 13, 0, 13, 0, 13, 0, 13, 0, 13, 0, 13, 0, 13, 0, 13, 0, 13, 0, 13, 0, 13, 0, 13, 0, 13, 0, 13, 0, 13, 0, 13, 0, 13, 0, 13, 0, 13, 0, 13, 0, 13, 0, 13, 0, 7, 12, 7, 0, 7, 12, 7, 0, 7, 12, 7, 0, 7, 12, 7, 0, 7, 12, 7, 0, 7, 12, 7, 0, 7, 12, 7, 0, 7, 12, 7, 0, 7, 12, 7, 0, 7, 12, 7, 0, 7, 12, 7, 0, 7, 12, 7, 0, 7, 12, 7, 0, 7, 12, 7, 0, 7, 12, 7, 0, 7, 12, 7, 0, 7, 12, 7, 0, 7, 12, 7, 0, 7, 12, 7, 0, 7, 12, 7, 0, 7, 12, 7, 0, 7, 12, 7, 0, 7, 12, 7, 0, 7, 12, 7, 0, 4, 0, 4, 0, 4, 0, 4, 0, 4, 0, 4, 0, 4, 0, 4, 0, 4, 0, 4, 0, 4, 0, 4, 0, 4, 0, 4, 0, 4, 0, 4, 0, 4, 0, 4, 0, 4, 0, 4, 0, 4, 0, 4, 0, 4, 0, 4, 0, 4, 0, 4, 0, 7, 0, 7, 0, 7, 0, 7, 0, 7, 0, 7, 0, 7, 0, 7, 0, 7, 0, 7, 0, 7, 0, 7, 0, 7, 0, 7, 0, 7, 0, 7, 0, 7, 0, 7, 0, 7, 0, 7, 0, 7, 0, 7, 0, 7, 0, 7, 0, 7, 0, 7, 0, 8, 0, 8, 0, 8, 0, 8, 0, 8, 0, 8, 0, 8, 0, 7, 10, 7, 0, 7, 10, 7, 0, 3, 9, 3, 0, 3, 9, 3, 0, 3, 9, 3, 0, 3, 9, 3, 0, 3, 9, 3, 0, 3, 9, 3, 0, 3, 9, 3, 0, 3, 9, 3, 0, 3, 9, 3, 0, 3, 9, 3, 0, 3, 9, 3, 0, 3, 9, 3, 0, 3, 9, 3, 0, 3, 9, 3, 0, 3, 9, 3, 0, 3, 9, 3, 0, 3, 9, 3, 0, 3, 9, 3, 0, 3, 9, 3, 0, 3, 9, 3, 0, 3, 9, 3, 0, 3, 9, 3, 0, 3, 9, 3, 0, 3, 9, 3, 0, 3, 9, 3, 0, 3, 0, 3, 0, 7, 12, 7, 0, 6, 2, 6, 0, 6, 0, 8, 0, 3, 9, 3, 0, 8, 0, 1, 0, 6, 0, 7, 0, 3, 0, 7, 0, 8, 0, 6, 0, 3, 0, 3, 0, 7, 12, 7, 0, 8, 0, 1, 0, 3, 0, 4, 0, 4, 0, 3, 9, 3, 0]","[0.3394, 0.3394, 0.2786, 0.3873, 0.3873, 0.3873, 0.3873, 0.3873, 0.3873, 0.3873, 0.3873, 0.3873, 0.3873, 0.3873, 0.3873, 0.3873, 0.3873, 0.3873, 0.3873, 0.3873, 0.3873, 0.3873, 0.3873, 0.3873, 0.3873, 0.3873, 0.3873, 0.2786, 0.5398, 0.5398, 0.2786, 0.2786, 0.5398, 0.5398, 0.2786, 0.2786, 0.5398, 0.5398, 0.2786, 0.2786, 0.5398, 0.5398, 0.2786, 0.2786, 0.5398, 0.5398, 0.2786, 0.2786, 0.5398, 0.5398, 0.2786, 0.3873, 0.1681, 0.1681, 0.3873, 0.4396, 0.4396, 0.4396, 0.4396, 0.3873, 0.3873, 0.4396, 0.4396, 0.2786, 0.3366, 0.3366, 0.2786, 0.4093, 0.4093, 0.3873, 0.3873, 0.4396, 0.4396, 0.4396, 0.4396, 0.4396, 0.4396, 0.4396, 0.4396, 0.4396, 0.4396, 0.4396, 0.4396, 0.4396, 0.4396, 0.4396, 0.4396, 0.4396, 0.4396, 0.4396, 0.4396, 0.4396, 0.4396, 0.4396, 0.4396, 0.4396, 0.4396, 0.4396, 0.4396, 0.2786, 0.5398, 0.5398, 0.2786, 0.2786, 0.5398, 0.5398, 0.2786, 0.2786, 0.5398, 0.5398, 0.2786, 0.2786, 0.5398, 0.5398, 0.2786, 0.2786, 0.5398, 0.5398, 0.2786, 0.3534, 0.2922, 0.2922, 0.3534, 0.3534, 0.2922, 0.2922, 0.3534, 0.3534, 0.2922, 0.2922, 0.3534, 0.3534, 0.2922, 0.2922, 0.3534, 0.3534, 0.2922, 0.2922, 0.3534, 0.3534, 0.2922, 0.2922, 0.3534, 0.3534, 0.2922, 0.2922, 0.3534, 0.3534, 0.2922, 0.2922, 0.3534, 0.3534, 0.2922, 0.2922, 0.3534, 0.3534, 0.2922, 0.2922, 0.3534, 0.3534, 0.2922, 0.2922, 0.3534, 0.3534, 0.2922, 0.2922, 0.3534, 0.3534, 0.2922, 0.2922, 0.3534, 0.3534, 0.2922, 0.2922, 0.3534, 0.3534, 0.2922, 0.2922, 0.3534, 0.3534, 0.2922, 0.2922, 0.3534, 0.3534, 0.2922, 0.2922, 0.3534, 0.3534, 0.2922, 0.2922, 0.3534, 0.3534, 0.2922, 0.2922, 0.3534, 0.3534, 0.2922, 0.2922, 0.3534, 0.3534, 0.2922, 0.2922, 0.3534, 0.3534, 0.2922, 0.2922, 0.3534, 0.3534, 0.2922, 0.2922, 0.3534, 0.3534, 0.2922, 0.2922, 0.3534, 0.3534, 0.2922, 0.2922, 0.3534, 0.3534, 0.2922, 0.2922, 0.3534, 0.3534, 0.2922, 0.2922, 0.3534, 0.3534, 0.2922, 0.2922, 0.3534, 0.3873, 0.2353, 0.2353, 0.3873, 0.3873, 0.2353, 0.2353, 0.3873, 0.3873, 0.2353, 0.2353, 0.3873, 0.3873, 0.2353, 0.2353, 0.3873, 0.3873, 0.2353, 0.2353, 0.3873, 0.3873, 0.2353, 0.2353, 0.3873, 0.3873, 0.2353, 0.2353, 0.3873, 0.3873, 0.2353, 0.2353, 0.3873, 0.3873, 0.2353, 0.2353, 0.3873, 0.3873, 0.2353, 0.2353, 0.3873, 0.3873, 0.2353, 0.2353, 0.3873, 0.3873, 0.2353, 0.2353, 0.3873, 0.3873, 0.2353, 0.2353, 0.3873, 0.3873, 0.2353, 0.2353, 0.3873, 0.3873, 0.2353, 0.2353, 0.3873, 0.3873, 0.2353, 0.2353, 0.3873, 0.3873, 0.2353, 0.2353, 0.3873, 0.3873, 0.2353, 0.2353, 0.3873, 0.3873, 0.2353, 0.2353, 0.3873, 0.3873, 0.2353, 0.2353, 0.3873, 0.3873, 0.2353, 0.2353, 0.3873, 0.3873, 0.2353, 0.2353, 0.3873, 0.3873, 0.2353, 0.2353, 0.3873, 0.3873, 0.2353, 0.2353, 0.3873, 0.3873, 0.2353, 0.2353, 0.3873, 0.3873, 0.2353, 0.2353, 0.3873, 0.3873, 0.2353, 0.2353, 0.3873, 0.3873, 0.2353, 0.2353, 0.3873, 0.2786, 0.3394, 0.3394, 0.2786, 0.2786, 0.3394, 0.3394, 0.2786, 0.2786, 0.3394, 0.3394, 0.2786, 0.2786, 0.3394, 0.3394, 0.2786, 0.2786, 0.3394, 0.3394, 0.2786, 0.2786, 0.3394, 0.3394, 0.2786, 0.2786, 0.3394, 0.3394, 0.2786, 0.2786, 0.3394, 0.3394, 0.2786, 0.2786, 0.3394, 0.3394, 0.2786, 0.2786, 0.3394, 0.3394, 0.2786, 0.2786, 0.3394, 0.3394, 0.2786, 0.2786, 0.3394, 0.3394, 0.2786, 0.2786, 0.3394, 0.3394, 0.2786, 0.2786, 0.3394, 0.3394, 0.2786, 0.2786, 0.3394, 0.3394, 0.2786, 0.2786, 0.3394, 0.3394, 0.2786, 0.3873, 0.3873, 0.3873, 0.3873, 0.3873, 0.3873, 0.2786, 0.3394, 0.3394, 0.2786, 0.2786, 0.3394, 0.3394, 0.2786, 0.2786, 0.3394, 0.3394, 0.2786, 0.2786, 0.3394, 0.3394, 0.2786, 0.2786, 0.3394, 0.3394, 0.2786, 0.2786, 0.3394, 0.3394, 0.2786, 0.2786, 0.3394, 0.3394, 0.2786, 0.2786, 0.3394, 0.3394, 0.2786, 0.2786, 0.3394, 0.3394, 0.2786, 0.2786, 0.3366, 0.3366, 0.2786, 0.3873, 0.3873, 0.3873, 0.3873, 0.3873, 0.3873, 0.3873, 0.3873, 0.3873, 0.3873, 0.3534, 0.3534, 0.3534, 0.3534, 0.3534, 0.3534, 0.3534, 0.3534, 0.3534, 0.3534, 0.3534, 0.3534, 0.3534, 0.3534, 0.3534, 0.3534, 0.3534, 0.3534, 0.3534, 0.3534, 0.3534, 0.3534, 0.3534, 0.3534, 0.3534, 0.3534, 0.3534, 0.3534, 0.3534, 0.3534, 0.3534, 0.3534, 0.3534, 0.3534, 0.3534, 0.3534, 0.3534, 0.3534, 0.3534, 0.3534, 0.3534, 0.3534, 0.3534, 0.3534, 0.3534, 0.3534, 0.3534, 0.3534, 0.3534, 0.3534, 0.4093, 0.4093, 0.4093, 0.4093, 0.4093, 0.4093, 0.4093, 0.4093, 0.4093, 0.4093, 0.4093, 0.4093, 0.4093, 0.4093, 0.4093, 0.4093, 0.4093, 0.4093, 0.4093, 0.4093, 0.4093, 0.4093, 0.4093, 0.4093, 0.4093, 0.4093, 0.4093, 0.4093, 0.4093, 0.4093, 0.4093, 0.4093, 0.4093, 0.4093, 0.4093, 0.4093, 0.4093, 0.4093, 0.4093, 0.4093, 0.4093, 0.4093, 0.4093, 0.4093, 0.4093, 0.4093, 0.4093, 0.4093, 0.4093, 0.4093, 0.3534, 0.5705, 0.5705, 0.3534, 0.3534, 0.5705, 0.5705, 0.3534, 0.3534, 0.5705, 0.5705, 0.3534, 0.3534, 0.5705, 0.5705, 0.3534, 0.3534, 0.5705, 0.5705, 0.3534, 0.3534, 0.5705, 0.5705, 0.3534, 0.3534, 0.5705, 0.5705, 0.3534, 0.3534, 0.5705, 0.5705, 0.3534, 0.3534, 0.5705, 0.5705, 0.3534, 0.3534, 0.5705, 0.5705, 0.3534, 0.3534, 0.5705, 0.5705, 0.3534, 0.3534, 0.5705, 0.5705, 0.3534, 0.3534, 0.5705, 0.5705, 0.3534, 0.3534, 0.5705, 0.5705, 0.3534, 0.3534, 0.5705, 0.5705, 0.3534, 0.3534, 0.5705, 0.5705, 0.3534, 0.3534, 0.5705, 0.5705, 0.3534, 0.3534, 0.5705, 0.5705, 0.3534, 0.3534, 0.5705, 0.5705, 0.3534, 0.3534, 0.5705, 0.5705, 0.3534, 0.3534, 0.5705, 0.5705, 0.3534, 0.3534, 0.5705, 0.5705, 0.3534, 0.3534, 0.5705, 0.5705, 0.3534, 0.3534, 0.5705, 0.5705, 0.3534, 0.3534, 0.5705, 0.5705, 0.3534, 0.3534, 0.5705, 0.5705, 0.3534, 0.3534, 0.5705, 0.5705, 0.3534, 0.2786, 0.5398, 0.5398, 0.2786, 0.2786, 0.5398, 0.5398, 0.2786, 0.2786, 0.5398, 0.5398, 0.2786, 0.2786, 0.5398, 0.5398, 0.2786, 0.2786, 0.5398, 0.5398, 0.2786, 0.2786, 0.5398, 0.5398, 0.2786, 0.2786, 0.5398, 0.5398, 0.2786, 0.2786, 0.5398, 0.5398, 0.2786, 0.2786, 0.5398, 0.5398, 0.2786, 0.2786, 0.5398, 0.5398, 0.2786, 0.2786, 0.5398, 0.5398, 0.2786, 0.2786, 0.5398, 0.5398, 0.2786, 0.2786, 0.5398, 0.5398, 0.2786, 0.2786, 0.5398, 0.5398, 0.2786, 0.2786, 0.5398, 0.5398, 0.2786, 0.2786, 0.5398, 0.5398, 0.2786, 0.2786, 0.5398, 0.5398, 0.2786, 0.4574, 0.4574, 0.4574, 0.4574, 0.4574, 0.4574, 0.4574, 0.4574, 0.4574, 0.4574, 0.4574, 0.4574, 0.4574, 0.4574, 0.4574, 0.4574, 0.4574, 0.4574, 0.4574, 0.4574, 0.4574, 0.4574, 0.4574, 0.4574, 0.4574, 0.4574, 0.4574, 0.4574, 0.4574, 0.4574, 0.4574, 0.4574, 0.4574, 0.4574, 0.4574, 0.4574, 0.4574, 0.4574, 0.4574, 0.4574, 0.4574, 0.4574, 0.4574, 0.4574, 0.4574, 0.4574, 0.4574, 0.4574, 0.4574, 0.4574, 0.4574, 0.4574, 0.4574, 0.4574, 0.4574, 0.4574, 0.2786, 0.3366, 0.3366, 0.2786, 0.2786, 0.3366, 0.3366, 0.2786, 0.2786, 0.3366, 0.3366, 0.2786, 0.2786, 0.3366, 0.3366, 0.2786, 0.2786, 0.3366, 0.3366, 0.2786, 0.2786, 0.3366, 0.3366, 0.2786, 0.2786, 0.3366, 0.3366, 0.2786, 0.2786, 0.3366, 0.3366, 0.2786, 0.2786, 0.3366, 0.3366, 0.2786, 0.2786, 0.3366, 0.3366, 0.2786, 0.2786, 0.3366, 0.3366, 0.2786, 0.2786, 0.3366, 0.3366, 0.2786, 0.2786, 0.3366, 0.3366, 0.2786, 0.2786, 0.3366, 0.3366, 0.2786, 0.2786, 0.3366, 0.3366, 0.2786, 0.2786, 0.3366, 0.3366, 0.2786, 0.2786, 0.3366, 0.3366, 0.2786, 0.2786, 0.3366, 0.3366, 0.2786, 0.2786, 0.3366, 0.3366, 0.2786, 0.2786, 0.3366, 0.3366, 0.2786, 0.2786, 0.3366, 0.3366, 0.2786, 0.2786, 0.3366, 0.3366, 0.2786, 0.2786, 0.3366, 0.3366, 0.2786, 0.2786, 0.3366, 0.3366, 0.2786, 0.3752, 0.3752, 0.3752, 0.3752, 0.3752, 0.3752, 0.3752, 0.3752, 0.3752, 0.3752, 0.3752, 0.3752, 0.3752, 0.3752, 0.3752, 0.3752, 0.3752, 0.3752, 0.3752, 0.3752, 0.3752, 0.3752, 0.3752, 0.3752, 0.3752, 0.3752, 0.3752, 0.3752, 0.3752, 0.3752, 0.3752, 0.3752, 0.3752, 0.3752, 0.3752, 0.3752, 0.3752, 0.3752, 0.3752, 0.3752, 0.3752, 0.3752, 0.3752, 0.3752, 0.3752, 0.3752, 0.3752, 0.3752, 0.3752, 0.3752, 0.3752, 0.3752, 0.2786, 0.2786, 0.2786, 0.2786, 0.2786, 0.2786, 0.2786, 0.2786, 0.2786, 0.2786, 0.2786, 0.2786, 0.2786, 0.2786, 0.2786, 0.2786, 0.2786, 0.2786, 0.2786, 0.2786, 0.2786, 0.2786, 0.2786, 0.2786, 0.2786, 0.2786, 0.2786, 0.2786, 0.2786, 0.2786, 0.2786, 0.2786, 0.2786, 0.2786, 0.2786, 0.2786, 0.2786, 0.2786, 0.2786, 0.2786, 0.2786, 0.2786, 0.2786, 0.2786, 0.2786, 0.2786, 0.2786, 0.2786, 0.2786, 0.2786, 0.2786, 0.2786, 0.4396, 0.4396, 0.4396, 0.4396, 0.4396, 0.4396, 0.4396, 0.4396, 0.4396, 0.4396, 0.4396, 0.4396, 0.4396, 0.4396, 0.2786, 0.3394, 0.3394, 0.2786, 0.2786, 0.3394, 0.3394, 0.2786, 0.3873, 0.1681, 0.1681, 0.3873, 0.3873, 0.1681, 0.1681, 0.3873, 0.3873, 0.1681, 0.1681, 0.3873, 0.3873, 0.1681, 0.1681, 0.3873, 0.3873, 0.1681, 0.1681, 0.3873, 0.3873, 0.1681, 0.1681, 0.3873, 0.3873, 0.1681, 0.1681, 0.3873, 0.3873, 0.1681, 0.1681, 0.3873, 0.3873, 0.1681, 0.1681, 0.3873, 0.3873, 0.1681, 0.1681, 0.3873, 0.3873, 0.1681, 0.1681, 0.3873, 0.3873, 0.1681, 0.1681, 0.3873, 0.3873, 0.1681, 0.1681, 0.3873, 0.3873, 0.1681, 0.1681, 0.3873, 0.3873, 0.1681, 0.1681, 0.3873, 0.3873, 0.1681, 0.1681, 0.3873, 0.3873, 0.1681, 0.1681, 0.3873, 0.3873, 0.1681, 0.1681, 0.3873, 0.3873, 0.1681, 0.1681, 0.3873, 0.3873, 0.1681, 0.1681, 0.3873, 0.3873, 0.1681, 0.1681, 0.3873, 0.3873, 0.1681, 0.1681, 0.3873, 0.3873, 0.1681, 0.1681, 0.3873, 0.3873, 0.1681, 0.1681, 0.3873, 0.3873, 0.1681, 0.1681, 0.3873, 0.3873, 0.3873, 0.3873, 0.3873, 0.2786, 0.3366, 0.3366, 0.2786, 0.3534, 0.5705, 0.5705, 0.3534, 0.3534, 0.3534, 0.4396, 0.4396, 0.3873, 0.1681, 0.1681, 0.3873, 0.4396, 0.4396, 0.4093, 0.4093, 0.3534, 0.3534, 0.2786, 0.2786, 0.3873, 0.3873, 0.2786, 0.2786, 0.4396, 0.4396, 0.3534, 0.3534, 0.3873, 0.3873, 0.3873, 0.3873, 0.2786, 0.3366, 0.3366, 0.2786, 0.4396, 0.4396, 0.4093, 0.4093, 0.3873, 0.3873, 0.3752, 0.3752, 0.3752, 0.3752, 0.3873, 0.1681, 0.1681, 0.3873]","[0.0, 23.9337, 23.9337, 0.0, 11.6607, 0.0, 11.6607, 0.0, 11.6607, 0.0, 11.6607, 0.0, 11.6607, 0.0, 11.6607, 0.0, 11.6607, 0.0, 11.6607, 0.0, 11.6607, 0.0, 11.6607, 0.0, 11.6607, 0.0, 11.6607, 0.0, 0.0, 11.1805, 11.1805, 0.0, 0.0, 11.1805, 11.1805, 0.0, 0.0, 11.1805, 11.1805, 0.0, 0.0, 11.1805, 11.1805, 0.0, 0.0, 11.1805, 11.1805, 0.0, 0.0, 11.1805, 11.1805, 0.0, 0.0, 8.1315, 8.1315, 0.0, 17.0082, 0.0, 17.0082, 0.0, 11.6607, 0.0, 17.0082, 0.0, 0.0, 29.7445, 29.7445, 0.0, 26.6078, 0.0, 11.6607, 0.0, 17.0082, 0.0, 17.0082, 0.0, 17.0082, 0.0, 17.0082, 0.0, 17.0082, 0.0, 17.0082, 0.0, 17.0082, 0.0, 17.0082, 0.0, 17.0082, 0.0, 17.0082, 0.0, 17.0082, 0.0, 17.0082, 0.0, 17.0082, 0.0, 17.0082, 0.0, 0.0, 11.1805, 11.1805, 0.0, 0.0, 11.1805, 11.1805, 0.0, 0.0, 11.1805, 11.1805, 0.0, 0.0, 11.1805, 11.1805, 0.0, 0.0, 11.1805, 11.1805, 0.0, 0.0, 16.7888, 16.7888, 0.0, 0.0, 16.7888, 16.7888, 0.0, 0.0, 16.7888, 16.7888, 0.0, 0.0, 16.7888, 16.7888, 0.0, 0.0, 16.7888, 16.7888, 0.0, 0.0, 16.7888, 16.7888, 0.0, 0.0, 16.7888, 16.7888, 0.0, 0.0, 16.7888, 16.7888, 0.0, 0.0, 16.7888, 16.7888, 0.0, 0.0, 16.7888, 16.7888, 0.0, 0.0, 16.7888, 16.7888, 0.0, 0.0, 16.7888, 16.7888, 0.0, 0.0, 16.7888, 16.7888, 0.0, 0.0, 16.7888, 16.7888, 0.0, 0.0, 16.7888, 16.7888, 0.0, 0.0, 16.7888, 16.7888, 0.0, 0.0, 16.7888, 16.7888, 0.0, 0.0, 16.7888, 16.7888, 0.0, 0.0, 16.7888, 16.7888, 0.0, 0.0, 16.7888, 16.7888, 0.0, 0.0, 16.7888, 16.7888, 0.0, 0.0, 16.7888, 16.7888, 0.0, 0.0, 16.7888, 16.7888, 0.0, 0.0, 16.7888, 16.7888, 0.0, 0.0, 16.7888, 16.7888, 0.0, 0.0, 16.7888, 16.7888, 0.0, 0.0, 16.7888, 16.7888, 0.0, 0.0, 16.7888, 16.7888, 0.0, 0.0, 15.6327, 15.6327, 0.0, 0.0, 15.6327, 15.6327, 0.0, 0.0, 15.6327, 15.6327, 0.0, 0.0, 15.6327, 15.6327, 0.0, 0.0, 15.6327, 15.6327, 0.0, 0.0, 15.6327, 15.6327, 0.0, 0.0, 15.6327, 15.6327, 0.0, 0.0, 15.6327, 15.6327, 0.0, 0.0, 15.6327, 15.6327, 0.0, 0.0, 15.6327, 15.6327, 0.0, 0.0, 15.6327, 15.6327, 0.0, 0.0, 15.6327, 15.6327, 0.0, 0.0, 15.6327, 15.6327, 0.0, 0.0, 15.6327, 15.6327, 0.0, 0.0, 15.6327, 15.6327, 0.0, 0.0, 15.6327, 15.6327, 0.0, 0.0, 15.6327, 15.6327, 0.0, 0.0, 15.6327, 15.6327, 0.0, 0.0, 15.6327, 15.6327, 0.0, 0.0, 15.6327, 15.6327, 0.0, 0.0, 15.6327, 15.6327, 0.0, 0.0, 15.6327, 15.6327, 0.0, 0.0, 15.6327, 15.6327, 0.0, 0.0, 15.6327, 15.6327, 0.0, 0.0, 15.6327, 15.6327, 0.0, 0.0, 15.6327, 15.6327, 0.0, 0.0, 15.6327, 15.6327, 0.0, 0.0, 15.6327, 15.6327, 0.0, 0.0, 23.9337, 23.9337, 0.0, 0.0, 23.9337, 23.9337, 0.0, 0.0, 23.9337, 23.9337, 0.0, 0.0, 23.9337, 23.9337, 0.0, 0.0, 23.9337, 23.9337, 0.0, 0.0, 23.9337, 23.9337, 0.0, 0.0, 23.9337, 23.9337, 0.0, 0.0, 23.9337, 23.9337, 0.0, 0.0, 23.9337, 23.9337, 0.0, 0.0, 23.9337, 23.9337, 0.0, 0.0, 23.9337, 23.9337, 0.0, 0.0, 23.9337, 23.9337, 0.0, 0.0, 23.9337, 23.9337, 0.0, 0.0, 23.9337, 23.9337, 0.0, 0.0, 23.9337, 23.9337, 0.0, 0.0, 23.9337, 23.9337, 0.0, 11.6607, 0.0, 11.6607, 0.0, 11.6607, 0.0, 0.0, 23.9337, 23.9337, 0.0, 0.0, 23.9337, 23.9337, 0.0, 0.0, 23.9337, 23.9337, 0.0, 0.0, 23.9337, 23.9337, 0.0, 0.0, 23.9337, 23.9337, 0.0, 0.0, 23.9337, 23.9337, 0.0, 0.0, 23.9337, 23.9337, 0.0, 0.0, 23.9337, 23.9337, 0.0, 0.0, 23.9337, 23.9337, 0.0, 0.0, 29.7445, 29.7445, 0.0, 11.6607, 0.0, 11.6607, 0.0, 11.6607, 0.0, 11.6607, 0.0, 11.6607, 0.0, 6.7958, 0.0, 6.7958, 0.0, 6.7958, 0.0, 6.7958, 0.0, 6.7958, 0.0, 6.7958, 0.0, 6.7958, 0.0, 6.7958, 0.0, 6.7958, 0.0, 6.7958, 0.0, 6.7958, 0.0, 6.7958, 0.0, 6.7958, 0.0, 6.7958, 0.0, 6.7958, 0.0, 6.7958, 0.0, 6.7958, 0.0, 6.7958, 0.0, 6.7958, 0.0, 6.7958, 0.0, 6.7958, 0.0, 6.7958, 0.0, 6.7958, 0.0, 6.7958, 0.0, 6.7958, 0.0, 26.6078, 0.0, 26.6078, 0.0, 26.6078, 0.0, 26.6078, 0.0, 26.6078, 0.0, 26.6078, 0.0, 26.6078, 0.0, 26.6078, 0.0, 26.6078, 0.0, 26.6078, 0.0, 26.6078, 0.0, 26.6078, 0.0, 26.6078, 0.0, 26.6078, 0.0, 26.6078, 0.0, 26.6078, 0.0, 26.6078, 0.0, 26.6078, 0.0, 26.6078, 0.0, 26.6078, 0.0, 26.6078, 0.0, 26.6078, 0.0, 26.6078, 0.0, 26.6078, 0.0, 26.6078, 0.0, 0.0, 34.5551, 34.5551, 0.0, 0.0, 34.5551, 34.5551, 0.0, 0.0, 34.5551, 34.5551, 0.0, 0.0, 34.5551, 34.5551, 0.0, 0.0, 34.5551, 34.5551, 0.0, 0.0, 34.5551, 34.5551, 0.0, 0.0, 34.5551, 34.5551, 0.0, 0.0, 34.5551, 34.5551, 0.0, 0.0, 34.5551, 34.5551, 0.0, 0.0, 34.5551, 34.5551, 0.0, 0.0, 34.5551, 34.5551, 0.0, 0.0, 34.5551, 34.5551, 0.0, 0.0, 34.5551, 34.5551, 0.0, 0.0, 34.5551, 34.5551, 0.0, 0.0, 34.5551, 34.5551, 0.0, 0.0, 34.5551, 34.5551, 0.0, 0.0, 34.5551, 34.5551, 0.0, 0.0, 34.5551, 34.5551, 0.0, 0.0, 34.5551, 34.5551, 0.0, 0.0, 34.5551, 34.5551, 0.0, 0.0, 34.5551, 34.5551, 0.0, 0.0, 34.5551, 34.5551, 0.0, 0.0, 34.5551, 34.5551, 0.0, 0.0, 34.5551, 34.5551, 0.0, 0.0, 34.5551, 34.5551, 0.0, 0.0, 34.5551, 34.5551, 0.0, 0.0, 34.5551, 34.5551, 0.0, 0.0, 11.1805, 11.1805, 0.0, 0.0, 11.1805, 11.1805, 0.0, 0.0, 11.1805, 11.1805, 0.0, 0.0, 11.1805, 11.1805, 0.0, 0.0, 11.1805, 11.1805, 0.0, 0.0, 11.1805, 11.1805, 0.0, 0.0, 11.1805, 11.1805, 0.0, 0.0, 11.1805, 11.1805, 0.0, 0.0, 11.1805, 11.1805, 0.0, 0.0, 11.1805, 11.1805, 0.0, 0.0, 11.1805, 11.1805, 0.0, 0.0, 11.1805, 11.1805, 0.0, 0.0, 11.1805, 11.1805, 0.0, 0.0, 11.1805, 11.1805, 0.0, 0.0, 11.1805, 11.1805, 0.0, 0.0, 11.1805, 11.1805, 0.0, 0.0, 11.1805, 11.1805, 0.0, 25.0202, 0.0, 25.0202, 0.0, 25.0202, 0.0, 25.0202, 0.0, 25.0202, 0.0, 25.0202, 0.0, 25.0202, 0.0, 25.0202, 0.0, 25.0202, 0.0, 25.0202, 0.0, 25.0202, 0.0, 25.0202, 0.0, 25.0202, 0.0, 25.0202, 0.0, 25.0202, 0.0, 25.0202, 0.0, 25.0202, 0.0, 25.0202, 0.0, 25.0202, 0.0, 25.0202, 0.0, 25.0202, 0.0, 25.0202, 0.0, 25.0202, 0.0, 25.0202, 0.0, 25.0202, 0.0, 25.0202, 0.0, 25.0202, 0.0, 25.0202, 0.0, 0.0, 29.7445, 29.7445, 0.0, 0.0, 29.7445, 29.7445, 0.0, 0.0, 29.7445, 29.7445, 0.0, 0.0, 29.7445, 29.7445, 0.0, 0.0, 29.7445, 29.7445, 0.0, 0.0, 29.7445, 29.7445, 0.0, 0.0, 29.7445, 29.7445, 0.0, 0.0, 29.7445, 29.7445, 0.0, 0.0, 29.7445, 29.7445, 0.0, 0.0, 29.7445, 29.7445, 0.0, 0.0, 29.7445, 29.7445, 0.0, 0.0, 29.7445, 29.7445, 0.0, 0.0, 29.7445, 29.7445, 0.0, 0.0, 29.7445, 29.7445, 0.0, 0.0, 29.7445, 29.7445, 0.0, 0.0, 29.7445, 29.7445, 0.0, 0.0, 29.7445, 29.7445, 0.0, 0.0, 29.7445, 29.7445, 0.0, 0.0, 29.7445, 29.7445, 0.0, 0.0, 29.7445, 29.7445, 0.0, 0.0, 29.7445, 29.7445, 0.0, 0.0, 29.7445, 29.7445, 0.0, 0.0, 29.7445, 29.7445, 0.0, 0.0, 29.7445, 29.7445, 0.0, 13.2532, 0.0, 13.2532, 0.0, 13.2532, 0.0, 13.2532, 0.0, 13.2532, 0.0, 13.2532, 0.0, 13.2532, 0.0, 13.2532, 0.0, 13.2532, 0.0, 13.2532, 0.0, 13.2532, 0.0, 13.2532, 0.0, 13.2532, 0.0, 13.2532, 0.0, 13.2532, 0.0, 13.2532, 0.0, 13.2532, 0.0, 13.2532, 0.0, 13.2532, 0.0, 13.2532, 0.0, 13.2532, 0.0, 13.2532, 0.0, 13.2532, 0.0, 13.2532, 0.0, 13.2532, 0.0, 13.2532, 0.0, 4.6711, 0.0, 4.6711, 0.0, 4.6711, 0.0, 4.6711, 0.0, 4.6711, 0.0, 4.6711, 0.0, 4.6711, 0.0, 4.6711, 0.0, 4.6711, 0.0, 4.6711, 0.0, 4.6711, 0.0, 4.6711, 0.0, 4.6711, 0.0, 4.6711, 0.0, 4.6711, 0.0, 4.6711, 0.0, 4.6711, 0.0, 4.6711, 0.0, 4.6711, 0.0, 4.6711, 0.0, 4.6711, 0.0, 4.6711, 0.0, 4.6711, 0.0, 4.6711, 0.0, 4.6711, 0.0, 4.6711, 0.0, 17.0082, 0.0, 17.0082, 0.0, 17.0082, 0.0, 17.0082, 0.0, 17.0082, 0.0, 17.0082, 0.0, 17.0082, 0.0, 0.0, 23.9337, 23.9337, 0.0, 0.0, 23.9337, 23.9337, 0.0, 0.0, 8.1315, 8.1315, 0.0, 0.0, 8.1315, 8.1315, 0.0, 0.0, 8.1315, 8.1315, 0.0, 0.0, 8.1315, 8.1315, 0.0, 0.0, 8.1315, 8.1315, 0.0, 0.0, 8.1315, 8.1315, 0.0, 0.0, 8.1315, 8.1315, 0.0, 0.0, 8.1315, 8.1315, 0.0, 0.0, 8.1315, 8.1315, 0.0, 0.0, 8.1315, 8.1315, 0.0, 0.0, 8.1315, 8.1315, 0.0, 0.0, 8.1315, 8.1315, 0.0, 0.0, 8.1315, 8.1315, 0.0, 0.0, 8.1315, 8.1315, 0.0, 0.0, 8.1315, 8.1315, 0.0, 0.0, 8.1315, 8.1315, 0.0, 0.0, 8.1315, 8.1315, 0.0, 0.0, 8.1315, 8.1315, 0.0, 0.0, 8.1315, 8.1315, 0.0, 0.0, 8.1315, 8.1315, 0.0, 0.0, 8.1315, 8.1315, 0.0, 0.0, 8.1315, 8.1315, 0.0, 0.0, 8.1315, 8.1315, 0.0, 0.0, 8.1315, 8.1315, 0.0, 0.0, 8.1315, 8.1315, 0.0, 11.6607, 0.0, 11.6607, 0.0, 0.0, 29.7445, 29.7445, 0.0, 0.0, 34.5551, 34.5551, 0.0, 6.7958, 0.0, 17.0082, 0.0, 0.0, 8.1315, 8.1315, 0.0, 17.0082, 0.0, 26.6078, 0.0, 6.7958, 0.0, 4.6711, 0.0, 11.6607, 0.0, 4.6711, 0.0, 17.0082, 0.0, 6.7958, 0.0, 11.6607, 0.0, 11.6607, 0.0, 0.0, 29.7445, 29.7445, 0.0, 17.0082, 0.0, 26.6078, 0.0, 11.6607, 0.0, 13.2532, 0.0, 13.2532, 0.0, 0.0, 8.1315, 8.1315, 0.0]",success,
0.5,10,1e-10,15,1,1.9115,"[8, 7, 14, 2, 5, 6, 3, 1, 11, 9, 10, 12, 13, 4, 0]","[0.1976, 0.5398, 0.6069, 0.2809, 0.2922, 0.1229, 0.1318, 0.2256, 0.298, 0.2857, 0.1612, 0.3462, 0.5291, 0.3752]","[476.2292, 607.0208, 920.0751, 1887.6173, 2357.7036, 2547.9854, 2874.485, 3619.5024, 4057.2171, 4284.8996, 4955.0438, 5787.8893, 6488.4541, 6859.5434, 0.0]",success,
0.5,10,1e-05,15,1,1.9044,"[14, 2, 5, 6, 3, 1, 11, 9, 10, 12, 13, 7, 8, 4, 0]","[0.6069, 0.2809, 0.2922, 0.1229, 0.1318, 0.2256, 0.298, 0.2857, 0.1612, 0.3462, 0.1849, 0.1976, 0.5756, 0.3752]","[313.0543, 1280.5965, 1750.6828, 1940.9646, 2267.4642, 3012.4816, 3450.1963, 3677.8788, 4348.023, 5180.8685, 5881.4333, 6012.2249, 6488.4541, 6859.5434, 0.0]",success,
0.5,10,0.001,15,1,1.9068,"[4, 13, 12, 10, 9, 11, 1, 3, 6, 5, 2, 14, 7, 8, 0]","[0.5291, 0.3462, 0.1612, 0.2857, 0.298, 0.2256, 0.1318, 0.1229, 0.2922, 0.2809, 0.6069, 0.5398, 0.1976, 0.4396]","[371.0892, 1071.6541, 1904.4996, 2574.6438, 2802.3262, 3240.041, 3985.0584, 4311.5579, 4501.8398, 4971.9261, 5939.4683, 6252.5226, 6383.3141, 6859.5434, 0.0]",success,
0.5,10,0.1,15,3,1.5788,"[14, 5, 2, 4, 0, 6, 9, 11, 3, 1, 0, 7, 8, 13, 12, 10, 0]","[0.326, 0.2809, 0.8155, 0.3752, 0.3534, 0.291, 0.298, 0.2353, 0.1318, 0.4093, 0.2786, 0.1976, 0.3826, 0.3462, 0.1612, 0.618]","[313.0543, 783.1405, 1750.6828, 2121.772, 0.0, 190.2819, 417.9643, 855.6791, 1182.1786, 1927.196, 0.0, 130.7916, 607.0208, 1307.5856, 2140.4312, 2810.5753, 0.0]",success,
0.5,10,0.5,15,10,1.2855,"[10, 12, 0, 9, 3, 0, 6, 0, 13, 0, 8, 0, 4, 0, 11, 1, 0, 2, 0, 7, 0, 14, 5, 0]","[0.1612, 0.6151, 0.5554, 0.1681, 0.3873, 0.3534, 0.3534, 0.4574, 0.4574, 0.4396, 0.4396, 0.3752, 0.3752, 0.6227, 0.2256, 0.4093, 0.9239, 0.9239, 0.2786, 0.2786, 0.8183, 0.326, 0.6456]","[670.1442, 1502.9897, 0.0, 227.6824, 554.182, 0.0, 190.2819, 0.0, 700.5648, 0.0, 476.2292, 0.0, 371.0892, 0.0, 437.7148, 1182.7322, 0.0, 967.5422, 0.0, 130.7916, 0.0, 313.0543, 783.1405, 0.0]",success,
0.5,10,0.9,15,11,1.0517,"[2, 5, 0, 8, 0, 10, 0, 9, 3, 0, 7, 0, 13, 0, 11, 1, 0, 4, 0, 12, 0, 6, 0, 14, 0]","[0.2809, 0.6456, 0.4396, 0.4396, 0.618, 0.618, 0.5554, 0.1681, 0.3873, 0.2786, 0.2786, 0.4574, 0.4574, 0.6227, 0.2256, 0.4093, 0.3752, 0.3752, 0.6151, 0.6151, 0.3534, 0.3534, 0.8183, 0.8183]","[967.5422, 1437.6285, 0.0, 476.2292, 0.0, 670.1442, 0.0, 227.6824, 554.182, 0.0, 130.7916, 0.0, 700.5648, 0.0, 437.7148, 1182.7322, 0.0, 371.0892, 0.0, 832.8455, 0.0, 190.2819, 0.0, 313.0543, 0.0]",success,
0.5,10,1.0,15,11,1.0001,"[9, 3, 0, 1, 0, 8, 0, 14, 7, 0, 12, 0, 13, 0, 11, 0, 4, 0, 5, 6, 0, 2, 0, 10, 0]","[0.1681, 0.3873, 0.4093, 0.4093, 0.4396, 0.4396, 0.8183, 0.5398, 0.2786, 0.6151, 0.6151, 0.4574, 0.4574, 0.6227, 0.6227, 0.3752, 0.3752, 0.6456, 0.2922, 0.3534, 0.9239, 0.9239, 0.618, 0.618]","[227.6824, 554.182, 0.0, 745.0174, 0.0, 476.2292, 0.0, 313.0543, 443.8459, 0.0, 832.8455, 0.0, 700.5648, 0.0, 437.7148, 0.0, 371.0892, 0.0, 470.0863, 660.3681, 0.0, 967.5422, 0.0, 670.1442, 0.0]",success,
0.5,10,1.1,15,392,1.3863,"[3, 9, 3, 0, 1, 0, 1, 0, 1, 0, 1, 0, 1, 0, 1, 0, 1, 0, 1, 0, 1, 0, 1, 0, 1, 0, 1, 0, 1, 0, 1, 0, 1, 0, 1, 0, 1, 0, 1, 0, 6, 2, 6, 0, 4, 0, 7, 14, 7, 0, 7, 14, 7, 0, 6, 0, 6, 0, 13, 0, 4, 0, 8, 0, 6, 5, 6, 0, 6, 0, 4, 0, 7, 0, 3, 0, 6, 5, 6, 0, 4, 0, 7, 0, 6, 0, 6, 2, 6, 0, 3, 9, 3, 0, 3, 9, 3, 0, 3, 9, 3, 0, 3, 9, 3, 0, 3, 9, 3, 0, 3, 9, 3, 0, 3, 9, 3, 0, 3, 9, 3, 0, 3, 9, 3, 0, 3, 9, 3, 0, 3, 9, 3, 0, 3, 9, 3, 0, 7, 10, 7, 0, 7, 10, 7, 0, 7, 10, 7, 0, 7, 10, 7, 0, 7, 10, 7, 0, 7, 10, 7, 0, 7, 10, 7, 0, 7, 10, 7, 0, 7, 10, 7, 0, 7, 10, 7, 0, 7, 10, 7, 0, 7, 10, 7, 0, 7, 10, 7, 0, 7, 10, 7, 0, 7, 10, 7, 0, 7, 10, 7, 0, 7, 10, 7, 0, 7, 10, 7, 0, 7, 10, 7, 0, 7, 10, 7, 0, 7, 10, 7, 0, 7, 10, 7, 0, 7, 10, 7, 0, 7, 10, 7, 0, 7, 10, 7, 0, 7, 14, 7, 0, 4, 0, 3, 9, 3, 0, 4, 0, 8, 0, 13, 0, 3, 9, 3, 0, 7, 0, 3, 9, 3, 0, 6, 5, 6, 0, 3, 9, 3, 0, 1, 0, 8, 0, 7, 0, 4, 0, 7, 12, 7, 0, 3, 9, 3, 0, 7, 14, 7, 0, 7, 12, 7, 0, 3, 9, 3, 0, 13, 0, 7, 12, 7, 0, 1, 0, 13, 0, 7, 12, 7, 0, 6, 5, 6, 0, 7, 14, 7, 0, 3, 9, 3, 0, 7, 10, 7, 0, 7, 10, 7, 0, 7, 10, 7, 0, 7, 12, 7, 0, 7, 12, 7, 0, 7, 12, 7, 0, 7, 12, 7, 0, 7, 12, 7, 0, 7, 12, 7, 0, 7, 12, 7, 0, 7, 12, 7, 0, 13, 0, 8, 0, 7, 12, 7, 0, 6, 5, 6, 0, 7, 12, 7, 0, 7, 12, 7, 0, 7, 12, 7, 0, 7, 12, 7, 0, 7, 12, 7, 0, 7, 12, 7, 0, 7, 12, 7, 0, 7, 12, 7, 0, 7, 12, 7, 0, 7, 14, 7, 0, 6, 2, 6, 0, 6, 0, 6, 2, 6, 0, 7, 14, 7, 0, 6, 2, 6, 0, 7, 0, 13, 0, 6, 0, 7, 0, 7, 0, 8, 0, 8, 0, 6, 0, 8, 0, 6, 5, 6, 0, 3, 0, 8, 0, 13, 0, 6, 0, 4, 0, 6, 0, 8, 0, 7, 14, 7, 0, 6, 0, 6, 0, 7, 12, 7, 0, 7, 14, 7, 0, 6, 2, 6, 0, 13, 0, 7, 0, 6, 5, 6, 0, 7, 14, 7, 0, 6, 0, 6, 5, 6, 0, 6, 0, 6, 5, 6, 0, 7, 12, 7, 0, 7, 0, 6, 2, 6, 0, 6, 2, 6, 0, 4, 0, 4, 0, 7, 14, 7, 0, 7, 0, 8, 0, 4, 0, 8, 0, 8, 0, 7, 14, 7, 0, 7, 0, 7, 14, 7, 0, 7, 12, 7, 0, 7, 0, 4, 0, 6, 2, 6, 0, 4, 0, 6, 2, 6, 0, 4, 0, 13, 0, 8, 0, 6, 2, 6, 0, 6, 2, 6, 0, 13, 0, 7, 0, 6, 2, 6, 0, 8, 0, 13, 0, 7, 12, 7, 0, 7, 0, 13, 0, 6, 2, 6, 0, 4, 0, 7, 14, 7, 0, 7, 0, 13, 0, 13, 0, 4, 0, 7, 14, 7, 0, 4, 0, 3, 0, 6, 0, 7, 0, 4, 0, 3, 0, 4, 0, 7, 14, 7, 0, 6, 0, 4, 0, 3, 0, 6, 0, 6, 2, 6, 0, 7, 14, 7, 0, 8, 0, 13, 0, 3, 0, 8, 0, 4, 0, 8, 0, 7, 0, 6, 5, 6, 0, 7, 14, 7, 0, 3, 0, 6, 5, 6, 0, 3, 0, 7, 0, 3, 0, 6, 5, 6, 0, 4, 0, 6, 0, 3, 0, 3, 0, 3, 0, 6, 0, 6, 5, 6, 0, 6, 2, 6, 0, 4, 0, 3, 0, 3, 0, 3, 0, 8, 0, 7, 0, 8, 0, 4, 0, 7, 0, 13, 0, 13, 0, 6, 5, 6, 0, 7, 14, 7, 0, 8, 0, 6, 2, 6, 0, 6, 0, 6, 2, 6, 0, 6, 0, 7, 14, 7, 0, 8, 0, 7, 14, 7, 0, 13, 0, 6, 5, 6, 0, 8, 0, 6, 2, 6, 0, 4, 0, 7, 12, 7, 0, 6, 5, 6, 0, 6, 0, 6, 2, 6, 0, 6, 2, 6, 0, 7, 14, 7, 0, 3, 0, 6, 5, 6, 0, 3, 0, 7, 0, 7, 14, 7, 0, 13, 0, 7, 14, 7, 0, 7, 0, 4, 0, 3, 0, 3, 11, 3, 0, 3, 11, 3, 0, 3, 11, 3, 0, 3, 11, 3, 0, 3, 11, 3, 0, 3, 11, 3, 0, 3, 11, 3, 0, 3, 11, 3, 0, 3, 11, 3, 0, 3, 11, 3, 0, 3, 11, 3, 0, 3, 11, 3, 0, 3, 11, 3, 0, 3, 11, 3, 0, 3, 11, 3, 0, 3, 11, 3, 0, 3, 11, 3, 0, 3, 11, 3, 0, 3, 11, 3, 0, 3, 11, 3, 0, 3, 11, 3, 0, 3, 11, 3, 0, 3, 11, 3, 0, 3, 11, 3, 0, 3, 11, 3, 0, 3, 11, 3, 0, 3, 11, 3, 0, 3, 11, 3, 0, 1, 0, 1, 0, 1, 0, 1, 0, 1, 0, 1, 0, 8, 0, 13, 0, 3, 0, 8, 0, 7, 14, 7, 0, 7, 0, 6, 0, 3, 0, 13, 0, 7, 0, 6, 5, 6, 0, 6, 5, 6, 0, 3, 0, 6, 2, 6, 0, 13, 0, 6, 2, 6, 0, 6, 2, 6, 0, 13, 0, 6, 5, 6, 0, 6, 2, 6, 0, 6, 0, 6, 5, 6, 0, 6, 2, 6, 0, 7, 14, 7, 0, 6, 5, 6, 0, 7, 12, 7, 0, 3, 0, 6, 0, 3, 0, 6, 5, 6, 0, 3, 0, 13, 0, 3, 0, 3, 0, 6, 5, 6, 0, 8, 0, 6, 5, 6, 0, 7, 0, 7, 14, 7, 0, 6, 5, 6, 0, 7, 0, 13, 0, 6, 0, 6, 0, 3, 0, 6, 2, 6, 0, 4, 0, 3, 0, 13, 0, 13, 0, 6, 2, 6, 0, 6, 0, 4, 0, 6, 0, 6, 5, 6, 0, 3, 9, 3, 0, 3, 9, 3, 0, 3, 9, 3, 0, 3, 9, 3, 0, 3, 9, 3, 0, 7, 14, 7, 0, 7, 0, 8, 0, 8, 0, 8, 0, 3, 9, 3, 0, 1, 0, 3, 9, 3, 0, 1, 0, 7, 0, 13, 0, 6, 5, 6, 0, 3, 9, 3, 0]","[0.1681, 0.1681, 0.3873, 0.4093, 0.4093, 0.4093, 0.4093, 0.4093, 0.4093, 0.4093, 0.4093, 0.4093, 0.4093, 0.4093, 0.4093, 0.4093, 0.4093, 0.4093, 0.4093, 0.4093, 0.4093, 0.4093, 0.4093, 0.4093, 0.4093, 0.4093, 0.4093, 0.4093, 0.4093, 0.4093, 0.4093, 0.4093, 0.4093, 0.4093, 0.4093, 0.4093, 0.4093, 0.4093, 0.4093, 0.3534, 0.5705, 0.5705, 0.3534, 0.3752, 0.3752, 0.2786, 0.5398, 0.5398, 0.2786, 0.2786, 0.5398, 0.5398, 0.2786, 0.3534, 0.3534, 0.3534, 0.3534, 0.4574, 0.4574, 0.3752, 0.3752, 0.4396, 0.4396, 0.3534, 0.2922, 0.2922, 0.3534, 0.3534, 0.3534, 0.3752, 0.3752, 0.2786, 0.2786, 0.3873, 0.3873, 0.3534, 0.2922, 0.2922, 0.3534, 0.3752, 0.3752, 0.2786, 0.2786, 0.3534, 0.3534, 0.3534, 0.5705, 0.5705, 0.3534, 0.3873, 0.1681, 0.1681, 0.3873, 0.3873, 0.1681, 0.1681, 0.3873, 0.3873, 0.1681, 0.1681, 0.3873, 0.3873, 0.1681, 0.1681, 0.3873, 0.3873, 0.1681, 0.1681, 0.3873, 0.3873, 0.1681, 0.1681, 0.3873, 0.3873, 0.1681, 0.1681, 0.3873, 0.3873, 0.1681, 0.1681, 0.3873, 0.3873, 0.1681, 0.1681, 0.3873, 0.3873, 0.1681, 0.1681, 0.3873, 0.3873, 0.1681, 0.1681, 0.3873, 0.3873, 0.1681, 0.1681, 0.3873, 0.2786, 0.3394, 0.3394, 0.2786, 0.2786, 0.3394, 0.3394, 0.2786, 0.2786, 0.3394, 0.3394, 0.2786, 0.2786, 0.3394, 0.3394, 0.2786, 0.2786, 0.3394, 0.3394, 0.2786, 0.2786, 0.3394, 0.3394, 0.2786, 0.2786, 0.3394, 0.3394, 0.2786, 0.2786, 0.3394, 0.3394, 0.2786, 0.2786, 0.3394, 0.3394, 0.2786, 0.2786, 0.3394, 0.3394, 0.2786, 0.2786, 0.3394, 0.3394, 0.2786, 0.2786, 0.3394, 0.3394, 0.2786, 0.2786, 0.3394, 0.3394, 0.2786, 0.2786, 0.3394, 0.3394, 0.2786, 0.2786, 0.3394, 0.3394, 0.2786, 0.2786, 0.3394, 0.3394, 0.2786, 0.2786, 0.3394, 0.3394, 0.2786, 0.2786, 0.3394, 0.3394, 0.2786, 0.2786, 0.3394, 0.3394, 0.2786, 0.2786, 0.3394, 0.3394, 0.2786, 0.2786, 0.3394, 0.3394, 0.2786, 0.2786, 0.3394, 0.3394, 0.2786, 0.2786, 0.3394, 0.3394, 0.2786, 0.2786, 0.3394, 0.3394, 0.2786, 0.2786, 0.3394, 0.3394, 0.2786, 0.2786, 0.5398, 0.5398, 0.2786, 0.3752, 0.3752, 0.3873, 0.1681, 0.1681, 0.3873, 0.3752, 0.3752, 0.4396, 0.4396, 0.4574, 0.4574, 0.3873, 0.1681, 0.1681, 0.3873, 0.2786, 0.2786, 0.3873, 0.1681, 0.1681, 0.3873, 0.3534, 0.2922, 0.2922, 0.3534, 0.3873, 0.1681, 0.1681, 0.3873, 0.4093, 0.4093, 0.4396, 0.4396, 0.2786, 0.2786, 0.3752, 0.3752, 0.2786, 0.3366, 0.3366, 0.2786, 0.3873, 0.1681, 0.1681, 0.3873, 0.2786, 0.5398, 0.5398, 0.2786, 0.2786, 0.3366, 0.3366, 0.2786, 0.3873, 0.1681, 0.1681, 0.3873, 0.4574, 0.4574, 0.2786, 0.3366, 0.3366, 0.2786, 0.4093, 0.4093, 0.4574, 0.4574, 0.2786, 0.3366, 0.3366, 0.2786, 0.3534, 0.2922, 0.2922, 0.3534, 0.2786, 0.5398, 0.5398, 0.2786, 0.3873, 0.1681, 0.1681, 0.3873, 0.2786, 0.3394, 0.3394, 0.2786, 0.2786, 0.3394, 0.3394, 0.2786, 0.2786, 0.3394, 0.3394, 0.2786, 0.2786, 0.3366, 0.3366, 0.2786, 0.2786, 0.3366, 0.3366, 0.2786, 0.2786, 0.3366, 0.3366, 0.2786, 0.2786, 0.3366, 0.3366, 0.2786, 0.2786, 0.3366, 0.3366, 0.2786, 0.2786, 0.3366, 0.3366, 0.2786, 0.2786, 0.3366, 0.3366, 0.2786, 0.2786, 0.3366, 0.3366, 0.2786, 0.4574, 0.4574, 0.4396, 0.4396, 0.2786, 0.3366, 0.3366, 0.2786, 0.3534, 0.2922, 0.2922, 0.3534, 0.2786, 0.3366, 0.3366, 0.2786, 0.2786, 0.3366, 0.3366, 0.2786, 0.2786, 0.3366, 0.3366, 0.2786, 0.2786, 0.3366, 0.3366, 0.2786, 0.2786, 0.3366, 0.3366, 0.2786, 0.2786, 0.3366, 0.3366, 0.2786, 0.2786, 0.3366, 0.3366, 0.2786, 0.2786, 0.3366, 0.3366, 0.2786, 0.2786, 0.3366, 0.3366, 0.2786, 0.2786, 0.5398, 0.5398, 0.2786, 0.3534, 0.5705, 0.5705, 0.3534, 0.3534, 0.3534, 0.3534, 0.5705, 0.5705, 0.3534, 0.2786, 0.5398, 0.5398, 0.2786, 0.3534, 0.5705, 0.5705, 0.3534, 0.2786, 0.2786, 0.4574, 0.4574, 0.3534, 0.3534, 0.2786, 0.2786, 0.2786, 0.2786, 0.4396, 0.4396, 0.4396, 0.4396, 0.3534, 0.3534, 0.4396, 0.4396, 0.3534, 0.2922, 0.2922, 0.3534, 0.3873, 0.3873, 0.4396, 0.4396, 0.4574, 0.4574, 0.3534, 0.3534, 0.3752, 0.3752, 0.3534, 0.3534, 0.4396, 0.4396, 0.2786, 0.5398, 0.5398, 0.2786, 0.3534, 0.3534, 0.3534, 0.3534, 0.2786, 0.3366, 0.3366, 0.2786, 0.2786, 0.5398, 0.5398, 0.2786, 0.3534, 0.5705, 0.5705, 0.3534, 0.4574, 0.4574, 0.2786, 0.2786, 0.3534, 0.2922, 0.2922, 0.3534, 0.2786, 0.5398, 0.5398, 0.2786, 0.3534, 0.3534, 0.3534, 0.2922, 0.2922, 0.3534, 0.3534, 0.3534, 0.3534, 0.2922, 0.2922, 0.3534, 0.2786, 0.3366, 0.3366, 0.2786, 0.2786, 0.2786, 0.3534, 0.5705, 0.5705, 0.3534, 0.3534, 0.5705, 0.5705, 0.3534, 0.3752, 0.3752, 0.3752, 0.3752, 0.2786, 0.5398, 0.5398, 0.2786, 0.2786, 0.2786, 0.4396, 0.4396, 0.3752, 0.3752, 0.4396, 0.4396, 0.4396, 0.4396, 0.2786, 0.5398, 0.5398, 0.2786, 0.2786, 0.2786, 0.2786, 0.5398, 0.5398, 0.2786, 0.2786, 0.3366, 0.3366, 0.2786, 0.2786, 0.2786, 0.3752, 0.3752, 0.3534, 0.5705, 0.5705, 0.3534, 0.3752, 0.3752, 0.3534, 0.5705, 0.5705, 0.3534, 0.3752, 0.3752, 0.4574, 0.4574, 0.4396, 0.4396, 0.3534, 0.5705, 0.5705, 0.3534, 0.3534, 0.5705, 0.5705, 0.3534, 0.4574, 0.4574, 0.2786, 0.2786, 0.3534, 0.5705, 0.5705, 0.3534, 0.4396, 0.4396, 0.4574, 0.4574, 0.2786, 0.3366, 0.3366, 0.2786, 0.2786, 0.2786, 0.4574, 0.4574, 0.3534, 0.5705, 0.5705, 0.3534, 0.3752, 0.3752, 0.2786, 0.5398, 0.5398, 0.2786, 0.2786, 0.2786, 0.4574, 0.4574, 0.4574, 0.4574, 0.3752, 0.3752, 0.2786, 0.5398, 0.5398, 0.2786, 0.3752, 0.3752, 0.3873, 0.3873, 0.3534, 0.3534, 0.2786, 0.2786, 0.3752, 0.3752, 0.3873, 0.3873, 0.3752, 0.3752, 0.2786, 0.5398, 0.5398, 0.2786, 0.3534, 0.3534, 0.3752, 0.3752, 0.3873, 0.3873, 0.3534, 0.3534, 0.3534, 0.5705, 0.5705, 0.3534, 0.2786, 0.5398, 0.5398, 0.2786, 0.4396, 0.4396, 0.4574, 0.4574, 0.3873, 0.3873, 0.4396, 0.4396, 0.3752, 0.3752, 0.4396, 0.4396, 0.2786, 0.2786, 0.3534, 0.2922, 0.2922, 0.3534, 0.2786, 0.5398, 0.5398, 0.2786, 0.3873, 0.3873, 0.3534, 0.2922, 0.2922, 0.3534, 0.3873, 0.3873, 0.2786, 0.2786, 0.3873, 0.3873, 0.3534, 0.2922, 0.2922, 0.3534, 0.3752, 0.3752, 0.3534, 0.3534, 0.3873, 0.3873, 0.3873, 0.3873, 0.3873, 0.3873, 0.3534, 0.3534, 0.3534, 0.2922, 0.2922, 0.3534, 0.3534, 0.5705, 0.5705, 0.3534, 0.3752, 0.3752, 0.3873, 0.3873, 0.3873, 0.3873, 0.3873, 0.3873, 0.4396, 0.4396, 0.2786, 0.2786, 0.4396, 0.4396, 0.3752, 0.3752, 0.2786, 0.2786, 0.4574, 0.4574, 0.4574, 0.4574, 0.3534, 0.2922, 0.2922, 0.3534, 0.2786, 0.5398, 0.5398, 0.2786, 0.4396, 0.4396, 0.3534, 0.5705, 0.5705, 0.3534, 0.3534, 0.3534, 0.3534, 0.5705, 0.5705, 0.3534, 0.3534, 0.3534, 0.2786, 0.5398, 0.5398, 0.2786, 0.4396, 0.4396, 0.2786, 0.5398, 0.5398, 0.2786, 0.4574, 0.4574, 0.3534, 0.2922, 0.2922, 0.3534, 0.4396, 0.4396, 0.3534, 0.5705, 0.5705, 0.3534, 0.3752, 0.3752, 0.2786, 0.3366, 0.3366, 0.2786, 0.3534, 0.2922, 0.2922, 0.3534, 0.3534, 0.3534, 0.3534, 0.5705, 0.5705, 0.3534, 0.3534, 0.5705, 0.5705, 0.3534, 0.2786, 0.5398, 0.5398, 0.2786, 0.3873, 0.3873, 0.3534, 0.2922, 0.2922, 0.3534, 0.3873, 0.3873, 0.2786, 0.2786, 0.2786, 0.5398, 0.5398, 0.2786, 0.4574, 0.4574, 0.2786, 0.5398, 0.5398, 0.2786, 0.2786, 0.2786, 0.3752, 0.3752, 0.3873, 0.3873, 0.3873, 0.2353, 0.2353, 0.3873, 0.3873, 0.2353, 0.2353, 0.3873, 0.3873, 0.2353, 0.2353, 0.3873, 0.3873, 0.2353, 0.2353, 0.3873, 0.3873, 0.2353, 0.2353, 0.3873, 0.3873, 0.2353, 0.2353, 0.3873, 0.3873, 0.2353, 0.2353, 0.3873, 0.3873, 0.2353, 0.2353, 0.3873, 0.3873, 0.2353, 0.2353, 0.3873, 0.3873, 0.2353, 0.2353, 0.3873, 0.3873, 0.2353, 0.2353, 0.3873, 0.3873, 0.2353, 0.2353, 0.3873, 0.3873, 0.2353, 0.2353, 0.3873, 0.3873, 0.2353, 0.2353, 0.3873, 0.3873, 0.2353, 0.2353, 0.3873, 0.3873, 0.2353, 0.2353, 0.3873, 0.3873, 0.2353, 0.2353, 0.3873, 0.3873, 0.2353, 0.2353, 0.3873, 0.3873, 0.2353, 0.2353, 0.3873, 0.3873, 0.2353, 0.2353, 0.3873, 0.3873, 0.2353, 0.2353, 0.3873, 0.3873, 0.2353, 0.2353, 0.3873, 0.3873, 0.2353, 0.2353, 0.3873, 0.3873, 0.2353, 0.2353, 0.3873, 0.3873, 0.2353, 0.2353, 0.3873, 0.3873, 0.2353, 0.2353, 0.3873, 0.3873, 0.2353, 0.2353, 0.3873, 0.3873, 0.2353, 0.2353, 0.3873, 0.4093, 0.4093, 0.4093, 0.4093, 0.4093, 0.4093, 0.4093, 0.4093, 0.4093, 0.4093, 0.4093, 0.4093, 0.4396, 0.4396, 0.4574, 0.4574, 0.3873, 0.3873, 0.4396, 0.4396, 0.2786, 0.5398, 0.5398, 0.2786, 0.2786, 0.2786, 0.3534, 0.3534, 0.3873, 0.3873, 0.4574, 0.4574, 0.2786, 0.2786, 0.3534, 0.2922, 0.2922, 0.3534, 0.3534, 0.2922, 0.2922, 0.3534, 0.3873, 0.3873, 0.3534, 0.5705, 0.5705, 0.3534, 0.4574, 0.4574, 0.3534, 0.5705, 0.5705, 0.3534, 0.3534, 0.5705, 0.5705, 0.3534, 0.4574, 0.4574, 0.3534, 0.2922, 0.2922, 0.3534, 0.3534, 0.5705, 0.5705, 0.3534, 0.3534, 0.3534, 0.3534, 0.2922, 0.2922, 0.3534, 0.3534, 0.5705, 0.5705, 0.3534, 0.2786, 0.5398, 0.5398, 0.2786, 0.3534, 0.2922, 0.2922, 0.3534, 0.2786, 0.3366, 0.3366, 0.2786, 0.3873, 0.3873, 0.3534, 0.3534, 0.3873, 0.3873, 0.3534, 0.2922, 0.2922, 0.3534, 0.3873, 0.3873, 0.4574, 0.4574, 0.3873, 0.3873, 0.3873, 0.3873, 0.3534, 0.2922, 0.2922, 0.3534, 0.4396, 0.4396, 0.3534, 0.2922, 0.2922, 0.3534, 0.2786, 0.2786, 0.2786, 0.5398, 0.5398, 0.2786, 0.3534, 0.2922, 0.2922, 0.3534, 0.2786, 0.2786, 0.4574, 0.4574, 0.3534, 0.3534, 0.3534, 0.3534, 0.3873, 0.3873, 0.3534, 0.5705, 0.5705, 0.3534, 0.3752, 0.3752, 0.3873, 0.3873, 0.4574, 0.4574, 0.4574, 0.4574, 0.3534, 0.5705, 0.5705, 0.3534, 0.3534, 0.3534, 0.3752, 0.3752, 0.3534, 0.3534, 0.3534, 0.2922, 0.2922, 0.3534, 0.3873, 0.1681, 0.1681, 0.3873, 0.3873, 0.1681, 0.1681, 0.3873, 0.3873, 0.1681, 0.1681, 0.3873, 0.3873, 0.1681, 0.1681, 0.3873, 0.3873, 0.1681, 0.1681, 0.3873, 0.2786, 0.5398, 0.5398, 0.2786, 0.2786, 0.2786, 0.4396, 0.4396, 0.4396, 0.4396, 0.4396, 0.4396, 0.3873, 0.1681, 0.1681, 0.3873, 0.4093, 0.4093, 0.3873, 0.1681, 0.1681, 0.3873, 0.4093, 0.4093, 0.2786, 0.2786, 0.4574, 0.4574, 0.3534, 0.2922, 0.2922, 0.3534, 0.3873, 0.1681, 0.1681, 0.3873]","[0.0, 8.1315, 8.1315, 0.0, 26.6078, 0.0, 26.6078, 0.0, 26.6078, 0.0, 26.6078, 0.0, 26.6078, 0.0, 26.6078, 0.0, 26.6078, 0.0, 26.6078, 0.0, 26.6078, 0.0, 26.6078, 0.0, 26.6078, 0.0, 26.6078, 0.0, 26.6078, 0.0, 26.6078, 0.0, 26.6078, 0.0, 26.6078, 0.0, 26.6078, 0.0, 26.6078, 0.0, 0.0, 34.5551, 34.5551, 0.0, 13.2532, 0.0, 0.0, 11.1805, 11.1805, 0.0, 0.0, 11.1805, 11.1805, 0.0, 6.7958, 0.0, 6.7958, 0.0, 25.0202, 0.0, 13.2532, 0.0, 17.0082, 0.0, 0.0, 16.7888, 16.7888, 0.0, 6.7958, 0.0, 13.2532, 0.0, 4.6711, 0.0, 11.6607, 0.0, 0.0, 16.7888, 16.7888, 0.0, 13.2532, 0.0, 4.6711, 0.0, 6.7958, 0.0, 0.0, 34.5551, 34.5551, 0.0, 0.0, 8.1315, 8.1315, 0.0, 0.0, 8.1315, 8.1315, 0.0, 0.0, 8.1315, 8.1315, 0.0, 0.0, 8.1315, 8.1315, 0.0, 0.0, 8.1315, 8.1315, 0.0, 0.0, 8.1315, 8.1315, 0.0, 0.0, 8.1315, 8.1315, 0.0, 0.0, 8.1315, 8.1315, 0.0, 0.0, 8.1315, 8.1315, 0.0, 0.0, 8.1315, 8.1315, 0.0, 0.0, 8.1315, 8.1315, 0.0, 0.0, 8.1315, 8.1315, 0.0, 0.0, 23.9337, 23.9337, 0.0, 0.0, 23.9337, 23.9337, 0.0, 0.0, 23.9337, 23.9337, 0.0, 0.0, 23.9337, 23.9337, 0.0, 0.0, 23.9337, 23.9337, 0.0, 0.0, 23.9337, 23.9337, 0.0, 0.0, 23.9337, 23.9337, 0.0, 0.0, 23.9337, 23.9337, 0.0, 0.0, 23.9337, 23.9337, 0.0, 0.0, 23.9337, 23.9337, 0.0, 0.0, 23.9337, 23.9337, 0.0, 0.0, 23.9337, 23.9337, 0.0, 0.0, 23.9337, 23.9337, 0.0, 0.0, 23.9337, 23.9337, 0.0, 0.0, 23.9337, 23.9337, 0.0, 0.0, 23.9337, 23.9337, 0.0, 0.0, 23.9337, 23.9337, 0.0, 0.0, 23.9337, 23.9337, 0.0, 0.0, 23.9337, 23.9337, 0.0, 0.0, 23.9337, 23.9337, 0.0, 0.0, 23.9337, 23.9337, 0.0, 0.0, 23.9337, 23.9337, 0.0, 0.0, 23.9337, 23.9337, 0.0, 0.0, 23.9337, 23.9337, 0.0, 0.0, 23.9337, 23.9337, 0.0, 0.0, 11.1805, 11.1805, 0.0, 13.2532, 0.0, 0.0, 8.1315, 8.1315, 0.0, 13.2532, 0.0, 17.0082, 0.0, 25.0202, 0.0, 0.0, 8.1315, 8.1315, 0.0, 4.6711, 0.0, 0.0, 8.1315, 8.1315, 0.0, 0.0, 16.7888, 16.7888, 0.0, 0.0, 8.1315, 8.1315, 0.0, 26.6078, 0.0, 17.0082, 0.0, 4.6711, 0.0, 13.2532, 0.0, 0.0, 29.7445, 29.7445, 0.0, 0.0, 8.1315, 8.1315, 0.0, 0.0, 11.1805, 11.1805, 0.0, 0.0, 29.7445, 29.7445, 0.0, 0.0, 8.1315, 8.1315, 0.0, 25.0202, 0.0, 0.0, 29.7445, 29.7445, 0.0, 26.6078, 0.0, 25.0202, 0.0, 0.0, 29.7445, 29.7445, 0.0, 0.0, 16.7888, 16.7888, 0.0, 0.0, 11.1805, 11.1805, 0.0, 0.0, 8.1315, 8.1315, 0.0, 0.0, 23.9337, 23.9337, 0.0, 0.0, 23.9337, 23.9337, 0.0, 0.0, 23.9337, 23.9337, 0.0, 0.0, 29.7445, 29.7445, 0.0, 0.0, 29.7445, 29.7445, 0.0, 0.0, 29.7445, 29.7445, 0.0, 0.0, 29.7445, 29.7445, 0.0, 0.0, 29.7445, 29.7445, 0.0, 0.0, 29.7445, 29.7445, 0.0, 0.0, 29.7445, 29.7445, 0.0, 0.0, 29.7445, 29.7445, 0.0, 25.0202, 0.0, 17.0082, 0.0, 0.0, 29.7445, 29.7445, 0.0, 0.0, 16.7888, 16.7888, 0.0, 0.0, 29.7445, 29.7445, 0.0, 0.0, 29.7445, 29.7445, 0.0, 0.0, 29.7445, 29.7445, 0.0, 0.0, 29.7445, 29.7445, 0.0, 0.0, 29.7445, 29.7445, 0.0, 0.0, 29.7445, 29.7445, 0.0, 0.0, 29.7445, 29.7445, 0.0, 0.0, 29.7445, 29.7445, 0.0, 0.0, 29.7445, 29.7445, 0.0, 0.0, 11.1805, 11.1805, 0.0, 0.0, 34.5551, 34.5551, 0.0, 6.7958, 0.0, 0.0, 34.5551, 34.5551, 0.0, 0.0, 11.1805, 11.1805, 0.0, 0.0, 34.5551, 34.5551, 0.0, 4.6711, 0.0, 25.0202, 0.0, 6.7958, 0.0, 4.6711, 0.0, 4.6711, 0.0, 17.0082, 0.0, 17.0082, 0.0, 6.7958, 0.0, 17.0082, 0.0, 0.0, 16.7888, 16.7888, 0.0, 11.6607, 0.0, 17.0082, 0.0, 25.0202, 0.0, 6.7958, 0.0, 13.2532, 0.0, 6.7958, 0.0, 17.0082, 0.0, 0.0, 11.1805, 11.1805, 0.0, 6.7958, 0.0, 6.7958, 0.0, 0.0, 29.7445, 29.7445, 0.0, 0.0, 11.1805, 11.1805, 0.0, 0.0, 34.5551, 34.5551, 0.0, 25.0202, 0.0, 4.6711, 0.0, 0.0, 16.7888, 16.7888, 0.0, 0.0, 11.1805, 11.1805, 0.0, 6.7958, 0.0, 0.0, 16.7888, 16.7888, 0.0, 6.7958, 0.0, 0.0, 16.7888, 16.7888, 0.0, 0.0, 29.7445, 29.7445, 0.0, 4.6711, 0.0, 0.0, 34.5551, 34.5551, 0.0, 0.0, 34.5551, 34.5551, 0.0, 13.2532, 0.0, 13.2532, 0.0, 0.0, 11.1805, 11.1805, 0.0, 4.6711, 0.0, 17.0082, 0.0, 13.2532, 0.0, 17.0082, 0.0, 17.0082, 0.0, 0.0, 11.1805, 11.1805, 0.0, 4.6711, 0.0, 0.0, 11.1805, 11.1805, 0.0, 0.0, 29.7445, 29.7445, 0.0, 4.6711, 0.0, 13.2532, 0.0, 0.0, 34.5551, 34.5551, 0.0, 13.2532, 0.0, 0.0, 34.5551, 34.5551, 0.0, 13.2532, 0.0, 25.0202, 0.0, 17.0082, 0.0, 0.0, 34.5551, 34.5551, 0.0, 0.0, 34.5551, 34.5551, 0.0, 25.0202, 0.0, 4.6711, 0.0, 0.0, 34.5551, 34.5551, 0.0, 17.0082, 0.0, 25.0202, 0.0, 0.0, 29.7445, 29.7445, 0.0, 4.6711, 0.0, 25.0202, 0.0, 0.0, 34.5551, 34.5551, 0.0, 13.2532, 0.0, 0.0, 11.1805, 11.1805, 0.0, 4.6711, 0.0, 25.0202, 0.0, 25.0202, 0.0, 13.2532, 0.0, 0.0, 11.1805, 11.1805, 0.0, 13.2532, 0.0, 11.6607, 0.0, 6.7958, 0.0, 4.6711, 0.0, 13.2532, 0.0, 11.6607, 0.0, 13.2532, 0.0, 0.0, 11.1805, 11.1805, 0.0, 6.7958, 0.0, 13.2532, 0.0, 11.6607, 0.0, 6.7958, 0.0, 0.0, 34.5551, 34.5551, 0.0, 0.0, 11.1805, 11.1805, 0.0, 17.0082, 0.0, 25.0202, 0.0, 11.6607, 0.0, 17.0082, 0.0, 13.2532, 0.0, 17.0082, 0.0, 4.6711, 0.0, 0.0, 16.7888, 16.7888, 0.0, 0.0, 11.1805, 11.1805, 0.0, 11.6607, 0.0, 0.0, 16.7888, 16.7888, 0.0, 11.6607, 0.0, 4.6711, 0.0, 11.6607, 0.0, 0.0, 16.7888, 16.7888, 0.0, 13.2532, 0.0, 6.7958, 0.0, 11.6607, 0.0, 11.6607, 0.0, 11.6607, 0.0, 6.7958, 0.0, 0.0, 16.7888, 16.7888, 0.0, 0.0, 34.5551, 34.5551, 0.0, 13.2532, 0.0, 11.6607, 0.0, 11.6607, 0.0, 11.6607, 0.0, 17.0082, 0.0, 4.6711, 0.0, 17.0082, 0.0, 13.2532, 0.0, 4.6711, 0.0, 25.0202, 0.0, 25.0202, 0.0, 0.0, 16.7888, 16.7888, 0.0, 0.0, 11.1805, 11.1805, 0.0, 17.0082, 0.0, 0.0, 34.5551, 34.5551, 0.0, 6.7958, 0.0, 0.0, 34.5551, 34.5551, 0.0, 6.7958, 0.0, 0.0, 11.1805, 11.1805, 0.0, 17.0082, 0.0, 0.0, 11.1805, 11.1805, 0.0, 25.0202, 0.0, 0.0, 16.7888, 16.7888, 0.0, 17.0082, 0.0, 0.0, 34.5551, 34.5551, 0.0, 13.2532, 0.0, 0.0, 29.7445, 29.7445, 0.0, 0.0, 16.7888, 16.7888, 0.0, 6.7958, 0.0, 0.0, 34.5551, 34.5551, 0.0, 0.0, 34.5551, 34.5551, 0.0, 0.0, 11.1805, 11.1805, 0.0, 11.6607, 0.0, 0.0, 16.7888, 16.7888, 0.0, 11.6607, 0.0, 4.6711, 0.0, 0.0, 11.1805, 11.1805, 0.0, 25.0202, 0.0, 0.0, 11.1805, 11.1805, 0.0, 4.6711, 0.0, 13.2532, 0.0, 11.6607, 0.0, 0.0, 15.6327, 15.6327, 0.0, 0.0, 15.6327, 15.6327, 0.0, 0.0, 15.6327, 15.6327, 0.0, 0.0, 15.6327, 15.6327, 0.0, 0.0, 15.6327, 15.6327, 0.0, 0.0, 15.6327, 15.6327, 0.0, 0.0, 15.6327, 15.6327, 0.0, 0.0, 15.6327, 15.6327, 0.0, 0.0, 15.6327, 15.6327, 0.0, 0.0, 15.6327, 15.6327, 0.0, 0.0, 15.6327, 15.6327, 0.0, 0.0, 15.6327, 15.6327, 0.0, 0.0, 15.6327, 15.6327, 0.0, 0.0, 15.6327, 15.6327, 0.0, 0.0, 15.6327, 15.6327, 0.0, 0.0, 15.6327, 15.6327, 0.0, 0.0, 15.6327, 15.6327, 0.0, 0.0, 15.6327, 15.6327, 0.0, 0.0, 15.6327, 15.6327, 0.0, 0.0, 15.6327, 15.6327, 0.0, 0.0, 15.6327, 15.6327, 0.0, 0.0, 15.6327, 15.6327, 0.0, 0.0, 15.6327, 15.6327, 0.0, 0.0, 15.6327, 15.6327, 0.0, 0.0, 15.6327, 15.6327, 0.0, 0.0, 15.6327, 15.6327, 0.0, 0.0, 15.6327, 15.6327, 0.0, 0.0, 15.6327, 15.6327, 0.0, 26.6078, 0.0, 26.6078, 0.0, 26.6078, 0.0, 26.6078, 0.0, 26.6078, 0.0, 26.6078, 0.0, 17.0082, 0.0, 25.0202, 0.0, 11.6607, 0.0, 17.0082, 0.0, 0.0, 11.1805, 11.1805, 0.0, 4.6711, 0.0, 6.7958, 0.0, 11.6607, 0.0, 25.0202, 0.0, 4.6711, 0.0, 0.0, 16.7888, 16.7888, 0.0, 0.0, 16.7888, 16.7888, 0.0, 11.6607, 0.0, 0.0, 34.5551, 34.5551, 0.0, 25.0202, 0.0, 0.0, 34.5551, 34.5551, 0.0, 0.0, 34.5551, 34.5551, 0.0, 25.0202, 0.0, 0.0, 16.7888, 16.7888, 0.0, 0.0, 34.5551, 34.5551, 0.0, 6.7958, 0.0, 0.0, 16.7888, 16.7888, 0.0, 0.0, 34.5551, 34.5551, 0.0, 0.0, 11.1805, 11.1805, 0.0, 0.0, 16.7888, 16.7888, 0.0, 0.0, 29.7445, 29.7445, 0.0, 11.6607, 0.0, 6.7958, 0.0, 11.6607, 0.0, 0.0, 16.7888, 16.7888, 0.0, 11.6607, 0.0, 25.0202, 0.0, 11.6607, 0.0, 11.6607, 0.0, 0.0, 16.7888, 16.7888, 0.0, 17.0082, 0.0, 0.0, 16.7888, 16.7888, 0.0, 4.6711, 0.0, 0.0, 11.1805, 11.1805, 0.0, 0.0, 16.7888, 16.7888, 0.0, 4.6711, 0.0, 25.0202, 0.0, 6.7958, 0.0, 6.7958, 0.0, 11.6607, 0.0, 0.0, 34.5551, 34.5551, 0.0, 13.2532, 0.0, 11.6607, 0.0, 25.0202, 0.0, 25.0202, 0.0, 0.0, 34.5551, 34.5551, 0.0, 6.7958, 0.0, 13.2532, 0.0, 6.7958, 0.0, 0.0, 16.7888, 16.7888, 0.0, 0.0, 8.1315, 8.1315, 0.0, 0.0, 8.1315, 8.1315, 0.0, 0.0, 8.1315, 8.1315, 0.0, 0.0, 8.1315, 8.1315, 0.0, 0.0, 8.1315, 8.1315, 0.0, 0.0, 11.1805, 11.1805, 0.0, 4.6711, 0.0, 17.0082, 0.0, 17.0082, 0.0, 17.0082, 0.0, 0.0, 8.1315, 8.1315, 0.0, 26.6078, 0.0, 0.0, 8.1315, 8.1315, 0.0, 26.6078, 0.0, 4.6711, 0.0, 25.0202, 0.0, 0.0, 16.7888, 16.7888, 0.0, 0.0, 8.1315, 8.1315, 0.0]",success,
0.5,10,1.2,15,392,1.939,"[7, 14, 7, 0, 6, 2, 6, 0, 7, 0, 3, 9, 3, 0, 7, 14, 7, 0, 7, 0, 7, 14, 7, 0, 4, 0, 7, 12, 7, 0, 13, 0, 3, 11, 3, 0, 7, 12, 7, 0, 3, 9, 3, 0, 3, 0, 3, 11, 3, 0, 3, 0, 6, 0, 8, 0, 7, 14, 7, 0, 6, 2, 6, 0, 6, 0, 6, 0, 7, 14, 7, 0, 1, 0, 13, 0, 6, 2, 6, 0, 6, 2, 6, 0, 6, 0, 6, 5, 6, 0, 8, 0, 7, 12, 7, 0, 7, 10, 7, 0, 6, 0, 8, 0, 7, 14, 7, 0, 3, 11, 3, 0, 4, 0, 6, 2, 6, 0, 1, 0, 6, 5, 6, 0, 7, 10, 7, 0, 6, 2, 6, 0, 7, 10, 7, 0, 6, 2, 6, 0, 7, 12, 7, 0, 7, 12, 7, 0, 7, 10, 7, 0, 4, 0, 6, 5, 6, 0, 3, 0, 3, 9, 3, 0, 1, 0, 6, 0, 3, 11, 3, 0, 4, 0, 1, 0, 13, 0, 7, 10, 7, 0, 6, 2, 6, 0, 4, 0, 13, 0, 1, 0, 13, 0, 13, 0, 8, 0, 3, 11, 3, 0, 7, 12, 7, 0, 7, 12, 7, 0, 8, 0, 7, 12, 7, 0, 6, 2, 6, 0, 3, 0, 7, 12, 7, 0, 6, 2, 6, 0, 13, 0, 7, 14, 7, 0, 6, 2, 6, 0, 8, 0, 7, 14, 7, 0, 4, 0, 8, 0, 13, 0, 3, 9, 3, 0, 3, 0, 7, 10, 7, 0, 1, 0, 7, 10, 7, 0, 3, 11, 3, 0, 6, 5, 6, 0, 6, 2, 6, 0, 7, 0, 1, 0, 3, 11, 3, 0, 7, 12, 7, 0, 6, 2, 6, 0, 6, 0, 7, 14, 7, 0, 7, 12, 7, 0, 6, 0, 6, 5, 6, 0, 13, 0, 4, 0, 3, 9, 3, 0, 6, 5, 6, 0, 3, 0, 6, 2, 6, 0, 3, 11, 3, 0, 8, 0, 3, 0, 6, 0, 8, 0, 4, 0, 7, 14, 7, 0, 6, 2, 6, 0, 7, 12, 7, 0, 7, 10, 7, 0, 7, 12, 7, 0, 7, 14, 7, 0, 3, 11, 3, 0, 3, 9, 3, 0, 7, 14, 7, 0, 7, 10, 7, 0, 7, 12, 7, 0, 7, 0, 3, 0, 7, 12, 7, 0, 6, 2, 6, 0, 13, 0, 1, 0, 8, 0, 1, 0, 1, 0, 4, 0, 7, 0, 7, 14, 7, 0, 7, 10, 7, 0, 3, 0, 1, 0, 8, 0, 7, 12, 7, 0, 3, 9, 3, 0, 3, 11, 3, 0, 3, 11, 3, 0, 7, 12, 7, 0, 4, 0, 6, 5, 6, 0, 13, 0, 4, 0, 3, 11, 3, 0, 13, 0, 7, 12, 7, 0, 7, 14, 7, 0, 3, 0, 3, 9, 3, 0, 3, 9, 3, 0, 8, 0, 6, 2, 6, 0, 7, 0, 3, 0, 8, 0, 7, 14, 7, 0, 6, 5, 6, 0, 3, 9, 3, 0, 7, 14, 7, 0, 6, 2, 6, 0, 1, 0, 3, 0, 7, 12, 7, 0, 6, 2, 6, 0, 7, 10, 7, 0, 7, 10, 7, 0, 3, 0, 6, 5, 6, 0, 1, 0, 8, 0, 7, 10, 7, 0, 7, 14, 7, 0, 4, 0, 7, 14, 7, 0, 3, 11, 3, 0, 13, 0, 7, 14, 7, 0, 4, 0, 6, 0, 7, 12, 7, 0, 6, 5, 6, 0, 3, 9, 3, 0, 8, 0, 3, 9, 3, 0, 7, 0, 6, 5, 6, 0, 3, 11, 3, 0, 3, 0, 4, 0, 6, 0, 6, 2, 6, 0, 3, 0, 6, 2, 6, 0, 8, 0, 6, 0, 8, 0, 7, 0, 7, 10, 7, 0, 4, 0, 8, 0, 3, 9, 3, 0, 13, 0, 4, 0, 7, 0, 3, 11, 3, 0, 7, 14, 7, 0, 7, 10, 7, 0, 7, 0, 13, 0, 7, 0, 4, 0, 6, 5, 6, 0, 3, 0, 7, 0, 3, 0, 3, 0, 4, 0, 3, 11, 3, 0, 4, 0, 7, 10, 7, 0, 6, 2, 6, 0, 7, 0, 6, 2, 6, 0, 13, 0, 7, 10, 7, 0, 7, 0, 6, 2, 6, 0, 6, 0, 6, 2, 6, 0, 7, 14, 7, 0, 7, 14, 7, 0, 7, 0, 7, 0, 4, 0, 13, 0, 3, 11, 3, 0, 3, 0, 3, 11, 3, 0, 3, 0, 6, 5, 6, 0, 3, 0, 3, 0, 8, 0, 4, 0, 7, 10, 7, 0, 7, 0, 7, 14, 7, 0, 7, 0, 6, 5, 6, 0, 7, 14, 7, 0, 7, 10, 7, 0, 4, 0, 7, 12, 7, 0, 3, 0, 3, 11, 3, 0, 1, 0, 3, 0, 6, 5, 6, 0, 6, 5, 6, 0, 3, 9, 3, 0, 3, 9, 3, 0, 7, 10, 7, 0, 6, 0, 6, 5, 6, 0, 6, 0, 6, 0, 7, 14, 7, 0, 7, 0, 7, 0, 8, 0, 3, 0, 7, 0, 4, 0, 3, 9, 3, 0, 7, 0, 3, 9, 3, 0, 3, 0, 3, 0, 7, 10, 7, 0, 1, 0, 3, 11, 3, 0, 3, 11, 3, 0, 1, 0, 3, 9, 3, 0, 3, 9, 3, 0, 6, 5, 6, 0, 1, 0, 6, 0, 3, 9, 3, 0, 6, 5, 6, 0, 6, 0, 7, 0, 7, 14, 7, 0, 6, 0, 13, 0, 6, 5, 6, 0, 1, 0, 4, 0, 3, 9, 3, 0, 6, 0, 7, 14, 7, 0, 1, 0, 7, 12, 7, 0, 1, 0, 8, 0, 6, 5, 6, 0, 6, 0, 13, 0, 8, 0, 13, 0, 6, 5, 6, 0, 4, 0, 6, 5, 6, 0, 3, 11, 3, 0, 7, 10, 7, 0, 7, 12, 7, 0, 13, 0, 1, 0, 3, 9, 3, 0, 3, 9, 3, 0, 1, 0, 13, 0, 1, 0, 3, 9, 3, 0, 1, 0, 8, 0, 7, 0, 6, 0, 7, 0, 6, 5, 6, 0, 1, 0, 7, 0, 7, 10, 7, 0, 3, 9, 3, 0, 6, 5, 6, 0, 6, 2, 6, 0, 3, 9, 3, 0, 6, 5, 6, 0, 4, 0, 7, 14, 7, 0, 3, 11, 3, 0, 13, 0, 13, 0, 6, 0, 3, 11, 3, 0, 8, 0, 8, 0, 7, 0, 7, 12, 7, 0, 7, 12, 7, 0, 8, 0, 6, 2, 6, 0, 6, 0, 7, 12, 7, 0, 7, 12, 7, 0, 3, 11, 3, 0, 6, 0, 3, 11, 3, 0, 4, 0, 7, 12, 7, 0, 13, 0, 6, 2, 6, 0, 6, 5, 6, 0, 3, 11, 3, 0, 1, 0, 7, 10, 7, 0, 1, 0, 4, 0, 8, 0, 6, 5, 6, 0, 7, 10, 7, 0, 6, 0, 3, 9, 3, 0, 6, 0, 13, 0, 7, 0, 7, 10, 7, 0, 7, 10, 7, 0, 8, 0, 6, 0, 1, 0, 3, 9, 3, 0, 7, 10, 7, 0, 13, 0, 3, 0, 13, 0, 3, 11, 3, 0]","[0.5398, 0.5398, 0.2786, 0.3534, 0.5705, 0.5705, 0.3534, 0.2786, 0.2786, 0.3873, 0.1681, 0.1681, 0.3873, 0.2786, 0.5398, 0.5398, 0.2786, 0.2786, 0.2786, 0.2786, 0.5398, 0.5398, 0.2786, 0.3752, 0.3752, 0.2786, 0.3366, 0.3366, 0.2786, 0.4574, 0.4574, 0.3873, 0.2353, 0.2353, 0.3873, 0.2786, 0.3366, 0.3366, 0.2786, 0.3873, 0.1681, 0.1681, 0.3873, 0.3873, 0.3873, 0.3873, 0.2353, 0.2353, 0.3873, 0.3873, 0.3873, 0.3534, 0.3534, 0.4396, 0.4396, 0.2786, 0.5398, 0.5398, 0.2786, 0.3534, 0.5705, 0.5705, 0.3534, 0.3534, 0.3534, 0.3534, 0.3534, 0.2786, 0.5398, 0.5398, 0.2786, 0.4093, 0.4093, 0.4574, 0.4574, 0.3534, 0.5705, 0.5705, 0.3534, 0.3534, 0.5705, 0.5705, 0.3534, 0.3534, 0.3534, 0.3534, 0.2922, 0.2922, 0.3534, 0.4396, 0.4396, 0.2786, 0.3366, 0.3366, 0.2786, 0.2786, 0.3394, 0.3394, 0.2786, 0.3534, 0.3534, 0.4396, 0.4396, 0.2786, 0.5398, 0.5398, 0.2786, 0.3873, 0.2353, 0.2353, 0.3873, 0.3752, 0.3752, 0.3534, 0.5705, 0.5705, 0.3534, 0.4093, 0.4093, 0.3534, 0.2922, 0.2922, 0.3534, 0.2786, 0.3394, 0.3394, 0.2786, 0.3534, 0.5705, 0.5705, 0.3534, 0.2786, 0.3394, 0.3394, 0.2786, 0.3534, 0.5705, 0.5705, 0.3534, 0.2786, 0.3366, 0.3366, 0.2786, 0.2786, 0.3366, 0.3366, 0.2786, 0.2786, 0.3394, 0.3394, 0.2786, 0.3752, 0.3752, 0.3534, 0.2922, 0.2922, 0.3534, 0.3873, 0.3873, 0.3873, 0.1681, 0.1681, 0.3873, 0.4093, 0.4093, 0.3534, 0.3534, 0.3873, 0.2353, 0.2353, 0.3873, 0.3752, 0.3752, 0.4093, 0.4093, 0.4574, 0.4574, 0.2786, 0.3394, 0.3394, 0.2786, 0.3534, 0.5705, 0.5705, 0.3534, 0.3752, 0.3752, 0.4574, 0.4574, 0.4093, 0.4093, 0.4574, 0.4574, 0.4574, 0.4574, 0.4396, 0.4396, 0.3873, 0.2353, 0.2353, 0.3873, 0.2786, 0.3366, 0.3366, 0.2786, 0.2786, 0.3366, 0.3366, 0.2786, 0.4396, 0.4396, 0.2786, 0.3366, 0.3366, 0.2786, 0.3534, 0.5705, 0.5705, 0.3534, 0.3873, 0.3873, 0.2786, 0.3366, 0.3366, 0.2786, 0.3534, 0.5705, 0.5705, 0.3534, 0.4574, 0.4574, 0.2786, 0.5398, 0.5398, 0.2786, 0.3534, 0.5705, 0.5705, 0.3534, 0.4396, 0.4396, 0.2786, 0.5398, 0.5398, 0.2786, 0.3752, 0.3752, 0.4396, 0.4396, 0.4574, 0.4574, 0.3873, 0.1681, 0.1681, 0.3873, 0.3873, 0.3873, 0.2786, 0.3394, 0.3394, 0.2786, 0.4093, 0.4093, 0.2786, 0.3394, 0.3394, 0.2786, 0.3873, 0.2353, 0.2353, 0.3873, 0.3534, 0.2922, 0.2922, 0.3534, 0.3534, 0.5705, 0.5705, 0.3534, 0.2786, 0.2786, 0.4093, 0.4093, 0.3873, 0.2353, 0.2353, 0.3873, 0.2786, 0.3366, 0.3366, 0.2786, 0.3534, 0.5705, 0.5705, 0.3534, 0.3534, 0.3534, 0.2786, 0.5398, 0.5398, 0.2786, 0.2786, 0.3366, 0.3366, 0.2786, 0.3534, 0.3534, 0.3534, 0.2922, 0.2922, 0.3534, 0.4574, 0.4574, 0.3752, 0.3752, 0.3873, 0.1681, 0.1681, 0.3873, 0.3534, 0.2922, 0.2922, 0.3534, 0.3873, 0.3873, 0.3534, 0.5705, 0.5705, 0.3534, 0.3873, 0.2353, 0.2353, 0.3873, 0.4396, 0.4396, 0.3873, 0.3873, 0.3534, 0.3534, 0.4396, 0.4396, 0.3752, 0.3752, 0.2786, 0.5398, 0.5398, 0.2786, 0.3534, 0.5705, 0.5705, 0.3534, 0.2786, 0.3366, 0.3366, 0.2786, 0.2786, 0.3394, 0.3394, 0.2786, 0.2786, 0.3366, 0.3366, 0.2786, 0.2786, 0.5398, 0.5398, 0.2786, 0.3873, 0.2353, 0.2353, 0.3873, 0.3873, 0.1681, 0.1681, 0.3873, 0.2786, 0.5398, 0.5398, 0.2786, 0.2786, 0.3394, 0.3394, 0.2786, 0.2786, 0.3366, 0.3366, 0.2786, 0.2786, 0.2786, 0.3873, 0.3873, 0.2786, 0.3366, 0.3366, 0.2786, 0.3534, 0.5705, 0.5705, 0.3534, 0.4574, 0.4574, 0.4093, 0.4093, 0.4396, 0.4396, 0.4093, 0.4093, 0.4093, 0.4093, 0.3752, 0.3752, 0.2786, 0.2786, 0.2786, 0.5398, 0.5398, 0.2786, 0.2786, 0.3394, 0.3394, 0.2786, 0.3873, 0.3873, 0.4093, 0.4093, 0.4396, 0.4396, 0.2786, 0.3366, 0.3366, 0.2786, 0.3873, 0.1681, 0.1681, 0.3873, 0.3873, 0.2353, 0.2353, 0.3873, 0.3873, 0.2353, 0.2353, 0.3873, 0.2786, 0.3366, 0.3366, 0.2786, 0.3752, 0.3752, 0.3534, 0.2922, 0.2922, 0.3534, 0.4574, 0.4574, 0.3752, 0.3752, 0.3873, 0.2353, 0.2353, 0.3873, 0.4574, 0.4574, 0.2786, 0.3366, 0.3366, 0.2786, 0.2786, 0.5398, 0.5398, 0.2786, 0.3873, 0.3873, 0.3873, 0.1681, 0.1681, 0.3873, 0.3873, 0.1681, 0.1681, 0.3873, 0.4396, 0.4396, 0.3534, 0.5705, 0.5705, 0.3534, 0.2786, 0.2786, 0.3873, 0.3873, 0.4396, 0.4396, 0.2786, 0.5398, 0.5398, 0.2786, 0.3534, 0.2922, 0.2922, 0.3534, 0.3873, 0.1681, 0.1681, 0.3873, 0.2786, 0.5398, 0.5398, 0.2786, 0.3534, 0.5705, 0.5705, 0.3534, 0.4093, 0.4093, 0.3873, 0.3873, 0.2786, 0.3366, 0.3366, 0.2786, 0.3534, 0.5705, 0.5705, 0.3534, 0.2786, 0.3394, 0.3394, 0.2786, 0.2786, 0.3394, 0.3394, 0.2786, 0.3873, 0.3873, 0.3534, 0.2922, 0.2922, 0.3534, 0.4093, 0.4093, 0.4396, 0.4396, 0.2786, 0.3394, 0.3394, 0.2786, 0.2786, 0.5398, 0.5398, 0.2786, 0.3752, 0.3752, 0.2786, 0.5398, 0.5398, 0.2786, 0.3873, 0.2353, 0.2353, 0.3873, 0.4574, 0.4574, 0.2786, 0.5398, 0.5398, 0.2786, 0.3752, 0.3752, 0.3534, 0.3534, 0.2786, 0.3366, 0.3366, 0.2786, 0.3534, 0.2922, 0.2922, 0.3534, 0.3873, 0.1681, 0.1681, 0.3873, 0.4396, 0.4396, 0.3873, 0.1681, 0.1681, 0.3873, 0.2786, 0.2786, 0.3534, 0.2922, 0.2922, 0.3534, 0.3873, 0.2353, 0.2353, 0.3873, 0.3873, 0.3873, 0.3752, 0.3752, 0.3534, 0.3534, 0.3534, 0.5705, 0.5705, 0.3534, 0.3873, 0.3873, 0.3534, 0.5705, 0.5705, 0.3534, 0.4396, 0.4396, 0.3534, 0.3534, 0.4396, 0.4396, 0.2786, 0.2786, 0.2786, 0.3394, 0.3394, 0.2786, 0.3752, 0.3752, 0.4396, 0.4396, 0.3873, 0.1681, 0.1681, 0.3873, 0.4574, 0.4574, 0.3752, 0.3752, 0.2786, 0.2786, 0.3873, 0.2353, 0.2353, 0.3873, 0.2786, 0.5398, 0.5398, 0.2786, 0.2786, 0.3394, 0.3394, 0.2786, 0.2786, 0.2786, 0.4574, 0.4574, 0.2786, 0.2786, 0.3752, 0.3752, 0.3534, 0.2922, 0.2922, 0.3534, 0.3873, 0.3873, 0.2786, 0.2786, 0.3873, 0.3873, 0.3873, 0.3873, 0.3752, 0.3752, 0.3873, 0.2353, 0.2353, 0.3873, 0.3752, 0.3752, 0.2786, 0.3394, 0.3394, 0.2786, 0.3534, 0.5705, 0.5705, 0.3534, 0.2786, 0.2786, 0.3534, 0.5705, 0.5705, 0.3534, 0.4574, 0.4574, 0.2786, 0.3394, 0.3394, 0.2786, 0.2786, 0.2786, 0.3534, 0.5705, 0.5705, 0.3534, 0.3534, 0.3534, 0.3534, 0.5705, 0.5705, 0.3534, 0.2786, 0.5398, 0.5398, 0.2786, 0.2786, 0.5398, 0.5398, 0.2786, 0.2786, 0.2786, 0.2786, 0.2786, 0.3752, 0.3752, 0.4574, 0.4574, 0.3873, 0.2353, 0.2353, 0.3873, 0.3873, 0.3873, 0.3873, 0.2353, 0.2353, 0.3873, 0.3873, 0.3873, 0.3534, 0.2922, 0.2922, 0.3534, 0.3873, 0.3873, 0.3873, 0.3873, 0.4396, 0.4396, 0.3752, 0.3752, 0.2786, 0.3394, 0.3394, 0.2786, 0.2786, 0.2786, 0.2786, 0.5398, 0.5398, 0.2786, 0.2786, 0.2786, 0.3534, 0.2922, 0.2922, 0.3534, 0.2786, 0.5398, 0.5398, 0.2786, 0.2786, 0.3394, 0.3394, 0.2786, 0.3752, 0.3752, 0.2786, 0.3366, 0.3366, 0.2786, 0.3873, 0.3873, 0.3873, 0.2353, 0.2353, 0.3873, 0.4093, 0.4093, 0.3873, 0.3873, 0.3534, 0.2922, 0.2922, 0.3534, 0.3534, 0.2922, 0.2922, 0.3534, 0.3873, 0.1681, 0.1681, 0.3873, 0.3873, 0.1681, 0.1681, 0.3873, 0.2786, 0.3394, 0.3394, 0.2786, 0.3534, 0.3534, 0.3534, 0.2922, 0.2922, 0.3534, 0.3534, 0.3534, 0.3534, 0.3534, 0.2786, 0.5398, 0.5398, 0.2786, 0.2786, 0.2786, 0.2786, 0.2786, 0.4396, 0.4396, 0.3873, 0.3873, 0.2786, 0.2786, 0.3752, 0.3752, 0.3873, 0.1681, 0.1681, 0.3873, 0.2786, 0.2786, 0.3873, 0.1681, 0.1681, 0.3873, 0.3873, 0.3873, 0.3873, 0.3873, 0.2786, 0.3394, 0.3394, 0.2786, 0.4093, 0.4093, 0.3873, 0.2353, 0.2353, 0.3873, 0.3873, 0.2353, 0.2353, 0.3873, 0.4093, 0.4093, 0.3873, 0.1681, 0.1681, 0.3873, 0.3873, 0.1681, 0.1681, 0.3873, 0.3534, 0.2922, 0.2922, 0.3534, 0.4093, 0.4093, 0.3534, 0.3534, 0.3873, 0.1681, 0.1681, 0.3873, 0.3534, 0.2922, 0.2922, 0.3534, 0.3534, 0.3534, 0.2786, 0.2786, 0.2786, 0.5398, 0.5398, 0.2786, 0.3534, 0.3534, 0.4574, 0.4574, 0.3534, 0.2922, 0.2922, 0.3534, 0.4093, 0.4093, 0.3752, 0.3752, 0.3873, 0.1681, 0.1681, 0.3873, 0.3534, 0.3534, 0.2786, 0.5398, 0.5398, 0.2786, 0.4093, 0.4093, 0.2786, 0.3366, 0.3366, 0.2786, 0.4093, 0.4093, 0.4396, 0.4396, 0.3534, 0.2922, 0.2922, 0.3534, 0.3534, 0.3534, 0.4574, 0.4574, 0.4396, 0.4396, 0.4574, 0.4574, 0.3534, 0.2922, 0.2922, 0.3534, 0.3752, 0.3752, 0.3534, 0.2922, 0.2922, 0.3534, 0.3873, 0.2353, 0.2353, 0.3873, 0.2786, 0.3394, 0.3394, 0.2786, 0.2786, 0.3366, 0.3366, 0.2786, 0.4574, 0.4574, 0.4093, 0.4093, 0.3873, 0.1681, 0.1681, 0.3873, 0.3873, 0.1681, 0.1681, 0.3873, 0.4093, 0.4093, 0.4574, 0.4574, 0.4093, 0.4093, 0.3873, 0.1681, 0.1681, 0.3873, 0.4093, 0.4093, 0.4396, 0.4396, 0.2786, 0.2786, 0.3534, 0.3534, 0.2786, 0.2786, 0.3534, 0.2922, 0.2922, 0.3534, 0.4093, 0.4093, 0.2786, 0.2786, 0.2786, 0.3394, 0.3394, 0.2786, 0.3873, 0.1681, 0.1681, 0.3873, 0.3534, 0.2922, 0.2922, 0.3534, 0.3534, 0.5705, 0.5705, 0.3534, 0.3873, 0.1681, 0.1681, 0.3873, 0.3534, 0.2922, 0.2922, 0.3534, 0.3752, 0.3752, 0.2786, 0.5398, 0.5398, 0.2786, 0.3873, 0.2353, 0.2353, 0.3873, 0.4574, 0.4574, 0.4574, 0.4574, 0.3534, 0.3534, 0.3873, 0.2353, 0.2353, 0.3873, 0.4396, 0.4396, 0.4396, 0.4396, 0.2786, 0.2786, 0.2786, 0.3366, 0.3366, 0.2786, 0.2786, 0.3366, 0.3366, 0.2786, 0.4396, 0.4396, 0.3534, 0.5705, 0.5705, 0.3534, 0.3534, 0.3534, 0.2786, 0.3366, 0.3366, 0.2786, 0.2786, 0.3366, 0.3366, 0.2786, 0.3873, 0.2353, 0.2353, 0.3873, 0.3534, 0.3534, 0.3873, 0.2353, 0.2353, 0.3873, 0.3752, 0.3752, 0.2786, 0.3366, 0.3366, 0.2786, 0.4574, 0.4574, 0.3534, 0.5705, 0.5705, 0.3534, 0.3534, 0.2922, 0.2922, 0.3534, 0.3873, 0.2353, 0.2353, 0.3873, 0.4093, 0.4093, 0.2786, 0.3394, 0.3394, 0.2786, 0.4093, 0.4093, 0.3752, 0.3752, 0.4396, 0.4396, 0.3534, 0.2922, 0.2922, 0.3534, 0.2786, 0.3394, 0.3394, 0.2786, 0.3534, 0.3534, 0.3873, 0.1681, 0.1681, 0.3873, 0.3534, 0.3534, 0.4574, 0.4574, 0.2786, 0.2786, 0.2786, 0.3394, 0.3394, 0.2786, 0.2786, 0.3394, 0.3394, 0.2786, 0.4396, 0.4396, 0.3534, 0.3534, 0.4093, 0.4093, 0.3873, 0.1681, 0.1681, 0.3873, 0.2786, 0.3394, 0.3394, 0.2786, 0.4574, 0.4574, 0.3873, 0.3873, 0.4574, 0.4574, 0.3873, 0.2353, 0.2353, 0.3873]","[0.0, 11.1805, 11.1805, 0.0, 0.0, 34.5551, 34.5551, 0.0, 4.6711, 0.0, 0.0, 8.1315, 8.1315, 0.0, 0.0, 11.1805, 11.1805, 0.0, 4.6711, 0.0, 0.0, 11.1805, 11.1805, 0.0, 13.2532, 0.0, 0.0, 29.7445, 29.7445, 0.0, 25.0202, 0.0, 0.0, 15.6327, 15.6327, 0.0, 0.0, 29.7445, 29.7445, 0.0, 0.0, 8.1315, 8.1315, 0.0, 11.6607, 0.0, 0.0, 15.6327, 15.6327, 0.0, 11.6607, 0.0, 6.7958, 0.0, 17.0082, 0.0, 0.0, 11.1805, 11.1805, 0.0, 0.0, 34.5551, 34.5551, 0.0, 6.7958, 0.0, 6.7958, 0.0, 0.0, 11.1805, 11.1805, 0.0, 26.6078, 0.0, 25.0202, 0.0, 0.0, 34.5551, 34.5551, 0.0, 0.0, 34.5551, 34.5551, 0.0, 6.7958, 0.0, 0.0, 16.7888, 16.7888, 0.0, 17.0082, 0.0, 0.0, 29.7445, 29.7445, 0.0, 0.0, 23.9337, 23.9337, 0.0, 6.7958, 0.0, 17.0082, 0.0, 0.0, 11.1805, 11.1805, 0.0, 0.0, 15.6327, 15.6327, 0.0, 13.2532, 0.0, 0.0, 34.5551, 34.5551, 0.0, 26.6078, 0.0, 0.0, 16.7888, 16.7888, 0.0, 0.0, 23.9337, 23.9337, 0.0, 0.0, 34.5551, 34.5551, 0.0, 0.0, 23.9337, 23.9337, 0.0, 0.0, 34.5551, 34.5551, 0.0, 0.0, 29.7445, 29.7445, 0.0, 0.0, 29.7445, 29.7445, 0.0, 0.0, 23.9337, 23.9337, 0.0, 13.2532, 0.0, 0.0, 16.7888, 16.7888, 0.0, 11.6607, 0.0, 0.0, 8.1315, 8.1315, 0.0, 26.6078, 0.0, 6.7958, 0.0, 0.0, 15.6327, 15.6327, 0.0, 13.2532, 0.0, 26.6078, 0.0, 25.0202, 0.0, 0.0, 23.9337, 23.9337, 0.0, 0.0, 34.5551, 34.5551, 0.0, 13.2532, 0.0, 25.0202, 0.0, 26.6078, 0.0, 25.0202, 0.0, 25.0202, 0.0, 17.0082, 0.0, 0.0, 15.6327, 15.6327, 0.0, 0.0, 29.7445, 29.7445, 0.0, 0.0, 29.7445, 29.7445, 0.0, 17.0082, 0.0, 0.0, 29.7445, 29.7445, 0.0, 0.0, 34.5551, 34.5551, 0.0, 11.6607, 0.0, 0.0, 29.7445, 29.7445, 0.0, 0.0, 34.5551, 34.5551, 0.0, 25.0202, 0.0, 0.0, 11.1805, 11.1805, 0.0, 0.0, 34.5551, 34.5551, 0.0, 17.0082, 0.0, 0.0, 11.1805, 11.1805, 0.0, 13.2532, 0.0, 17.0082, 0.0, 25.0202, 0.0, 0.0, 8.1315, 8.1315, 0.0, 11.6607, 0.0, 0.0, 23.9337, 23.9337, 0.0, 26.6078, 0.0, 0.0, 23.9337, 23.9337, 0.0, 0.0, 15.6327, 15.6327, 0.0, 0.0, 16.7888, 16.7888, 0.0, 0.0, 34.5551, 34.5551, 0.0, 4.6711, 0.0, 26.6078, 0.0, 0.0, 15.6327, 15.6327, 0.0, 0.0, 29.7445, 29.7445, 0.0, 0.0, 34.5551, 34.5551, 0.0, 6.7958, 0.0, 0.0, 11.1805, 11.1805, 0.0, 0.0, 29.7445, 29.7445, 0.0, 6.7958, 0.0, 0.0, 16.7888, 16.7888, 0.0, 25.0202, 0.0, 13.2532, 0.0, 0.0, 8.1315, 8.1315, 0.0, 0.0, 16.7888, 16.7888, 0.0, 11.6607, 0.0, 0.0, 34.5551, 34.5551, 0.0, 0.0, 15.6327, 15.6327, 0.0, 17.0082, 0.0, 11.6607, 0.0, 6.7958, 0.0, 17.0082, 0.0, 13.2532, 0.0, 0.0, 11.1805, 11.1805, 0.0, 0.0, 34.5551, 34.5551, 0.0, 0.0, 29.7445, 29.7445, 0.0, 0.0, 23.9337, 23.9337, 0.0, 0.0, 29.7445, 29.7445, 0.0, 0.0, 11.1805, 11.1805, 0.0, 0.0, 15.6327, 15.6327, 0.0, 0.0, 8.1315, 8.1315, 0.0, 0.0, 11.1805, 11.1805, 0.0, 0.0, 23.9337, 23.9337, 0.0, 0.0, 29.7445, 29.7445, 0.0, 4.6711, 0.0, 11.6607, 0.0, 0.0, 29.7445, 29.7445, 0.0, 0.0, 34.5551, 34.5551, 0.0, 25.0202, 0.0, 26.6078, 0.0, 17.0082, 0.0, 26.6078, 0.0, 26.6078, 0.0, 13.2532, 0.0, 4.6711, 0.0, 0.0, 11.1805, 11.1805, 0.0, 0.0, 23.9337, 23.9337, 0.0, 11.6607, 0.0, 26.6078, 0.0, 17.0082, 0.0, 0.0, 29.7445, 29.7445, 0.0, 0.0, 8.1315, 8.1315, 0.0, 0.0, 15.6327, 15.6327, 0.0, 0.0, 15.6327, 15.6327, 0.0, 0.0, 29.7445, 29.7445, 0.0, 13.2532, 0.0, 0.0, 16.7888, 16.7888, 0.0, 25.0202, 0.0, 13.2532, 0.0, 0.0, 15.6327, 15.6327, 0.0, 25.0202, 0.0, 0.0, 29.7445, 29.7445, 0.0, 0.0, 11.1805, 11.1805, 0.0, 11.6607, 0.0, 0.0, 8.1315, 8.1315, 0.0, 0.0, 8.1315, 8.1315, 0.0, 17.0082, 0.0, 0.0, 34.5551, 34.5551, 0.0, 4.6711, 0.0, 11.6607, 0.0, 17.0082, 0.0, 0.0, 11.1805, 11.1805, 0.0, 0.0, 16.7888, 16.7888, 0.0, 0.0, 8.1315, 8.1315, 0.0, 0.0, 11.1805, 11.1805, 0.0, 0.0, 34.5551, 34.5551, 0.0, 26.6078, 0.0, 11.6607, 0.0, 0.0, 29.7445, 29.7445, 0.0, 0.0, 34.5551, 34.5551, 0.0, 0.0, 23.9337, 23.9337, 0.0, 0.0, 23.9337, 23.9337, 0.0, 11.6607, 0.0, 0.0, 16.7888, 16.7888, 0.0, 26.6078, 0.0, 17.0082, 0.0, 0.0, 23.9337, 23.9337, 0.0, 0.0, 11.1805, 11.1805, 0.0, 13.2532, 0.0, 0.0, 11.1805, 11.1805, 0.0, 0.0, 15.6327, 15.6327, 0.0, 25.0202, 0.0, 0.0, 11.1805, 11.1805, 0.0, 13.2532, 0.0, 6.7958, 0.0, 0.0, 29.7445, 29.7445, 0.0, 0.0, 16.7888, 16.7888, 0.0, 0.0, 8.1315, 8.1315, 0.0, 17.0082, 0.0, 0.0, 8.1315, 8.1315, 0.0, 4.6711, 0.0, 0.0, 16.7888, 16.7888, 0.0, 0.0, 15.6327, 15.6327, 0.0, 11.6607, 0.0, 13.2532, 0.0, 6.7958, 0.0, 0.0, 34.5551, 34.5551, 0.0, 11.6607, 0.0, 0.0, 34.5551, 34.5551, 0.0, 17.0082, 0.0, 6.7958, 0.0, 17.0082, 0.0, 4.6711, 0.0, 0.0, 23.9337, 23.9337, 0.0, 13.2532, 0.0, 17.0082, 0.0, 0.0, 8.1315, 8.1315, 0.0, 25.0202, 0.0, 13.2532, 0.0, 4.6711, 0.0, 0.0, 15.6327, 15.6327, 0.0, 0.0, 11.1805, 11.1805, 0.0, 0.0, 23.9337, 23.9337, 0.0, 4.6711, 0.0, 25.0202, 0.0, 4.6711, 0.0, 13.2532, 0.0, 0.0, 16.7888, 16.7888, 0.0, 11.6607, 0.0, 4.6711, 0.0, 11.6607, 0.0, 11.6607, 0.0, 13.2532, 0.0, 0.0, 15.6327, 15.6327, 0.0, 13.2532, 0.0, 0.0, 23.9337, 23.9337, 0.0, 0.0, 34.5551, 34.5551, 0.0, 4.6711, 0.0, 0.0, 34.5551, 34.5551, 0.0, 25.0202, 0.0, 0.0, 23.9337, 23.9337, 0.0, 4.6711, 0.0, 0.0, 34.5551, 34.5551, 0.0, 6.7958, 0.0, 0.0, 34.5551, 34.5551, 0.0, 0.0, 11.1805, 11.1805, 0.0, 0.0, 11.1805, 11.1805, 0.0, 4.6711, 0.0, 4.6711, 0.0, 13.2532, 0.0, 25.0202, 0.0, 0.0, 15.6327, 15.6327, 0.0, 11.6607, 0.0, 0.0, 15.6327, 15.6327, 0.0, 11.6607, 0.0, 0.0, 16.7888, 16.7888, 0.0, 11.6607, 0.0, 11.6607, 0.0, 17.0082, 0.0, 13.2532, 0.0, 0.0, 23.9337, 23.9337, 0.0, 4.6711, 0.0, 0.0, 11.1805, 11.1805, 0.0, 4.6711, 0.0, 0.0, 16.7888, 16.7888, 0.0, 0.0, 11.1805, 11.1805, 0.0, 0.0, 23.9337, 23.9337, 0.0, 13.2532, 0.0, 0.0, 29.7445, 29.7445, 0.0, 11.6607, 0.0, 0.0, 15.6327, 15.6327, 0.0, 26.6078, 0.0, 11.6607, 0.0, 0.0, 16.7888, 16.7888, 0.0, 0.0, 16.7888, 16.7888, 0.0, 0.0, 8.1315, 8.1315, 0.0, 0.0, 8.1315, 8.1315, 0.0, 0.0, 23.9337, 23.9337, 0.0, 6.7958, 0.0, 0.0, 16.7888, 16.7888, 0.0, 6.7958, 0.0, 6.7958, 0.0, 0.0, 11.1805, 11.1805, 0.0, 4.6711, 0.0, 4.6711, 0.0, 17.0082, 0.0, 11.6607, 0.0, 4.6711, 0.0, 13.2532, 0.0, 0.0, 8.1315, 8.1315, 0.0, 4.6711, 0.0, 0.0, 8.1315, 8.1315, 0.0, 11.6607, 0.0, 11.6607, 0.0, 0.0, 23.9337, 23.9337, 0.0, 26.6078, 0.0, 0.0, 15.6327, 15.6327, 0.0, 0.0, 15.6327, 15.6327, 0.0, 26.6078, 0.0, 0.0, 8.1315, 8.1315, 0.0, 0.0, 8.1315, 8.1315, 0.0, 0.0, 16.7888, 16.7888, 0.0, 26.6078, 0.0, 6.7958, 0.0, 0.0, 8.1315, 8.1315, 0.0, 0.0, 16.7888, 16.7888, 0.0, 6.7958, 0.0, 4.6711, 0.0, 0.0, 11.1805, 11.1805, 0.0, 6.7958, 0.0, 25.0202, 0.0, 0.0, 16.7888, 16.7888, 0.0, 26.6078, 0.0, 13.2532, 0.0, 0.0, 8.1315, 8.1315, 0.0, 6.7958, 0.0, 0.0, 11.1805, 11.1805, 0.0, 26.6078, 0.0, 0.0, 29.7445, 29.7445, 0.0, 26.6078, 0.0, 17.0082, 0.0, 0.0, 16.7888, 16.7888, 0.0, 6.7958, 0.0, 25.0202, 0.0, 17.0082, 0.0, 25.0202, 0.0, 0.0, 16.7888, 16.7888, 0.0, 13.2532, 0.0, 0.0, 16.7888, 16.7888, 0.0, 0.0, 15.6327, 15.6327, 0.0, 0.0, 23.9337, 23.9337, 0.0, 0.0, 29.7445, 29.7445, 0.0, 25.0202, 0.0, 26.6078, 0.0, 0.0, 8.1315, 8.1315, 0.0, 0.0, 8.1315, 8.1315, 0.0, 26.6078, 0.0, 25.0202, 0.0, 26.6078, 0.0, 0.0, 8.1315, 8.1315, 0.0, 26.6078, 0.0, 17.0082, 0.0, 4.6711, 0.0, 6.7958, 0.0, 4.6711, 0.0, 0.0, 16.7888, 16.7888, 0.0, 26.6078, 0.0, 4.6711, 0.0, 0.0, 23.9337, 23.9337, 0.0, 0.0, 8.1315, 8.1315, 0.0, 0.0, 16.7888, 16.7888, 0.0, 0.0, 34.5551, 34.5551, 0.0, 0.0, 8.1315, 8.1315, 0.0, 0.0, 16.7888, 16.7888, 0.0, 13.2532, 0.0, 0.0, 11.1805, 11.1805, 0.0, 0.0, 15.6327, 15.6327, 0.0, 25.0202, 0.0, 25.0202, 0.0, 6.7958, 0.0, 0.0, 15.6327, 15.6327, 0.0, 17.0082, 0.0, 17.0082, 0.0, 4.6711, 0.0, 0.0, 29.7445, 29.7445, 0.0, 0.0, 29.7445, 29.7445, 0.0, 17.0082, 0.0, 0.0, 34.5551, 34.5551, 0.0, 6.7958, 0.0, 0.0, 29.7445, 29.7445, 0.0, 0.0, 29.7445, 29.7445, 0.0, 0.0, 15.6327, 15.6327, 0.0, 6.7958, 0.0, 0.0, 15.6327, 15.6327, 0.0, 13.2532, 0.0, 0.0, 29.7445, 29.7445, 0.0, 25.0202, 0.0, 0.0, 34.5551, 34.5551, 0.0, 0.0, 16.7888, 16.7888, 0.0, 0.0, 15.6327, 15.6327, 0.0, 26.6078, 0.0, 0.0, 23.9337, 23.9337, 0.0, 26.6078, 0.0, 13.2532, 0.0, 17.0082, 0.0, 0.0, 16.7888, 16.7888, 0.0, 0.0, 23.9337, 23.9337, 0.0, 6.7958, 0.0, 0.0, 8.1315, 8.1315, 0.0, 6.7958, 0.0, 25.0202, 0.0, 4.6711, 0.0, 0.0, 23.9337, 23.9337, 0.0, 0.0, 23.9337, 23.9337, 0.0, 17.0082, 0.0, 6.7958, 0.0, 26.6078, 0.0, 0.0, 8.1315, 8.1315, 0.0, 0.0, 23.9337, 23.9337, 0.0, 25.0202, 0.0, 11.6607, 0.0, 25.0202, 0.0, 0.0, 15.6327, 15.6327, 0.0]",success,
0.5,10,1.3,15,392,2.7099,"[4, 0, 1, 0, 6, 0, 3, 0, 7, 10, 7, 0, 7, 12, 7, 0, 7, 10, 7, 0, 7, 12, 7, 0, 6, 5, 6, 0, 7, 0, 4, 0, 7, 10, 7, 0, 7, 12, 7, 0, 7, 12, 7, 0, 13, 0, 6, 0, 13, 0, 7, 10, 7, 0, 3, 9, 3, 0, 13, 0, 6, 2, 6, 0, 6, 0, 1, 0, 6, 5, 6, 0, 3, 0, 7, 14, 7, 0, 7, 10, 7, 0, 7, 10, 7, 0, 3, 11, 3, 0, 13, 0, 3, 9, 3, 0, 7, 10, 7, 0, 1, 0, 13, 0, 1, 0, 7, 10, 7, 0, 4, 0, 1, 0, 6, 5, 6, 0, 6, 2, 6, 0, 3, 11, 3, 0, 3, 0, 7, 12, 7, 0, 3, 9, 3, 0, 7, 12, 7, 0, 6, 5, 6, 0, 3, 11, 3, 0, 3, 9, 3, 0, 6, 0, 8, 0, 3, 9, 3, 0, 3, 11, 3, 0, 6, 5, 6, 0, 4, 0, 7, 14, 7, 0, 8, 0, 1, 0, 6, 5, 6, 0, 3, 0, 4, 0, 4, 0, 3, 9, 3, 0, 7, 0, 13, 0, 7, 12, 7, 0, 7, 14, 7, 0, 3, 0, 3, 0, 7, 0, 4, 0, 3, 0, 4, 0, 6, 2, 6, 0, 3, 9, 3, 0, 1, 0, 7, 10, 7, 0, 1, 0, 7, 12, 7, 0, 7, 0, 4, 0, 13, 0, 3, 0, 3, 11, 3, 0, 3, 11, 3, 0, 3, 11, 3, 0, 3, 11, 3, 0, 3, 11, 3, 0, 6, 5, 6, 0, 6, 5, 6, 0, 13, 0, 3, 9, 3, 0, 7, 12, 7, 0, 3, 11, 3, 0, 7, 10, 7, 0, 6, 0, 7, 14, 7, 0, 7, 10, 7, 0, 3, 11, 3, 0, 6, 2, 6, 0, 1, 0, 7, 0, 4, 0, 6, 0, 7, 12, 7, 0, 3, 11, 3, 0, 3, 0, 3, 0, 3, 9, 3, 0, 8, 0, 7, 0, 3, 9, 3, 0, 6, 2, 6, 0, 7, 12, 7, 0, 6, 2, 6, 0, 7, 12, 7, 0, 3, 0, 8, 0, 6, 2, 6, 0, 6, 5, 6, 0, 3, 11, 3, 0, 6, 0, 3, 0, 13, 0, 3, 11, 3, 0, 7, 0, 6, 0, 4, 0, 7, 10, 7, 0, 3, 11, 3, 0, 7, 12, 7, 0, 7, 14, 7, 0, 3, 0, 13, 0, 6, 5, 6, 0, 7, 12, 7, 0, 8, 0, 4, 0, 3, 11, 3, 0, 6, 2, 6, 0, 3, 11, 3, 0, 7, 14, 7, 0, 3, 0, 6, 0, 3, 11, 3, 0, 7, 0, 3, 9, 3, 0, 4, 0, 7, 10, 7, 0, 7, 12, 7, 0, 13, 0, 6, 5, 6, 0, 6, 2, 6, 0, 7, 0, 6, 2, 6, 0, 7, 0, 13, 0, 7, 0, 6, 0, 6, 0, 7, 0, 13, 0, 3, 11, 3, 0, 7, 0, 7, 10, 7, 0, 7, 10, 7, 0, 3, 11, 3, 0, 3, 11, 3, 0, 13, 0, 13, 0, 4, 0, 13, 0, 7, 10, 7, 0, 8, 0, 4, 0, 13, 0, 3, 11, 3, 0, 4, 0, 6, 5, 6, 0, 6, 0, 3, 0, 4, 0, 3, 0, 3, 0, 6, 5, 6, 0, 7, 0, 6, 2, 6, 0, 3, 0, 8, 0, 6, 0, 7, 0, 6, 2, 6, 0, 8, 0, 7, 14, 7, 0, 4, 0, 8, 0, 13, 0, 3, 9, 3, 0, 6, 2, 6, 0, 3, 0, 3, 9, 3, 0, 3, 0, 7, 10, 7, 0, 1, 0, 7, 14, 7, 0, 7, 12, 7, 0, 3, 9, 3, 0, 3, 9, 3, 0, 7, 14, 7, 0, 6, 5, 6, 0, 13, 0, 7, 14, 7, 0, 6, 0, 7, 10, 7, 0, 3, 9, 3, 0, 3, 0, 7, 0, 8, 0, 3, 9, 3, 0, 7, 14, 7, 0, 1, 0, 7, 14, 7, 0, 7, 14, 7, 0, 8, 0, 6, 0, 4, 0, 3, 9, 3, 0, 6, 5, 6, 0, 6, 0, 13, 0, 7, 14, 7, 0, 6, 2, 6, 0, 7, 0, 3, 11, 3, 0, 6, 0, 3, 0, 7, 12, 7, 0, 4, 0, 7, 12, 7, 0, 6, 2, 6, 0, 3, 0, 3, 0, 7, 0, 7, 0, 1, 0, 8, 0, 7, 14, 7, 0, 1, 0, 7, 12, 7, 0, 13, 0, 3, 9, 3, 0, 7, 12, 7, 0, 8, 0, 13, 0, 7, 0, 8, 0, 1, 0, 7, 10, 7, 0, 6, 2, 6, 0, 6, 2, 6, 0, 1, 0, 1, 0, 7, 10, 7, 0, 7, 14, 7, 0, 8, 0, 1, 0, 8, 0, 4, 0, 7, 0, 7, 10, 7, 0, 6, 5, 6, 0, 6, 2, 6, 0, 7, 14, 7, 0, 7, 12, 7, 0, 6, 5, 6, 0, 4, 0, 3, 0, 13, 0, 8, 0, 8, 0, 6, 0, 4, 0, 7, 0, 8, 0, 1, 0, 8, 0, 1, 0, 8, 0, 6, 0, 3, 11, 3, 0, 7, 14, 7, 0, 7, 14, 7, 0, 1, 0, 8, 0, 6, 2, 6, 0, 6, 5, 6, 0, 6, 2, 6, 0, 3, 0, 13, 0, 6, 5, 6, 0, 7, 12, 7, 0, 6, 5, 6, 0, 3, 11, 3, 0, 1, 0, 6, 5, 6, 0, 7, 12, 7, 0, 6, 2, 6, 0, 6, 0, 7, 14, 7, 0, 13, 0, 6, 2, 6, 0, 7, 10, 7, 0, 7, 10, 7, 0, 7, 0, 6, 2, 6, 0, 6, 2, 6, 0, 6, 2, 6, 0, 6, 2, 6, 0, 7, 0, 7, 0, 7, 0, 6, 0, 6, 0, 6, 0, 6, 0, 3, 9, 3, 0, 3, 9, 3, 0, 7, 14, 7, 0, 7, 14, 7, 0, 7, 14, 7, 0, 7, 14, 7, 0, 7, 14, 7, 0, 3, 0, 4, 0, 4, 0, 4, 0, 1, 0, 6, 5, 6, 0, 6, 5, 6, 0, 8, 0, 8, 0, 8, 0, 3, 11, 3, 0, 3, 11, 3, 0, 7, 12, 7, 0, 7, 10, 7, 0, 1, 0, 7, 12, 7, 0, 7, 12, 7, 0, 13, 0, 7, 12, 7, 0, 1, 0, 7, 10, 7, 0, 7, 0, 4, 0, 3, 9, 3, 0, 6, 2, 6, 0, 6, 5, 6, 0, 7, 10, 7, 0, 6, 2, 6, 0, 7, 14, 7, 0, 6, 0, 3, 9, 3, 0, 6, 0, 6, 5, 6, 0, 7, 10, 7, 0, 3, 9, 3, 0, 3, 11, 3, 0, 8, 0, 7, 14, 7, 0, 6, 5, 6, 0, 3, 9, 3, 0, 6, 5, 6, 0, 1, 0, 7, 14, 7, 0, 7, 0, 3, 9, 3, 0, 7, 10, 7, 0, 4, 0, 6, 5, 6, 0, 1, 0, 8, 0, 3, 9, 3, 0, 8, 0, 1, 0, 13, 0, 13, 0, 1, 0, 6, 0, 7, 12, 7, 0, 3, 9, 3, 0, 6, 0, 3, 0]","[0.3752, 0.4093, 0.4093, 0.3534, 0.3534, 0.3873, 0.3873, 0.2786, 0.3394, 0.3394, 0.2786, 0.2786, 0.3366, 0.3366, 0.2786, 0.2786, 0.3394, 0.3394, 0.2786, 0.2786, 0.3366, 0.3366, 0.2786, 0.3534, 0.2922, 0.2922, 0.3534, 0.2786, 0.2786, 0.3752, 0.3752, 0.2786, 0.3394, 0.3394, 0.2786, 0.2786, 0.3366, 0.3366, 0.2786, 0.2786, 0.3366, 0.3366, 0.2786, 0.4574, 0.4574, 0.3534, 0.3534, 0.4574, 0.4574, 0.2786, 0.3394, 0.3394, 0.2786, 0.3873, 0.1681, 0.1681, 0.3873, 0.4574, 0.4574, 0.3534, 0.5705, 0.5705, 0.3534, 0.3534, 0.3534, 0.4093, 0.4093, 0.3534, 0.2922, 0.2922, 0.3534, 0.3873, 0.3873, 0.2786, 0.5398, 0.5398, 0.2786, 0.2786, 0.3394, 0.3394, 0.2786, 0.2786, 0.3394, 0.3394, 0.2786, 0.3873, 0.2353, 0.2353, 0.3873, 0.4574, 0.4574, 0.3873, 0.1681, 0.1681, 0.3873, 0.2786, 0.3394, 0.3394, 0.2786, 0.4093, 0.4093, 0.4574, 0.4574, 0.4093, 0.4093, 0.2786, 0.3394, 0.3394, 0.2786, 0.3752, 0.3752, 0.4093, 0.4093, 0.3534, 0.2922, 0.2922, 0.3534, 0.3534, 0.5705, 0.5705, 0.3534, 0.3873, 0.2353, 0.2353, 0.3873, 0.3873, 0.3873, 0.2786, 0.3366, 0.3366, 0.2786, 0.3873, 0.1681, 0.1681, 0.3873, 0.2786, 0.3366, 0.3366, 0.2786, 0.3534, 0.2922, 0.2922, 0.3534, 0.3873, 0.2353, 0.2353, 0.3873, 0.3873, 0.1681, 0.1681, 0.3873, 0.3534, 0.3534, 0.4396, 0.4396, 0.3873, 0.1681, 0.1681, 0.3873, 0.3873, 0.2353, 0.2353, 0.3873, 0.3534, 0.2922, 0.2922, 0.3534, 0.3752, 0.3752, 0.2786, 0.5398, 0.5398, 0.2786, 0.4396, 0.4396, 0.4093, 0.4093, 0.3534, 0.2922, 0.2922, 0.3534, 0.3873, 0.3873, 0.3752, 0.3752, 0.3752, 0.3752, 0.3873, 0.1681, 0.1681, 0.3873, 0.2786, 0.2786, 0.4574, 0.4574, 0.2786, 0.3366, 0.3366, 0.2786, 0.2786, 0.5398, 0.5398, 0.2786, 0.3873, 0.3873, 0.3873, 0.3873, 0.2786, 0.2786, 0.3752, 0.3752, 0.3873, 0.3873, 0.3752, 0.3752, 0.3534, 0.5705, 0.5705, 0.3534, 0.3873, 0.1681, 0.1681, 0.3873, 0.4093, 0.4093, 0.2786, 0.3394, 0.3394, 0.2786, 0.4093, 0.4093, 0.2786, 0.3366, 0.3366, 0.2786, 0.2786, 0.2786, 0.3752, 0.3752, 0.4574, 0.4574, 0.3873, 0.3873, 0.3873, 0.2353, 0.2353, 0.3873, 0.3873, 0.2353, 0.2353, 0.3873, 0.3873, 0.2353, 0.2353, 0.3873, 0.3873, 0.2353, 0.2353, 0.3873, 0.3873, 0.2353, 0.2353, 0.3873, 0.3534, 0.2922, 0.2922, 0.3534, 0.3534, 0.2922, 0.2922, 0.3534, 0.4574, 0.4574, 0.3873, 0.1681, 0.1681, 0.3873, 0.2786, 0.3366, 0.3366, 0.2786, 0.3873, 0.2353, 0.2353, 0.3873, 0.2786, 0.3394, 0.3394, 0.2786, 0.3534, 0.3534, 0.2786, 0.5398, 0.5398, 0.2786, 0.2786, 0.3394, 0.3394, 0.2786, 0.3873, 0.2353, 0.2353, 0.3873, 0.3534, 0.5705, 0.5705, 0.3534, 0.4093, 0.4093, 0.2786, 0.2786, 0.3752, 0.3752, 0.3534, 0.3534, 0.2786, 0.3366, 0.3366, 0.2786, 0.3873, 0.2353, 0.2353, 0.3873, 0.3873, 0.3873, 0.3873, 0.3873, 0.3873, 0.1681, 0.1681, 0.3873, 0.4396, 0.4396, 0.2786, 0.2786, 0.3873, 0.1681, 0.1681, 0.3873, 0.3534, 0.5705, 0.5705, 0.3534, 0.2786, 0.3366, 0.3366, 0.2786, 0.3534, 0.5705, 0.5705, 0.3534, 0.2786, 0.3366, 0.3366, 0.2786, 0.3873, 0.3873, 0.4396, 0.4396, 0.3534, 0.5705, 0.5705, 0.3534, 0.3534, 0.2922, 0.2922, 0.3534, 0.3873, 0.2353, 0.2353, 0.3873, 0.3534, 0.3534, 0.3873, 0.3873, 0.4574, 0.4574, 0.3873, 0.2353, 0.2353, 0.3873, 0.2786, 0.2786, 0.3534, 0.3534, 0.3752, 0.3752, 0.2786, 0.3394, 0.3394, 0.2786, 0.3873, 0.2353, 0.2353, 0.3873, 0.2786, 0.3366, 0.3366, 0.2786, 0.2786, 0.5398, 0.5398, 0.2786, 0.3873, 0.3873, 0.4574, 0.4574, 0.3534, 0.2922, 0.2922, 0.3534, 0.2786, 0.3366, 0.3366, 0.2786, 0.4396, 0.4396, 0.3752, 0.3752, 0.3873, 0.2353, 0.2353, 0.3873, 0.3534, 0.5705, 0.5705, 0.3534, 0.3873, 0.2353, 0.2353, 0.3873, 0.2786, 0.5398, 0.5398, 0.2786, 0.3873, 0.3873, 0.3534, 0.3534, 0.3873, 0.2353, 0.2353, 0.3873, 0.2786, 0.2786, 0.3873, 0.1681, 0.1681, 0.3873, 0.3752, 0.3752, 0.2786, 0.3394, 0.3394, 0.2786, 0.2786, 0.3366, 0.3366, 0.2786, 0.4574, 0.4574, 0.3534, 0.2922, 0.2922, 0.3534, 0.3534, 0.5705, 0.5705, 0.3534, 0.2786, 0.2786, 0.3534, 0.5705, 0.5705, 0.3534, 0.2786, 0.2786, 0.4574, 0.4574, 0.2786, 0.2786, 0.3534, 0.3534, 0.3534, 0.3534, 0.2786, 0.2786, 0.4574, 0.4574, 0.3873, 0.2353, 0.2353, 0.3873, 0.2786, 0.2786, 0.2786, 0.3394, 0.3394, 0.2786, 0.2786, 0.3394, 0.3394, 0.2786, 0.3873, 0.2353, 0.2353, 0.3873, 0.3873, 0.2353, 0.2353, 0.3873, 0.4574, 0.4574, 0.4574, 0.4574, 0.3752, 0.3752, 0.4574, 0.4574, 0.2786, 0.3394, 0.3394, 0.2786, 0.4396, 0.4396, 0.3752, 0.3752, 0.4574, 0.4574, 0.3873, 0.2353, 0.2353, 0.3873, 0.3752, 0.3752, 0.3534, 0.2922, 0.2922, 0.3534, 0.3534, 0.3534, 0.3873, 0.3873, 0.3752, 0.3752, 0.3873, 0.3873, 0.3873, 0.3873, 0.3534, 0.2922, 0.2922, 0.3534, 0.2786, 0.2786, 0.3534, 0.5705, 0.5705, 0.3534, 0.3873, 0.3873, 0.4396, 0.4396, 0.3534, 0.3534, 0.2786, 0.2786, 0.3534, 0.5705, 0.5705, 0.3534, 0.4396, 0.4396, 0.2786, 0.5398, 0.5398, 0.2786, 0.3752, 0.3752, 0.4396, 0.4396, 0.4574, 0.4574, 0.3873, 0.1681, 0.1681, 0.3873, 0.3534, 0.5705, 0.5705, 0.3534, 0.3873, 0.3873, 0.3873, 0.1681, 0.1681, 0.3873, 0.3873, 0.3873, 0.2786, 0.3394, 0.3394, 0.2786, 0.4093, 0.4093, 0.2786, 0.5398, 0.5398, 0.2786, 0.2786, 0.3366, 0.3366, 0.2786, 0.3873, 0.1681, 0.1681, 0.3873, 0.3873, 0.1681, 0.1681, 0.3873, 0.2786, 0.5398, 0.5398, 0.2786, 0.3534, 0.2922, 0.2922, 0.3534, 0.4574, 0.4574, 0.2786, 0.5398, 0.5398, 0.2786, 0.3534, 0.3534, 0.2786, 0.3394, 0.3394, 0.2786, 0.3873, 0.1681, 0.1681, 0.3873, 0.3873, 0.3873, 0.2786, 0.2786, 0.4396, 0.4396, 0.3873, 0.1681, 0.1681, 0.3873, 0.2786, 0.5398, 0.5398, 0.2786, 0.4093, 0.4093, 0.2786, 0.5398, 0.5398, 0.2786, 0.2786, 0.5398, 0.5398, 0.2786, 0.4396, 0.4396, 0.3534, 0.3534, 0.3752, 0.3752, 0.3873, 0.1681, 0.1681, 0.3873, 0.3534, 0.2922, 0.2922, 0.3534, 0.3534, 0.3534, 0.4574, 0.4574, 0.2786, 0.5398, 0.5398, 0.2786, 0.3534, 0.5705, 0.5705, 0.3534, 0.2786, 0.2786, 0.3873, 0.2353, 0.2353, 0.3873, 0.3534, 0.3534, 0.3873, 0.3873, 0.2786, 0.3366, 0.3366, 0.2786, 0.3752, 0.3752, 0.2786, 0.3366, 0.3366, 0.2786, 0.3534, 0.5705, 0.5705, 0.3534, 0.3873, 0.3873, 0.3873, 0.3873, 0.2786, 0.2786, 0.2786, 0.2786, 0.4093, 0.4093, 0.4396, 0.4396, 0.2786, 0.5398, 0.5398, 0.2786, 0.4093, 0.4093, 0.2786, 0.3366, 0.3366, 0.2786, 0.4574, 0.4574, 0.3873, 0.1681, 0.1681, 0.3873, 0.2786, 0.3366, 0.3366, 0.2786, 0.4396, 0.4396, 0.4574, 0.4574, 0.2786, 0.2786, 0.4396, 0.4396, 0.4093, 0.4093, 0.2786, 0.3394, 0.3394, 0.2786, 0.3534, 0.5705, 0.5705, 0.3534, 0.3534, 0.5705, 0.5705, 0.3534, 0.4093, 0.4093, 0.4093, 0.4093, 0.2786, 0.3394, 0.3394, 0.2786, 0.2786, 0.5398, 0.5398, 0.2786, 0.4396, 0.4396, 0.4093, 0.4093, 0.4396, 0.4396, 0.3752, 0.3752, 0.2786, 0.2786, 0.2786, 0.3394, 0.3394, 0.2786, 0.3534, 0.2922, 0.2922, 0.3534, 0.3534, 0.5705, 0.5705, 0.3534, 0.2786, 0.5398, 0.5398, 0.2786, 0.2786, 0.3366, 0.3366, 0.2786, 0.3534, 0.2922, 0.2922, 0.3534, 0.3752, 0.3752, 0.3873, 0.3873, 0.4574, 0.4574, 0.4396, 0.4396, 0.4396, 0.4396, 0.3534, 0.3534, 0.3752, 0.3752, 0.2786, 0.2786, 0.4396, 0.4396, 0.4093, 0.4093, 0.4396, 0.4396, 0.4093, 0.4093, 0.4396, 0.4396, 0.3534, 0.3534, 0.3873, 0.2353, 0.2353, 0.3873, 0.2786, 0.5398, 0.5398, 0.2786, 0.2786, 0.5398, 0.5398, 0.2786, 0.4093, 0.4093, 0.4396, 0.4396, 0.3534, 0.5705, 0.5705, 0.3534, 0.3534, 0.2922, 0.2922, 0.3534, 0.3534, 0.5705, 0.5705, 0.3534, 0.3873, 0.3873, 0.4574, 0.4574, 0.3534, 0.2922, 0.2922, 0.3534, 0.2786, 0.3366, 0.3366, 0.2786, 0.3534, 0.2922, 0.2922, 0.3534, 0.3873, 0.2353, 0.2353, 0.3873, 0.4093, 0.4093, 0.3534, 0.2922, 0.2922, 0.3534, 0.2786, 0.3366, 0.3366, 0.2786, 0.3534, 0.5705, 0.5705, 0.3534, 0.3534, 0.3534, 0.2786, 0.5398, 0.5398, 0.2786, 0.4574, 0.4574, 0.3534, 0.5705, 0.5705, 0.3534, 0.2786, 0.3394, 0.3394, 0.2786, 0.2786, 0.3394, 0.3394, 0.2786, 0.2786, 0.2786, 0.3534, 0.5705, 0.5705, 0.3534, 0.3534, 0.5705, 0.5705, 0.3534, 0.3534, 0.5705, 0.5705, 0.3534, 0.3534, 0.5705, 0.5705, 0.3534, 0.2786, 0.2786, 0.2786, 0.2786, 0.2786, 0.2786, 0.3534, 0.3534, 0.3534, 0.3534, 0.3534, 0.3534, 0.3534, 0.3534, 0.3873, 0.1681, 0.1681, 0.3873, 0.3873, 0.1681, 0.1681, 0.3873, 0.2786, 0.5398, 0.5398, 0.2786, 0.2786, 0.5398, 0.5398, 0.2786, 0.2786, 0.5398, 0.5398, 0.2786, 0.2786, 0.5398, 0.5398, 0.2786, 0.2786, 0.5398, 0.5398, 0.2786, 0.3873, 0.3873, 0.3752, 0.3752, 0.3752, 0.3752, 0.3752, 0.3752, 0.4093, 0.4093, 0.3534, 0.2922, 0.2922, 0.3534, 0.3534, 0.2922, 0.2922, 0.3534, 0.4396, 0.4396, 0.4396, 0.4396, 0.4396, 0.4396, 0.3873, 0.2353, 0.2353, 0.3873, 0.3873, 0.2353, 0.2353, 0.3873, 0.2786, 0.3366, 0.3366, 0.2786, 0.2786, 0.3394, 0.3394, 0.2786, 0.4093, 0.4093, 0.2786, 0.3366, 0.3366, 0.2786, 0.2786, 0.3366, 0.3366, 0.2786, 0.4574, 0.4574, 0.2786, 0.3366, 0.3366, 0.2786, 0.4093, 0.4093, 0.2786, 0.3394, 0.3394, 0.2786, 0.2786, 0.2786, 0.3752, 0.3752, 0.3873, 0.1681, 0.1681, 0.3873, 0.3534, 0.5705, 0.5705, 0.3534, 0.3534, 0.2922, 0.2922, 0.3534, 0.2786, 0.3394, 0.3394, 0.2786, 0.3534, 0.5705, 0.5705, 0.3534, 0.2786, 0.5398, 0.5398, 0.2786, 0.3534, 0.3534, 0.3873, 0.1681, 0.1681, 0.3873, 0.3534, 0.3534, 0.3534, 0.2922, 0.2922, 0.3534, 0.2786, 0.3394, 0.3394, 0.2786, 0.3873, 0.1681, 0.1681, 0.3873, 0.3873, 0.2353, 0.2353, 0.3873, 0.4396, 0.4396, 0.2786, 0.5398, 0.5398, 0.2786, 0.3534, 0.2922, 0.2922, 0.3534, 0.3873, 0.1681, 0.1681, 0.3873, 0.3534, 0.2922, 0.2922, 0.3534, 0.4093, 0.4093, 0.2786, 0.5398, 0.5398, 0.2786, 0.2786, 0.2786, 0.3873, 0.1681, 0.1681, 0.3873, 0.2786, 0.3394, 0.3394, 0.2786, 0.3752, 0.3752, 0.3534, 0.2922, 0.2922, 0.3534, 0.4093, 0.4093, 0.4396, 0.4396, 0.3873, 0.1681, 0.1681, 0.3873, 0.4396, 0.4396, 0.4093, 0.4093, 0.4574, 0.4574, 0.4574, 0.4574, 0.4093, 0.4093, 0.3534, 0.3534, 0.2786, 0.3366, 0.3366, 0.2786, 0.3873, 0.1681, 0.1681, 0.3873, 0.3534, 0.3534, 0.3873, 0.3873]","[13.2532, 0.0, 26.6078, 0.0, 6.7958, 0.0, 11.6607, 0.0, 0.0, 23.9337, 23.9337, 0.0, 0.0, 29.7445, 29.7445, 0.0, 0.0, 23.9337, 23.9337, 0.0, 0.0, 29.7445, 29.7445, 0.0, 0.0, 16.7888, 16.7888, 0.0, 4.6711, 0.0, 13.2532, 0.0, 0.0, 23.9337, 23.9337, 0.0, 0.0, 29.7445, 29.7445, 0.0, 0.0, 29.7445, 29.7445, 0.0, 25.0202, 0.0, 6.7958, 0.0, 25.0202, 0.0, 0.0, 23.9337, 23.9337, 0.0, 0.0, 8.1315, 8.1315, 0.0, 25.0202, 0.0, 0.0, 34.5551, 34.5551, 0.0, 6.7958, 0.0, 26.6078, 0.0, 0.0, 16.7888, 16.7888, 0.0, 11.6607, 0.0, 0.0, 11.1805, 11.1805, 0.0, 0.0, 23.9337, 23.9337, 0.0, 0.0, 23.9337, 23.9337, 0.0, 0.0, 15.6327, 15.6327, 0.0, 25.0202, 0.0, 0.0, 8.1315, 8.1315, 0.0, 0.0, 23.9337, 23.9337, 0.0, 26.6078, 0.0, 25.0202, 0.0, 26.6078, 0.0, 0.0, 23.9337, 23.9337, 0.0, 13.2532, 0.0, 26.6078, 0.0, 0.0, 16.7888, 16.7888, 0.0, 0.0, 34.5551, 34.5551, 0.0, 0.0, 15.6327, 15.6327, 0.0, 11.6607, 0.0, 0.0, 29.7445, 29.7445, 0.0, 0.0, 8.1315, 8.1315, 0.0, 0.0, 29.7445, 29.7445, 0.0, 0.0, 16.7888, 16.7888, 0.0, 0.0, 15.6327, 15.6327, 0.0, 0.0, 8.1315, 8.1315, 0.0, 6.7958, 0.0, 17.0082, 0.0, 0.0, 8.1315, 8.1315, 0.0, 0.0, 15.6327, 15.6327, 0.0, 0.0, 16.7888, 16.7888, 0.0, 13.2532, 0.0, 0.0, 11.1805, 11.1805, 0.0, 17.0082, 0.0, 26.6078, 0.0, 0.0, 16.7888, 16.7888, 0.0, 11.6607, 0.0, 13.2532, 0.0, 13.2532, 0.0, 0.0, 8.1315, 8.1315, 0.0, 4.6711, 0.0, 25.0202, 0.0, 0.0, 29.7445, 29.7445, 0.0, 0.0, 11.1805, 11.1805, 0.0, 11.6607, 0.0, 11.6607, 0.0, 4.6711, 0.0, 13.2532, 0.0, 11.6607, 0.0, 13.2532, 0.0, 0.0, 34.5551, 34.5551, 0.0, 0.0, 8.1315, 8.1315, 0.0, 26.6078, 0.0, 0.0, 23.9337, 23.9337, 0.0, 26.6078, 0.0, 0.0, 29.7445, 29.7445, 0.0, 4.6711, 0.0, 13.2532, 0.0, 25.0202, 0.0, 11.6607, 0.0, 0.0, 15.6327, 15.6327, 0.0, 0.0, 15.6327, 15.6327, 0.0, 0.0, 15.6327, 15.6327, 0.0, 0.0, 15.6327, 15.6327, 0.0, 0.0, 15.6327, 15.6327, 0.0, 0.0, 16.7888, 16.7888, 0.0, 0.0, 16.7888, 16.7888, 0.0, 25.0202, 0.0, 0.0, 8.1315, 8.1315, 0.0, 0.0, 29.7445, 29.7445, 0.0, 0.0, 15.6327, 15.6327, 0.0, 0.0, 23.9337, 23.9337, 0.0, 6.7958, 0.0, 0.0, 11.1805, 11.1805, 0.0, 0.0, 23.9337, 23.9337, 0.0, 0.0, 15.6327, 15.6327, 0.0, 0.0, 34.5551, 34.5551, 0.0, 26.6078, 0.0, 4.6711, 0.0, 13.2532, 0.0, 6.7958, 0.0, 0.0, 29.7445, 29.7445, 0.0, 0.0, 15.6327, 15.6327, 0.0, 11.6607, 0.0, 11.6607, 0.0, 0.0, 8.1315, 8.1315, 0.0, 17.0082, 0.0, 4.6711, 0.0, 0.0, 8.1315, 8.1315, 0.0, 0.0, 34.5551, 34.5551, 0.0, 0.0, 29.7445, 29.7445, 0.0, 0.0, 34.5551, 34.5551, 0.0, 0.0, 29.7445, 29.7445, 0.0, 11.6607, 0.0, 17.0082, 0.0, 0.0, 34.5551, 34.5551, 0.0, 0.0, 16.7888, 16.7888, 0.0, 0.0, 15.6327, 15.6327, 0.0, 6.7958, 0.0, 11.6607, 0.0, 25.0202, 0.0, 0.0, 15.6327, 15.6327, 0.0, 4.6711, 0.0, 6.7958, 0.0, 13.2532, 0.0, 0.0, 23.9337, 23.9337, 0.0, 0.0, 15.6327, 15.6327, 0.0, 0.0, 29.7445, 29.7445, 0.0, 0.0, 11.1805, 11.1805, 0.0, 11.6607, 0.0, 25.0202, 0.0, 0.0, 16.7888, 16.7888, 0.0, 0.0, 29.7445, 29.7445, 0.0, 17.0082, 0.0, 13.2532, 0.0, 0.0, 15.6327, 15.6327, 0.0, 0.0, 34.5551, 34.5551, 0.0, 0.0, 15.6327, 15.6327, 0.0, 0.0, 11.1805, 11.1805, 0.0, 11.6607, 0.0, 6.7958, 0.0, 0.0, 15.6327, 15.6327, 0.0, 4.6711, 0.0, 0.0, 8.1315, 8.1315, 0.0, 13.2532, 0.0, 0.0, 23.9337, 23.9337, 0.0, 0.0, 29.7445, 29.7445, 0.0, 25.0202, 0.0, 0.0, 16.7888, 16.7888, 0.0, 0.0, 34.5551, 34.5551, 0.0, 4.6711, 0.0, 0.0, 34.5551, 34.5551, 0.0, 4.6711, 0.0, 25.0202, 0.0, 4.6711, 0.0, 6.7958, 0.0, 6.7958, 0.0, 4.6711, 0.0, 25.0202, 0.0, 0.0, 15.6327, 15.6327, 0.0, 4.6711, 0.0, 0.0, 23.9337, 23.9337, 0.0, 0.0, 23.9337, 23.9337, 0.0, 0.0, 15.6327, 15.6327, 0.0, 0.0, 15.6327, 15.6327, 0.0, 25.0202, 0.0, 25.0202, 0.0, 13.2532, 0.0, 25.0202, 0.0, 0.0, 23.9337, 23.9337, 0.0, 17.0082, 0.0, 13.2532, 0.0, 25.0202, 0.0, 0.0, 15.6327, 15.6327, 0.0, 13.2532, 0.0, 0.0, 16.7888, 16.7888, 0.0, 6.7958, 0.0, 11.6607, 0.0, 13.2532, 0.0, 11.6607, 0.0, 11.6607, 0.0, 0.0, 16.7888, 16.7888, 0.0, 4.6711, 0.0, 0.0, 34.5551, 34.5551, 0.0, 11.6607, 0.0, 17.0082, 0.0, 6.7958, 0.0, 4.6711, 0.0, 0.0, 34.5551, 34.5551, 0.0, 17.0082, 0.0, 0.0, 11.1805, 11.1805, 0.0, 13.2532, 0.0, 17.0082, 0.0, 25.0202, 0.0, 0.0, 8.1315, 8.1315, 0.0, 0.0, 34.5551, 34.5551, 0.0, 11.6607, 0.0, 0.0, 8.1315, 8.1315, 0.0, 11.6607, 0.0, 0.0, 23.9337, 23.9337, 0.0, 26.6078, 0.0, 0.0, 11.1805, 11.1805, 0.0, 0.0, 29.7445, 29.7445, 0.0, 0.0, 8.1315, 8.1315, 0.0, 0.0, 8.1315, 8.1315, 0.0, 0.0, 11.1805, 11.1805, 0.0, 0.0, 16.7888, 16.7888, 0.0, 25.0202, 0.0, 0.0, 11.1805, 11.1805, 0.0, 6.7958, 0.0, 0.0, 23.9337, 23.9337, 0.0, 0.0, 8.1315, 8.1315, 0.0, 11.6607, 0.0, 4.6711, 0.0, 17.0082, 0.0, 0.0, 8.1315, 8.1315, 0.0, 0.0, 11.1805, 11.1805, 0.0, 26.6078, 0.0, 0.0, 11.1805, 11.1805, 0.0, 0.0, 11.1805, 11.1805, 0.0, 17.0082, 0.0, 6.7958, 0.0, 13.2532, 0.0, 0.0, 8.1315, 8.1315, 0.0, 0.0, 16.7888, 16.7888, 0.0, 6.7958, 0.0, 25.0202, 0.0, 0.0, 11.1805, 11.1805, 0.0, 0.0, 34.5551, 34.5551, 0.0, 4.6711, 0.0, 0.0, 15.6327, 15.6327, 0.0, 6.7958, 0.0, 11.6607, 0.0, 0.0, 29.7445, 29.7445, 0.0, 13.2532, 0.0, 0.0, 29.7445, 29.7445, 0.0, 0.0, 34.5551, 34.5551, 0.0, 11.6607, 0.0, 11.6607, 0.0, 4.6711, 0.0, 4.6711, 0.0, 26.6078, 0.0, 17.0082, 0.0, 0.0, 11.1805, 11.1805, 0.0, 26.6078, 0.0, 0.0, 29.7445, 29.7445, 0.0, 25.0202, 0.0, 0.0, 8.1315, 8.1315, 0.0, 0.0, 29.7445, 29.7445, 0.0, 17.0082, 0.0, 25.0202, 0.0, 4.6711, 0.0, 17.0082, 0.0, 26.6078, 0.0, 0.0, 23.9337, 23.9337, 0.0, 0.0, 34.5551, 34.5551, 0.0, 0.0, 34.5551, 34.5551, 0.0, 26.6078, 0.0, 26.6078, 0.0, 0.0, 23.9337, 23.9337, 0.0, 0.0, 11.1805, 11.1805, 0.0, 17.0082, 0.0, 26.6078, 0.0, 17.0082, 0.0, 13.2532, 0.0, 4.6711, 0.0, 0.0, 23.9337, 23.9337, 0.0, 0.0, 16.7888, 16.7888, 0.0, 0.0, 34.5551, 34.5551, 0.0, 0.0, 11.1805, 11.1805, 0.0, 0.0, 29.7445, 29.7445, 0.0, 0.0, 16.7888, 16.7888, 0.0, 13.2532, 0.0, 11.6607, 0.0, 25.0202, 0.0, 17.0082, 0.0, 17.0082, 0.0, 6.7958, 0.0, 13.2532, 0.0, 4.6711, 0.0, 17.0082, 0.0, 26.6078, 0.0, 17.0082, 0.0, 26.6078, 0.0, 17.0082, 0.0, 6.7958, 0.0, 0.0, 15.6327, 15.6327, 0.0, 0.0, 11.1805, 11.1805, 0.0, 0.0, 11.1805, 11.1805, 0.0, 26.6078, 0.0, 17.0082, 0.0, 0.0, 34.5551, 34.5551, 0.0, 0.0, 16.7888, 16.7888, 0.0, 0.0, 34.5551, 34.5551, 0.0, 11.6607, 0.0, 25.0202, 0.0, 0.0, 16.7888, 16.7888, 0.0, 0.0, 29.7445, 29.7445, 0.0, 0.0, 16.7888, 16.7888, 0.0, 0.0, 15.6327, 15.6327, 0.0, 26.6078, 0.0, 0.0, 16.7888, 16.7888, 0.0, 0.0, 29.7445, 29.7445, 0.0, 0.0, 34.5551, 34.5551, 0.0, 6.7958, 0.0, 0.0, 11.1805, 11.1805, 0.0, 25.0202, 0.0, 0.0, 34.5551, 34.5551, 0.0, 0.0, 23.9337, 23.9337, 0.0, 0.0, 23.9337, 23.9337, 0.0, 4.6711, 0.0, 0.0, 34.5551, 34.5551, 0.0, 0.0, 34.5551, 34.5551, 0.0, 0.0, 34.5551, 34.5551, 0.0, 0.0, 34.5551, 34.5551, 0.0, 4.6711, 0.0, 4.6711, 0.0, 4.6711, 0.0, 6.7958, 0.0, 6.7958, 0.0, 6.7958, 0.0, 6.7958, 0.0, 0.0, 8.1315, 8.1315, 0.0, 0.0, 8.1315, 8.1315, 0.0, 0.0, 11.1805, 11.1805, 0.0, 0.0, 11.1805, 11.1805, 0.0, 0.0, 11.1805, 11.1805, 0.0, 0.0, 11.1805, 11.1805, 0.0, 0.0, 11.1805, 11.1805, 0.0, 11.6607, 0.0, 13.2532, 0.0, 13.2532, 0.0, 13.2532, 0.0, 26.6078, 0.0, 0.0, 16.7888, 16.7888, 0.0, 0.0, 16.7888, 16.7888, 0.0, 17.0082, 0.0, 17.0082, 0.0, 17.0082, 0.0, 0.0, 15.6327, 15.6327, 0.0, 0.0, 15.6327, 15.6327, 0.0, 0.0, 29.7445, 29.7445, 0.0, 0.0, 23.9337, 23.9337, 0.0, 26.6078, 0.0, 0.0, 29.7445, 29.7445, 0.0, 0.0, 29.7445, 29.7445, 0.0, 25.0202, 0.0, 0.0, 29.7445, 29.7445, 0.0, 26.6078, 0.0, 0.0, 23.9337, 23.9337, 0.0, 4.6711, 0.0, 13.2532, 0.0, 0.0, 8.1315, 8.1315, 0.0, 0.0, 34.5551, 34.5551, 0.0, 0.0, 16.7888, 16.7888, 0.0, 0.0, 23.9337, 23.9337, 0.0, 0.0, 34.5551, 34.5551, 0.0, 0.0, 11.1805, 11.1805, 0.0, 6.7958, 0.0, 0.0, 8.1315, 8.1315, 0.0, 6.7958, 0.0, 0.0, 16.7888, 16.7888, 0.0, 0.0, 23.9337, 23.9337, 0.0, 0.0, 8.1315, 8.1315, 0.0, 0.0, 15.6327, 15.6327, 0.0, 17.0082, 0.0, 0.0, 11.1805, 11.1805, 0.0, 0.0, 16.7888, 16.7888, 0.0, 0.0, 8.1315, 8.1315, 0.0, 0.0, 16.7888, 16.7888, 0.0, 26.6078, 0.0, 0.0, 11.1805, 11.1805, 0.0, 4.6711, 0.0, 0.0, 8.1315, 8.1315, 0.0, 0.0, 23.9337, 23.9337, 0.0, 13.2532, 0.0, 0.0, 16.7888, 16.7888, 0.0, 26.6078, 0.0, 17.0082, 0.0, 0.0, 8.1315, 8.1315, 0.0, 17.0082, 0.0, 26.6078, 0.0, 25.0202, 0.0, 25.0202, 0.0, 26.6078, 0.0, 6.7958, 0.0, 0.0, 29.7445, 29.7445, 0.0, 0.0, 8.1315, 8.1315, 0.0, 6.7958, 0.0, 11.6607, 0.0]",success,
0.5,100,1e-10,15,1,1.9115,"[8, 7, 14, 2, 5, 6, 3, 1, 11, 9, 10, 12, 13, 4, 0]","[0.1976, 0.5398, 0.6069, 0.2809, 0.2922, 0.1229, 0.1318, 0.2256, 0.298, 0.2857, 0.1612, 0.3462, 0.5291, 0.3752]","[476.2292, 607.0208, 920.0751, 1887.6173, 2357.7036, 2547.9854, 2874.485, 3619.5024, 4057.2171, 4284.8996, 4955.0438, 5787.8893, 6488.4541, 6859.5434, 0.0]",success,
0.5,100,1e-05,15,1,1.8847,"[8, 7, 12, 10, 9, 1, 11, 3, 6, 5, 2, 14, 13, 4, 0]","[0.1976, 0.3366, 0.1612, 0.2857, 0.2999, 0.2256, 0.2353, 0.1229, 0.2922, 0.2809, 0.6069, 0.7115, 0.5291, 0.3752]","[476.2292, 607.0208, 1439.8663, 2110.0105, 2337.6929, 3082.7103, 3520.4251, 3846.9246, 4037.2065, 4507.2928, 5474.835, 5787.8893, 6488.4541, 6859.5434, 0.0]",success,
0.5,100,0.001,15,1,1.9061,"[4, 13, 12, 10, 9, 11, 1, 3, 6, 5, 2, 14, 7, 8, 0]","[0.5291, 0.3462, 0.1612, 0.2857, 0.298, 0.2256, 0.1318, 0.1229, 0.2922, 0.2809, 0.6069, 0.5398, 0.1976, 0.4396]","[371.0892, 1071.6541, 1904.4996, 2574.6438, 2802.3262, 3240.041, 3985.0584, 4311.5579, 4501.8398, 4971.9261, 5939.4683, 6252.5226, 6383.3141, 6859.5434, 0.0]",success,
0.5,100,0.1,15,5,1.5607,"[14, 5, 2, 0, 6, 3, 11, 1, 0, 9, 10, 12, 13, 0, 7, 8, 0, 4, 0]","[0.326, 0.2809, 0.9239, 0.3534, 0.1229, 0.2353, 0.2256, 0.4093, 0.5554, 0.2857, 0.1612, 0.3462, 0.4574, 0.2786, 0.1976, 0.4396, 0.3752, 0.3752]","[313.0543, 783.1405, 1750.6828, 0.0, 190.2819, 516.7814, 954.4962, 1699.5136, 0.0, 227.6824, 897.8266, 1730.6721, 2431.237, 0.0, 130.7916, 607.0208, 0.0, 371.0892, 0.0]",success,
0.5,100,0.5,15,10,1.2849,"[13, 0, 14, 5, 0, 2, 0, 9, 3, 0, 6, 0, 4, 0, 10, 12, 0, 11, 1, 0, 7, 0, 8, 0]","[0.4574, 0.8183, 0.326, 0.6456, 0.9239, 0.9239, 0.5554, 0.1681, 0.3873, 0.3534, 0.3534, 0.3752, 0.3752, 0.618, 0.1612, 0.6151, 0.6227, 0.2256, 0.4093, 0.2786, 0.2786, 0.4396, 0.4396]","[700.5648, 0.0, 313.0543, 783.1405, 0.0, 967.5422, 0.0, 227.6824, 554.182, 0.0, 190.2819, 0.0, 371.0892, 0.0, 670.1442, 1502.9897, 0.0, 437.7148, 1182.7322, 0.0, 130.7916, 0.0, 476.2292, 0.0]",success,
0.5,100,0.9,15,11,1.0516,"[9, 3, 0, 14, 0, 8, 0, 12, 0, 10, 0, 13, 0, 7, 0, 2, 5, 0, 6, 0, 11, 1, 0, 4, 0]","[0.1681, 0.3873, 0.8183, 0.8183, 0.4396, 0.4396, 0.6151, 0.6151, 0.618, 0.618, 0.4574, 0.4574, 0.2786, 0.2786, 0.9239, 0.2809, 0.6456, 0.3534, 0.3534, 0.6227, 0.2256, 0.4093, 0.3752, 0.3752]","[227.6824, 554.182, 0.0, 313.0543, 0.0, 476.2292, 0.0, 832.8455, 0.0, 670.1442, 0.0, 700.5648, 0.0, 130.7916, 0.0, 967.5422, 1437.6285, 0.0, 190.2819, 0.0, 437.7148, 1182.7322, 0.0, 371.0892, 0.0]",success,
0.5,100,1.0,15,11,1.0,"[1, 0, 8, 0, 14, 7, 0, 12, 0, 2, 0, 13, 0, 4, 0, 5, 6, 0, 11, 3, 0, 9, 0, 10, 0]","[0.4093, 0.4396, 0.4396, 0.8183, 0.5398, 0.2786, 0.6151, 0.6151, 0.9239, 0.9239, 0.4574, 0.4574, 0.3752, 0.3752, 0.6456, 0.2922, 0.3534, 0.6227, 0.2353, 0.3873, 0.5554, 0.5554, 0.618, 0.618]","[745.0174, 0.0, 476.2292, 0.0, 313.0543, 443.8459, 0.0, 832.8455, 0.0, 967.5422, 0.0, 700.5648, 0.0, 371.0892, 0.0, 470.0863, 660.3681, 0.0, 437.7148, 764.2143, 0.0, 227.6824, 0.0, 670.1442, 0.0]",success,
0.5,100,1.1,15,392,1.3947,"[3, 0, 3, 0, 3, 0, 3, 0, 3, 0, 3, 0, 4, 0, 4, 0, 3, 11, 3, 0, 6, 5, 6, 0, 8, 0, 4, 0, 7, 10, 7, 0, 7, 10, 7, 0, 7, 10, 7, 0, 8, 0, 8, 0, 7, 10, 7, 0, 7, 10, 7, 0, 7, 10, 7, 0, 7, 10, 7, 0, 7, 10, 7, 0, 7, 0, 7, 0, 7, 0, 7, 0, 6, 0, 6, 0, 6, 0, 6, 0, 6, 0, 6, 0, 6, 0, 6, 0, 6, 0, 6, 0, 6, 0, 6, 0, 6, 0, 6, 0, 6, 0, 6, 0, 6, 0, 6, 0, 6, 0, 6, 0, 6, 0, 6, 0, 6, 0, 6, 0, 6, 0, 3, 9, 3, 0, 3, 9, 3, 0, 3, 9, 3, 0, 3, 9, 3, 0, 3, 9, 3, 0, 3, 9, 3, 0, 3, 9, 3, 0, 3, 9, 3, 0, 3, 9, 3, 0, 3, 9, 3, 0, 3, 9, 3, 0, 3, 9, 3, 0, 3, 9, 3, 0, 3, 9, 3, 0, 3, 0, 3, 0, 4, 0, 3, 0, 3, 0, 4, 0, 4, 0, 3, 11, 3, 0, 3, 0, 3, 0, 3, 0, 4, 0, 4, 0, 3, 0, 4, 0, 3, 0, 3, 0, 3, 0, 3, 0, 3, 9, 3, 0, 7, 14, 7, 0, 7, 14, 7, 0, 7, 14, 7, 0, 8, 0, 8, 0, 7, 10, 7, 0, 7, 10, 7, 0, 7, 10, 7, 0, 3, 9, 3, 0, 3, 9, 3, 0, 3, 9, 3, 0, 3, 9, 3, 0, 3, 9, 3, 0, 3, 9, 3, 0, 3, 9, 3, 0, 3, 9, 3, 0, 3, 9, 3, 0, 3, 9, 3, 0, 3, 9, 3, 0, 3, 9, 3, 0, 3, 9, 3, 0, 7, 14, 7, 0, 7, 14, 7, 0, 7, 14, 7, 0, 7, 14, 7, 0, 7, 14, 7, 0, 7, 14, 7, 0, 7, 14, 7, 0, 7, 14, 7, 0, 7, 14, 7, 0, 7, 14, 7, 0, 7, 14, 7, 0, 7, 14, 7, 0, 8, 0, 8, 0, 8, 0, 8, 0, 7, 0, 7, 0, 7, 0, 7, 0, 3, 11, 3, 0, 3, 11, 3, 0, 3, 11, 3, 0, 3, 11, 3, 0, 3, 11, 3, 0, 3, 11, 3, 0, 3, 11, 3, 0, 3, 11, 3, 0, 6, 5, 6, 0, 6, 5, 6, 0, 6, 5, 6, 0, 6, 5, 6, 0, 8, 0, 8, 0, 8, 0, 8, 0, 8, 0, 8, 0, 8, 0, 8, 0, 8, 0, 8, 0, 8, 0, 8, 0, 8, 0, 8, 0, 7, 10, 7, 0, 7, 10, 7, 0, 7, 10, 7, 0, 7, 10, 7, 0, 7, 10, 7, 0, 7, 10, 7, 0, 7, 10, 7, 0, 7, 10, 7, 0, 7, 10, 7, 0, 7, 0, 7, 10, 7, 0, 7, 10, 7, 0, 13, 0, 13, 0, 7, 12, 7, 0, 6, 2, 6, 0, 6, 2, 6, 0, 6, 2, 6, 0, 6, 2, 6, 0, 6, 2, 6, 0, 6, 2, 6, 0, 6, 2, 6, 0, 6, 2, 6, 0, 6, 2, 6, 0, 7, 0, 7, 0, 7, 0, 7, 0, 6, 2, 6, 0, 6, 2, 6, 0, 6, 2, 6, 0, 7, 12, 7, 0, 7, 12, 7, 0, 7, 12, 7, 0, 6, 2, 6, 0, 7, 12, 7, 0, 7, 12, 7, 0, 6, 2, 6, 0, 6, 2, 6, 0, 7, 12, 7, 0, 6, 2, 6, 0, 6, 2, 6, 0, 7, 12, 7, 0, 6, 2, 6, 0, 6, 2, 6, 0, 6, 2, 6, 0, 7, 12, 7, 0, 6, 2, 6, 0, 6, 2, 6, 0, 7, 12, 7, 0, 7, 12, 7, 0, 6, 2, 6, 0, 6, 2, 6, 0, 7, 12, 7, 0, 7, 12, 7, 0, 6, 2, 6, 0, 7, 12, 7, 0, 6, 2, 6, 0, 7, 12, 7, 0, 7, 12, 7, 0, 7, 12, 7, 0, 7, 12, 7, 0, 7, 12, 7, 0, 7, 12, 7, 0, 7, 12, 7, 0, 7, 12, 7, 0, 7, 12, 7, 0, 7, 12, 7, 0, 7, 12, 7, 0, 7, 12, 7, 0, 7, 12, 7, 0, 7, 12, 7, 0, 1, 0, 1, 0, 1, 0, 1, 0, 1, 0, 1, 0, 1, 0, 1, 0, 1, 0, 1, 0, 1, 0, 1, 0, 1, 0, 1, 0, 1, 0, 1, 0, 1, 0, 1, 0, 1, 0, 1, 0, 1, 0, 1, 0, 1, 0, 1, 0, 1, 0, 1, 0, 1, 0, 1, 0, 13, 0, 13, 0, 13, 0, 13, 0, 7, 0, 13, 0, 13, 0, 13, 0, 13, 0, 13, 0, 13, 0, 13, 0, 13, 0, 13, 0, 13, 0, 13, 0, 13, 0, 13, 0, 13, 0, 13, 0, 13, 0, 13, 0, 13, 0, 13, 0, 13, 0, 7, 10, 7, 0, 7, 10, 7, 0, 7, 10, 7, 0, 7, 0, 4, 0, 7, 10, 7, 0, 6, 5, 6, 0, 6, 5, 6, 0, 6, 5, 6, 0, 6, 5, 6, 0, 6, 5, 6, 0, 6, 5, 6, 0, 7, 0, 7, 0, 7, 0, 7, 0, 6, 5, 6, 0, 6, 5, 6, 0, 6, 5, 6, 0, 6, 5, 6, 0, 6, 5, 6, 0, 7, 10, 7, 0, 7, 10, 7, 0, 6, 0, 7, 14, 7, 0, 7, 0, 7, 14, 7, 0, 6, 0, 6, 2, 6, 0, 13, 0, 6, 0, 6, 5, 6, 0, 6, 2, 6, 0, 13, 0, 6, 5, 6, 0, 6, 5, 6, 0, 6, 5, 6, 0, 6, 5, 6, 0, 6, 5, 6, 0, 7, 0, 7, 0, 7, 0, 7, 0, 7, 0, 7, 0, 7, 0, 7, 0, 7, 14, 7, 0, 4, 0, 4, 0, 4, 0, 4, 0, 4, 0, 4, 0, 4, 0, 4, 0, 4, 0, 4, 0, 4, 0, 4, 0, 4, 0, 4, 0, 4, 0, 3, 11, 3, 0, 3, 11, 3, 0, 3, 11, 3, 0, 3, 11, 3, 0, 3, 11, 3, 0, 3, 11, 3, 0, 3, 11, 3, 0, 3, 11, 3, 0, 3, 11, 3, 0, 3, 11, 3, 0, 3, 11, 3, 0, 3, 11, 3, 0, 3, 11, 3, 0, 3, 11, 3, 0, 3, 11, 3, 0, 3, 11, 3, 0, 3, 11, 3, 0, 6, 5, 6, 0, 6, 5, 6, 0, 6, 5, 6, 0, 6, 5, 6, 0, 6, 5, 6, 0, 6, 5, 6, 0, 8, 0, 8, 0, 8, 0, 8, 0, 8, 0, 7, 14, 7, 0, 7, 14, 7, 0, 7, 14, 7, 0, 7, 14, 7, 0, 7, 14, 7, 0, 7, 14, 7, 0, 7, 14, 7, 0, 7, 14, 7, 0, 7, 14, 7, 0, 7, 14, 7, 0, 3, 0, 3, 0, 3, 0, 4, 0, 3, 0, 4, 0, 4, 0, 3, 0, 3, 0, 3, 11, 3, 0, 3, 0, 3, 0, 3, 0, 3, 0]","[0.3873, 0.3873, 0.3873, 0.3873, 0.3873, 0.3873, 0.3873, 0.3873, 0.3873, 0.3873, 0.3873, 0.3752, 0.3752, 0.3752, 0.3752, 0.3873, 0.2353, 0.2353, 0.3873, 0.3534, 0.2922, 0.2922, 0.3534, 0.4396, 0.4396, 0.3752, 0.3752, 0.2786, 0.3394, 0.3394, 0.2786, 0.2786, 0.3394, 0.3394, 0.2786, 0.2786, 0.3394, 0.3394, 0.2786, 0.4396, 0.4396, 0.4396, 0.4396, 0.2786, 0.3394, 0.3394, 0.2786, 0.2786, 0.3394, 0.3394, 0.2786, 0.2786, 0.3394, 0.3394, 0.2786, 0.2786, 0.3394, 0.3394, 0.2786, 0.2786, 0.3394, 0.3394, 0.2786, 0.2786, 0.2786, 0.2786, 0.2786, 0.2786, 0.2786, 0.2786, 0.2786, 0.3534, 0.3534, 0.3534, 0.3534, 0.3534, 0.3534, 0.3534, 0.3534, 0.3534, 0.3534, 0.3534, 0.3534, 0.3534, 0.3534, 0.3534, 0.3534, 0.3534, 0.3534, 0.3534, 0.3534, 0.3534, 0.3534, 0.3534, 0.3534, 0.3534, 0.3534, 0.3534, 0.3534, 0.3534, 0.3534, 0.3534, 0.3534, 0.3534, 0.3534, 0.3534, 0.3534, 0.3534, 0.3534, 0.3534, 0.3534, 0.3534, 0.3534, 0.3534, 0.3534, 0.3534, 0.3534, 0.3534, 0.3534, 0.3534, 0.3534, 0.3873, 0.1681, 0.1681, 0.3873, 0.3873, 0.1681, 0.1681, 0.3873, 0.3873, 0.1681, 0.1681, 0.3873, 0.3873, 0.1681, 0.1681, 0.3873, 0.3873, 0.1681, 0.1681, 0.3873, 0.3873, 0.1681, 0.1681, 0.3873, 0.3873, 0.1681, 0.1681, 0.3873, 0.3873, 0.1681, 0.1681, 0.3873, 0.3873, 0.1681, 0.1681, 0.3873, 0.3873, 0.1681, 0.1681, 0.3873, 0.3873, 0.1681, 0.1681, 0.3873, 0.3873, 0.1681, 0.1681, 0.3873, 0.3873, 0.1681, 0.1681, 0.3873, 0.3873, 0.1681, 0.1681, 0.3873, 0.3873, 0.3873, 0.3873, 0.3873, 0.3752, 0.3752, 0.3873, 0.3873, 0.3873, 0.3873, 0.3752, 0.3752, 0.3752, 0.3752, 0.3873, 0.2353, 0.2353, 0.3873, 0.3873, 0.3873, 0.3873, 0.3873, 0.3873, 0.3873, 0.3752, 0.3752, 0.3752, 0.3752, 0.3873, 0.3873, 0.3752, 0.3752, 0.3873, 0.3873, 0.3873, 0.3873, 0.3873, 0.3873, 0.3873, 0.3873, 0.3873, 0.1681, 0.1681, 0.3873, 0.2786, 0.5398, 0.5398, 0.2786, 0.2786, 0.5398, 0.5398, 0.2786, 0.2786, 0.5398, 0.5398, 0.2786, 0.4396, 0.4396, 0.4396, 0.4396, 0.2786, 0.3394, 0.3394, 0.2786, 0.2786, 0.3394, 0.3394, 0.2786, 0.2786, 0.3394, 0.3394, 0.2786, 0.3873, 0.1681, 0.1681, 0.3873, 0.3873, 0.1681, 0.1681, 0.3873, 0.3873, 0.1681, 0.1681, 0.3873, 0.3873, 0.1681, 0.1681, 0.3873, 0.3873, 0.1681, 0.1681, 0.3873, 0.3873, 0.1681, 0.1681, 0.3873, 0.3873, 0.1681, 0.1681, 0.3873, 0.3873, 0.1681, 0.1681, 0.3873, 0.3873, 0.1681, 0.1681, 0.3873, 0.3873, 0.1681, 0.1681, 0.3873, 0.3873, 0.1681, 0.1681, 0.3873, 0.3873, 0.1681, 0.1681, 0.3873, 0.3873, 0.1681, 0.1681, 0.3873, 0.2786, 0.5398, 0.5398, 0.2786, 0.2786, 0.5398, 0.5398, 0.2786, 0.2786, 0.5398, 0.5398, 0.2786, 0.2786, 0.5398, 0.5398, 0.2786, 0.2786, 0.5398, 0.5398, 0.2786, 0.2786, 0.5398, 0.5398, 0.2786, 0.2786, 0.5398, 0.5398, 0.2786, 0.2786, 0.5398, 0.5398, 0.2786, 0.2786, 0.5398, 0.5398, 0.2786, 0.2786, 0.5398, 0.5398, 0.2786, 0.2786, 0.5398, 0.5398, 0.2786, 0.2786, 0.5398, 0.5398, 0.2786, 0.4396, 0.4396, 0.4396, 0.4396, 0.4396, 0.4396, 0.4396, 0.4396, 0.2786, 0.2786, 0.2786, 0.2786, 0.2786, 0.2786, 0.2786, 0.2786, 0.3873, 0.2353, 0.2353, 0.3873, 0.3873, 0.2353, 0.2353, 0.3873, 0.3873, 0.2353, 0.2353, 0.3873, 0.3873, 0.2353, 0.2353, 0.3873, 0.3873, 0.2353, 0.2353, 0.3873, 0.3873, 0.2353, 0.2353, 0.3873, 0.3873, 0.2353, 0.2353, 0.3873, 0.3873, 0.2353, 0.2353, 0.3873, 0.3534, 0.2922, 0.2922, 0.3534, 0.3534, 0.2922, 0.2922, 0.3534, 0.3534, 0.2922, 0.2922, 0.3534, 0.3534, 0.2922, 0.2922, 0.3534, 0.4396, 0.4396, 0.4396, 0.4396, 0.4396, 0.4396, 0.4396, 0.4396, 0.4396, 0.4396, 0.4396, 0.4396, 0.4396, 0.4396, 0.4396, 0.4396, 0.4396, 0.4396, 0.4396, 0.4396, 0.4396, 0.4396, 0.4396, 0.4396, 0.4396, 0.4396, 0.4396, 0.4396, 0.2786, 0.3394, 0.3394, 0.2786, 0.2786, 0.3394, 0.3394, 0.2786, 0.2786, 0.3394, 0.3394, 0.2786, 0.2786, 0.3394, 0.3394, 0.2786, 0.2786, 0.3394, 0.3394, 0.2786, 0.2786, 0.3394, 0.3394, 0.2786, 0.2786, 0.3394, 0.3394, 0.2786, 0.2786, 0.3394, 0.3394, 0.2786, 0.2786, 0.3394, 0.3394, 0.2786, 0.2786, 0.2786, 0.2786, 0.3394, 0.3394, 0.2786, 0.2786, 0.3394, 0.3394, 0.2786, 0.4574, 0.4574, 0.4574, 0.4574, 0.2786, 0.3366, 0.3366, 0.2786, 0.3534, 0.5705, 0.5705, 0.3534, 0.3534, 0.5705, 0.5705, 0.3534, 0.3534, 0.5705, 0.5705, 0.3534, 0.3534, 0.5705, 0.5705, 0.3534, 0.3534, 0.5705, 0.5705, 0.3534, 0.3534, 0.5705, 0.5705, 0.3534, 0.3534, 0.5705, 0.5705, 0.3534, 0.3534, 0.5705, 0.5705, 0.3534, 0.3534, 0.5705, 0.5705, 0.3534, 0.2786, 0.2786, 0.2786, 0.2786, 0.2786, 0.2786, 0.2786, 0.2786, 0.3534, 0.5705, 0.5705, 0.3534, 0.3534, 0.5705, 0.5705, 0.3534, 0.3534, 0.5705, 0.5705, 0.3534, 0.2786, 0.3366, 0.3366, 0.2786, 0.2786, 0.3366, 0.3366, 0.2786, 0.2786, 0.3366, 0.3366, 0.2786, 0.3534, 0.5705, 0.5705, 0.3534, 0.2786, 0.3366, 0.3366, 0.2786, 0.2786, 0.3366, 0.3366, 0.2786, 0.3534, 0.5705, 0.5705, 0.3534, 0.3534, 0.5705, 0.5705, 0.3534, 0.2786, 0.3366, 0.3366, 0.2786, 0.3534, 0.5705, 0.5705, 0.3534, 0.3534, 0.5705, 0.5705, 0.3534, 0.2786, 0.3366, 0.3366, 0.2786, 0.3534, 0.5705, 0.5705, 0.3534, 0.3534, 0.5705, 0.5705, 0.3534, 0.3534, 0.5705, 0.5705, 0.3534, 0.2786, 0.3366, 0.3366, 0.2786, 0.3534, 0.5705, 0.5705, 0.3534, 0.3534, 0.5705, 0.5705, 0.3534, 0.2786, 0.3366, 0.3366, 0.2786, 0.2786, 0.3366, 0.3366, 0.2786, 0.3534, 0.5705, 0.5705, 0.3534, 0.3534, 0.5705, 0.5705, 0.3534, 0.2786, 0.3366, 0.3366, 0.2786, 0.2786, 0.3366, 0.3366, 0.2786, 0.3534, 0.5705, 0.5705, 0.3534, 0.2786, 0.3366, 0.3366, 0.2786, 0.3534, 0.5705, 0.5705, 0.3534, 0.2786, 0.3366, 0.3366, 0.2786, 0.2786, 0.3366, 0.3366, 0.2786, 0.2786, 0.3366, 0.3366, 0.2786, 0.2786, 0.3366, 0.3366, 0.2786, 0.2786, 0.3366, 0.3366, 0.2786, 0.2786, 0.3366, 0.3366, 0.2786, 0.2786, 0.3366, 0.3366, 0.2786, 0.2786, 0.3366, 0.3366, 0.2786, 0.2786, 0.3366, 0.3366, 0.2786, 0.2786, 0.3366, 0.3366, 0.2786, 0.2786, 0.3366, 0.3366, 0.2786, 0.2786, 0.3366, 0.3366, 0.2786, 0.2786, 0.3366, 0.3366, 0.2786, 0.2786, 0.3366, 0.3366, 0.2786, 0.4093, 0.4093, 0.4093, 0.4093, 0.4093, 0.4093, 0.4093, 0.4093, 0.4093, 0.4093, 0.4093, 0.4093, 0.4093, 0.4093, 0.4093, 0.4093, 0.4093, 0.4093, 0.4093, 0.4093, 0.4093, 0.4093, 0.4093, 0.4093, 0.4093, 0.4093, 0.4093, 0.4093, 0.4093, 0.4093, 0.4093, 0.4093, 0.4093, 0.4093, 0.4093, 0.4093, 0.4093, 0.4093, 0.4093, 0.4093, 0.4093, 0.4093, 0.4093, 0.4093, 0.4093, 0.4093, 0.4093, 0.4093, 0.4093, 0.4093, 0.4093, 0.4093, 0.4093, 0.4093, 0.4093, 0.4093, 0.4574, 0.4574, 0.4574, 0.4574, 0.4574, 0.4574, 0.4574, 0.4574, 0.2786, 0.2786, 0.4574, 0.4574, 0.4574, 0.4574, 0.4574, 0.4574, 0.4574, 0.4574, 0.4574, 0.4574, 0.4574, 0.4574, 0.4574, 0.4574, 0.4574, 0.4574, 0.4574, 0.4574, 0.4574, 0.4574, 0.4574, 0.4574, 0.4574, 0.4574, 0.4574, 0.4574, 0.4574, 0.4574, 0.4574, 0.4574, 0.4574, 0.4574, 0.4574, 0.4574, 0.4574, 0.4574, 0.4574, 0.4574, 0.4574, 0.4574, 0.2786, 0.3394, 0.3394, 0.2786, 0.2786, 0.3394, 0.3394, 0.2786, 0.2786, 0.3394, 0.3394, 0.2786, 0.2786, 0.2786, 0.3752, 0.3752, 0.2786, 0.3394, 0.3394, 0.2786, 0.3534, 0.2922, 0.2922, 0.3534, 0.3534, 0.2922, 0.2922, 0.3534, 0.3534, 0.2922, 0.2922, 0.3534, 0.3534, 0.2922, 0.2922, 0.3534, 0.3534, 0.2922, 0.2922, 0.3534, 0.3534, 0.2922, 0.2922, 0.3534, 0.2786, 0.2786, 0.2786, 0.2786, 0.2786, 0.2786, 0.2786, 0.2786, 0.3534, 0.2922, 0.2922, 0.3534, 0.3534, 0.2922, 0.2922, 0.3534, 0.3534, 0.2922, 0.2922, 0.3534, 0.3534, 0.2922, 0.2922, 0.3534, 0.3534, 0.2922, 0.2922, 0.3534, 0.2786, 0.3394, 0.3394, 0.2786, 0.2786, 0.3394, 0.3394, 0.2786, 0.3534, 0.3534, 0.2786, 0.5398, 0.5398, 0.2786, 0.2786, 0.2786, 0.2786, 0.5398, 0.5398, 0.2786, 0.3534, 0.3534, 0.3534, 0.5705, 0.5705, 0.3534, 0.4574, 0.4574, 0.3534, 0.3534, 0.3534, 0.2922, 0.2922, 0.3534, 0.3534, 0.5705, 0.5705, 0.3534, 0.4574, 0.4574, 0.3534, 0.2922, 0.2922, 0.3534, 0.3534, 0.2922, 0.2922, 0.3534, 0.3534, 0.2922, 0.2922, 0.3534, 0.3534, 0.2922, 0.2922, 0.3534, 0.3534, 0.2922, 0.2922, 0.3534, 0.2786, 0.2786, 0.2786, 0.2786, 0.2786, 0.2786, 0.2786, 0.2786, 0.2786, 0.2786, 0.2786, 0.2786, 0.2786, 0.2786, 0.2786, 0.2786, 0.2786, 0.5398, 0.5398, 0.2786, 0.3752, 0.3752, 0.3752, 0.3752, 0.3752, 0.3752, 0.3752, 0.3752, 0.3752, 0.3752, 0.3752, 0.3752, 0.3752, 0.3752, 0.3752, 0.3752, 0.3752, 0.3752, 0.3752, 0.3752, 0.3752, 0.3752, 0.3752, 0.3752, 0.3752, 0.3752, 0.3752, 0.3752, 0.3752, 0.3752, 0.3873, 0.2353, 0.2353, 0.3873, 0.3873, 0.2353, 0.2353, 0.3873, 0.3873, 0.2353, 0.2353, 0.3873, 0.3873, 0.2353, 0.2353, 0.3873, 0.3873, 0.2353, 0.2353, 0.3873, 0.3873, 0.2353, 0.2353, 0.3873, 0.3873, 0.2353, 0.2353, 0.3873, 0.3873, 0.2353, 0.2353, 0.3873, 0.3873, 0.2353, 0.2353, 0.3873, 0.3873, 0.2353, 0.2353, 0.3873, 0.3873, 0.2353, 0.2353, 0.3873, 0.3873, 0.2353, 0.2353, 0.3873, 0.3873, 0.2353, 0.2353, 0.3873, 0.3873, 0.2353, 0.2353, 0.3873, 0.3873, 0.2353, 0.2353, 0.3873, 0.3873, 0.2353, 0.2353, 0.3873, 0.3873, 0.2353, 0.2353, 0.3873, 0.3534, 0.2922, 0.2922, 0.3534, 0.3534, 0.2922, 0.2922, 0.3534, 0.3534, 0.2922, 0.2922, 0.3534, 0.3534, 0.2922, 0.2922, 0.3534, 0.3534, 0.2922, 0.2922, 0.3534, 0.3534, 0.2922, 0.2922, 0.3534, 0.4396, 0.4396, 0.4396, 0.4396, 0.4396, 0.4396, 0.4396, 0.4396, 0.4396, 0.4396, 0.2786, 0.5398, 0.5398, 0.2786, 0.2786, 0.5398, 0.5398, 0.2786, 0.2786, 0.5398, 0.5398, 0.2786, 0.2786, 0.5398, 0.5398, 0.2786, 0.2786, 0.5398, 0.5398, 0.2786, 0.2786, 0.5398, 0.5398, 0.2786, 0.2786, 0.5398, 0.5398, 0.2786, 0.2786, 0.5398, 0.5398, 0.2786, 0.2786, 0.5398, 0.5398, 0.2786, 0.2786, 0.5398, 0.5398, 0.2786, 0.3873, 0.3873, 0.3873, 0.3873, 0.3873, 0.3873, 0.3752, 0.3752, 0.3873, 0.3873, 0.3752, 0.3752, 0.3752, 0.3752, 0.3873, 0.3873, 0.3873, 0.3873, 0.3873, 0.2353, 0.2353, 0.3873, 0.3873, 0.3873, 0.3873, 0.3873, 0.3873, 0.3873, 0.3873, 0.3873]","[11.6607, 0.0, 11.6607, 0.0, 11.6607, 0.0, 11.6607, 0.0, 11.6607, 0.0, 11.6607, 0.0, 13.2532, 0.0, 13.2532, 0.0, 0.0, 15.6327, 15.6327, 0.0, 0.0, 16.7888, 16.7888, 0.0, 17.0082, 0.0, 13.2532, 0.0, 0.0, 23.9337, 23.9337, 0.0, 0.0, 23.9337, 23.9337, 0.0, 0.0, 23.9337, 23.9337, 0.0, 17.0082, 0.0, 17.0082, 0.0, 0.0, 23.9337, 23.9337, 0.0, 0.0, 23.9337, 23.9337, 0.0, 0.0, 23.9337, 23.9337, 0.0, 0.0, 23.9337, 23.9337, 0.0, 0.0, 23.9337, 23.9337, 0.0, 4.6711, 0.0, 4.6711, 0.0, 4.6711, 0.0, 4.6711, 0.0, 6.7958, 0.0, 6.7958, 0.0, 6.7958, 0.0, 6.7958, 0.0, 6.7958, 0.0, 6.7958, 0.0, 6.7958, 0.0, 6.7958, 0.0, 6.7958, 0.0, 6.7958, 0.0, 6.7958, 0.0, 6.7958, 0.0, 6.7958, 0.0, 6.7958, 0.0, 6.7958, 0.0, 6.7958, 0.0, 6.7958, 0.0, 6.7958, 0.0, 6.7958, 0.0, 6.7958, 0.0, 6.7958, 0.0, 6.7958, 0.0, 6.7958, 0.0, 6.7958, 0.0, 6.7958, 0.0, 0.0, 8.1315, 8.1315, 0.0, 0.0, 8.1315, 8.1315, 0.0, 0.0, 8.1315, 8.1315, 0.0, 0.0, 8.1315, 8.1315, 0.0, 0.0, 8.1315, 8.1315, 0.0, 0.0, 8.1315, 8.1315, 0.0, 0.0, 8.1315, 8.1315, 0.0, 0.0, 8.1315, 8.1315, 0.0, 0.0, 8.1315, 8.1315, 0.0, 0.0, 8.1315, 8.1315, 0.0, 0.0, 8.1315, 8.1315, 0.0, 0.0, 8.1315, 8.1315, 0.0, 0.0, 8.1315, 8.1315, 0.0, 0.0, 8.1315, 8.1315, 0.0, 11.6607, 0.0, 11.6607, 0.0, 13.2532, 0.0, 11.6607, 0.0, 11.6607, 0.0, 13.2532, 0.0, 13.2532, 0.0, 0.0, 15.6327, 15.6327, 0.0, 11.6607, 0.0, 11.6607, 0.0, 11.6607, 0.0, 13.2532, 0.0, 13.2532, 0.0, 11.6607, 0.0, 13.2532, 0.0, 11.6607, 0.0, 11.6607, 0.0, 11.6607, 0.0, 11.6607, 0.0, 0.0, 8.1315, 8.1315, 0.0, 0.0, 11.1805, 11.1805, 0.0, 0.0, 11.1805, 11.1805, 0.0, 0.0, 11.1805, 11.1805, 0.0, 17.0082, 0.0, 17.0082, 0.0, 0.0, 23.9337, 23.9337, 0.0, 0.0, 23.9337, 23.9337, 0.0, 0.0, 23.9337, 23.9337, 0.0, 0.0, 8.1315, 8.1315, 0.0, 0.0, 8.1315, 8.1315, 0.0, 0.0, 8.1315, 8.1315, 0.0, 0.0, 8.1315, 8.1315, 0.0, 0.0, 8.1315, 8.1315, 0.0, 0.0, 8.1315, 8.1315, 0.0, 0.0, 8.1315, 8.1315, 0.0, 0.0, 8.1315, 8.1315, 0.0, 0.0, 8.1315, 8.1315, 0.0, 0.0, 8.1315, 8.1315, 0.0, 0.0, 8.1315, 8.1315, 0.0, 0.0, 8.1315, 8.1315, 0.0, 0.0, 8.1315, 8.1315, 0.0, 0.0, 11.1805, 11.1805, 0.0, 0.0, 11.1805, 11.1805, 0.0, 0.0, 11.1805, 11.1805, 0.0, 0.0, 11.1805, 11.1805, 0.0, 0.0, 11.1805, 11.1805, 0.0, 0.0, 11.1805, 11.1805, 0.0, 0.0, 11.1805, 11.1805, 0.0, 0.0, 11.1805, 11.1805, 0.0, 0.0, 11.1805, 11.1805, 0.0, 0.0, 11.1805, 11.1805, 0.0, 0.0, 11.1805, 11.1805, 0.0, 0.0, 11.1805, 11.1805, 0.0, 17.0082, 0.0, 17.0082, 0.0, 17.0082, 0.0, 17.0082, 0.0, 4.6711, 0.0, 4.6711, 0.0, 4.6711, 0.0, 4.6711, 0.0, 0.0, 15.6327, 15.6327, 0.0, 0.0, 15.6327, 15.6327, 0.0, 0.0, 15.6327, 15.6327, 0.0, 0.0, 15.6327, 15.6327, 0.0, 0.0, 15.6327, 15.6327, 0.0, 0.0, 15.6327, 15.6327, 0.0, 0.0, 15.6327, 15.6327, 0.0, 0.0, 15.6327, 15.6327, 0.0, 0.0, 16.7888, 16.7888, 0.0, 0.0, 16.7888, 16.7888, 0.0, 0.0, 16.7888, 16.7888, 0.0, 0.0, 16.7888, 16.7888, 0.0, 17.0082, 0.0, 17.0082, 0.0, 17.0082, 0.0, 17.0082, 0.0, 17.0082, 0.0, 17.0082, 0.0, 17.0082, 0.0, 17.0082, 0.0, 17.0082, 0.0, 17.0082, 0.0, 17.0082, 0.0, 17.0082, 0.0, 17.0082, 0.0, 17.0082, 0.0, 0.0, 23.9337, 23.9337, 0.0, 0.0, 23.9337, 23.9337, 0.0, 0.0, 23.9337, 23.9337, 0.0, 0.0, 23.9337, 23.9337, 0.0, 0.0, 23.9337, 23.9337, 0.0, 0.0, 23.9337, 23.9337, 0.0, 0.0, 23.9337, 23.9337, 0.0, 0.0, 23.9337, 23.9337, 0.0, 0.0, 23.9337, 23.9337, 0.0, 4.6711, 0.0, 0.0, 23.9337, 23.9337, 0.0, 0.0, 23.9337, 23.9337, 0.0, 25.0202, 0.0, 25.0202, 0.0, 0.0, 29.7445, 29.7445, 0.0, 0.0, 34.5551, 34.5551, 0.0, 0.0, 34.5551, 34.5551, 0.0, 0.0, 34.5551, 34.5551, 0.0, 0.0, 34.5551, 34.5551, 0.0, 0.0, 34.5551, 34.5551, 0.0, 0.0, 34.5551, 34.5551, 0.0, 0.0, 34.5551, 34.5551, 0.0, 0.0, 34.5551, 34.5551, 0.0, 0.0, 34.5551, 34.5551, 0.0, 4.6711, 0.0, 4.6711, 0.0, 4.6711, 0.0, 4.6711, 0.0, 0.0, 34.5551, 34.5551, 0.0, 0.0, 34.5551, 34.5551, 0.0, 0.0, 34.5551, 34.5551, 0.0, 0.0, 29.7445, 29.7445, 0.0, 0.0, 29.7445, 29.7445, 0.0, 0.0, 29.7445, 29.7445, 0.0, 0.0, 34.5551, 34.5551, 0.0, 0.0, 29.7445, 29.7445, 0.0, 0.0, 29.7445, 29.7445, 0.0, 0.0, 34.5551, 34.5551, 0.0, 0.0, 34.5551, 34.5551, 0.0, 0.0, 29.7445, 29.7445, 0.0, 0.0, 34.5551, 34.5551, 0.0, 0.0, 34.5551, 34.5551, 0.0, 0.0, 29.7445, 29.7445, 0.0, 0.0, 34.5551, 34.5551, 0.0, 0.0, 34.5551, 34.5551, 0.0, 0.0, 34.5551, 34.5551, 0.0, 0.0, 29.7445, 29.7445, 0.0, 0.0, 34.5551, 34.5551, 0.0, 0.0, 34.5551, 34.5551, 0.0, 0.0, 29.7445, 29.7445, 0.0, 0.0, 29.7445, 29.7445, 0.0, 0.0, 34.5551, 34.5551, 0.0, 0.0, 34.5551, 34.5551, 0.0, 0.0, 29.7445, 29.7445, 0.0, 0.0, 29.7445, 29.7445, 0.0, 0.0, 34.5551, 34.5551, 0.0, 0.0, 29.7445, 29.7445, 0.0, 0.0, 34.5551, 34.5551, 0.0, 0.0, 29.7445, 29.7445, 0.0, 0.0, 29.7445, 29.7445, 0.0, 0.0, 29.7445, 29.7445, 0.0, 0.0, 29.7445, 29.7445, 0.0, 0.0, 29.7445, 29.7445, 0.0, 0.0, 29.7445, 29.7445, 0.0, 0.0, 29.7445, 29.7445, 0.0, 0.0, 29.7445, 29.7445, 0.0, 0.0, 29.7445, 29.7445, 0.0, 0.0, 29.7445, 29.7445, 0.0, 0.0, 29.7445, 29.7445, 0.0, 0.0, 29.7445, 29.7445, 0.0, 0.0, 29.7445, 29.7445, 0.0, 0.0, 29.7445, 29.7445, 0.0, 26.6078, 0.0, 26.6078, 0.0, 26.6078, 0.0, 26.6078, 0.0, 26.6078, 0.0, 26.6078, 0.0, 26.6078, 0.0, 26.6078, 0.0, 26.6078, 0.0, 26.6078, 0.0, 26.6078, 0.0, 26.6078, 0.0, 26.6078, 0.0, 26.6078, 0.0, 26.6078, 0.0, 26.6078, 0.0, 26.6078, 0.0, 26.6078, 0.0, 26.6078, 0.0, 26.6078, 0.0, 26.6078, 0.0, 26.6078, 0.0, 26.6078, 0.0, 26.6078, 0.0, 26.6078, 0.0, 26.6078, 0.0, 26.6078, 0.0, 26.6078, 0.0, 25.0202, 0.0, 25.0202, 0.0, 25.0202, 0.0, 25.0202, 0.0, 4.6711, 0.0, 25.0202, 0.0, 25.0202, 0.0, 25.0202, 0.0, 25.0202, 0.0, 25.0202, 0.0, 25.0202, 0.0, 25.0202, 0.0, 25.0202, 0.0, 25.0202, 0.0, 25.0202, 0.0, 25.0202, 0.0, 25.0202, 0.0, 25.0202, 0.0, 25.0202, 0.0, 25.0202, 0.0, 25.0202, 0.0, 25.0202, 0.0, 25.0202, 0.0, 25.0202, 0.0, 25.0202, 0.0, 0.0, 23.9337, 23.9337, 0.0, 0.0, 23.9337, 23.9337, 0.0, 0.0, 23.9337, 23.9337, 0.0, 4.6711, 0.0, 13.2532, 0.0, 0.0, 23.9337, 23.9337, 0.0, 0.0, 16.7888, 16.7888, 0.0, 0.0, 16.7888, 16.7888, 0.0, 0.0, 16.7888, 16.7888, 0.0, 0.0, 16.7888, 16.7888, 0.0, 0.0, 16.7888, 16.7888, 0.0, 0.0, 16.7888, 16.7888, 0.0, 4.6711, 0.0, 4.6711, 0.0, 4.6711, 0.0, 4.6711, 0.0, 0.0, 16.7888, 16.7888, 0.0, 0.0, 16.7888, 16.7888, 0.0, 0.0, 16.7888, 16.7888, 0.0, 0.0, 16.7888, 16.7888, 0.0, 0.0, 16.7888, 16.7888, 0.0, 0.0, 23.9337, 23.9337, 0.0, 0.0, 23.9337, 23.9337, 0.0, 6.7958, 0.0, 0.0, 11.1805, 11.1805, 0.0, 4.6711, 0.0, 0.0, 11.1805, 11.1805, 0.0, 6.7958, 0.0, 0.0, 34.5551, 34.5551, 0.0, 25.0202, 0.0, 6.7958, 0.0, 0.0, 16.7888, 16.7888, 0.0, 0.0, 34.5551, 34.5551, 0.0, 25.0202, 0.0, 0.0, 16.7888, 16.7888, 0.0, 0.0, 16.7888, 16.7888, 0.0, 0.0, 16.7888, 16.7888, 0.0, 0.0, 16.7888, 16.7888, 0.0, 0.0, 16.7888, 16.7888, 0.0, 4.6711, 0.0, 4.6711, 0.0, 4.6711, 0.0, 4.6711, 0.0, 4.6711, 0.0, 4.6711, 0.0, 4.6711, 0.0, 4.6711, 0.0, 0.0, 11.1805, 11.1805, 0.0, 13.2532, 0.0, 13.2532, 0.0, 13.2532, 0.0, 13.2532, 0.0, 13.2532, 0.0, 13.2532, 0.0, 13.2532, 0.0, 13.2532, 0.0, 13.2532, 0.0, 13.2532, 0.0, 13.2532, 0.0, 13.2532, 0.0, 13.2532, 0.0, 13.2532, 0.0, 13.2532, 0.0, 0.0, 15.6327, 15.6327, 0.0, 0.0, 15.6327, 15.6327, 0.0, 0.0, 15.6327, 15.6327, 0.0, 0.0, 15.6327, 15.6327, 0.0, 0.0, 15.6327, 15.6327, 0.0, 0.0, 15.6327, 15.6327, 0.0, 0.0, 15.6327, 15.6327, 0.0, 0.0, 15.6327, 15.6327, 0.0, 0.0, 15.6327, 15.6327, 0.0, 0.0, 15.6327, 15.6327, 0.0, 0.0, 15.6327, 15.6327, 0.0, 0.0, 15.6327, 15.6327, 0.0, 0.0, 15.6327, 15.6327, 0.0, 0.0, 15.6327, 15.6327, 0.0, 0.0, 15.6327, 15.6327, 0.0, 0.0, 15.6327, 15.6327, 0.0, 0.0, 15.6327, 15.6327, 0.0, 0.0, 16.7888, 16.7888, 0.0, 0.0, 16.7888, 16.7888, 0.0, 0.0, 16.7888, 16.7888, 0.0, 0.0, 16.7888, 16.7888, 0.0, 0.0, 16.7888, 16.7888, 0.0, 0.0, 16.7888, 16.7888, 0.0, 17.0082, 0.0, 17.0082, 0.0, 17.0082, 0.0, 17.0082, 0.0, 17.0082, 0.0, 0.0, 11.1805, 11.1805, 0.0, 0.0, 11.1805, 11.1805, 0.0, 0.0, 11.1805, 11.1805, 0.0, 0.0, 11.1805, 11.1805, 0.0, 0.0, 11.1805, 11.1805, 0.0, 0.0, 11.1805, 11.1805, 0.0, 0.0, 11.1805, 11.1805, 0.0, 0.0, 11.1805, 11.1805, 0.0, 0.0, 11.1805, 11.1805, 0.0, 0.0, 11.1805, 11.1805, 0.0, 11.6607, 0.0, 11.6607, 0.0, 11.6607, 0.0, 13.2532, 0.0, 11.6607, 0.0, 13.2532, 0.0, 13.2532, 0.0, 11.6607, 0.0, 11.6607, 0.0, 0.0, 15.6327, 15.6327, 0.0, 11.6607, 0.0, 11.6607, 0.0, 11.6607, 0.0, 11.6607, 0.0]",success,
0.5,100,1.2,15,392,1.9468,"[3, 11, 3, 0, 3, 11, 3, 0, 4, 0, 4, 0, 4, 0, 4, 0, 4, 0, 4, 0, 4, 0, 4, 0, 4, 0, 4, 0, 4, 0, 3, 11, 3, 0, 13, 0, 3, 11, 3, 0, 4, 0, 7, 10, 7, 0, 3, 11, 3, 0, 13, 0, 13, 0, 8, 0, 8, 0, 3, 11, 3, 0, 4, 0, 7, 10, 7, 0, 4, 0, 13, 0, 13, 0, 4, 0, 3, 11, 3, 0, 4, 0, 7, 10, 7, 0, 6, 5, 6, 0, 8, 0, 4, 0, 4, 0, 6, 5, 6, 0, 3, 11, 3, 0, 13, 0, 3, 11, 3, 0, 3, 11, 3, 0, 8, 0, 8, 0, 3, 11, 3, 0, 13, 0, 13, 0, 3, 11, 3, 0, 6, 5, 6, 0, 13, 0, 8, 0, 13, 0, 6, 5, 6, 0, 8, 0, 7, 10, 7, 0, 6, 5, 6, 0, 7, 10, 7, 0, 8, 0, 6, 5, 6, 0, 6, 5, 6, 0, 7, 10, 7, 0, 6, 5, 6, 0, 6, 5, 6, 0, 3, 11, 3, 0, 8, 0, 8, 0, 6, 5, 6, 0, 6, 5, 6, 0, 8, 0, 13, 0, 8, 0, 6, 5, 6, 0, 13, 0, 13, 0, 8, 0, 1, 0, 6, 2, 6, 0, 6, 5, 6, 0, 6, 5, 6, 0, 6, 2, 6, 0, 3, 11, 3, 0, 3, 11, 3, 0, 3, 11, 3, 0, 3, 11, 3, 0, 7, 0, 4, 0, 4, 0, 4, 0, 7, 10, 7, 0, 7, 10, 7, 0, 7, 10, 7, 0, 7, 10, 7, 0, 7, 10, 7, 0, 7, 10, 7, 0, 7, 10, 7, 0, 7, 10, 7, 0, 7, 10, 7, 0, 7, 10, 7, 0, 7, 10, 7, 0, 7, 10, 7, 0, 7, 10, 7, 0, 7, 10, 7, 0, 4, 0, 4, 0, 4, 0, 4, 0, 4, 0, 4, 0, 7, 14, 7, 0, 7, 14, 7, 0, 7, 14, 7, 0, 7, 14, 7, 0, 7, 14, 7, 0, 7, 14, 7, 0, 7, 14, 7, 0, 7, 14, 7, 0, 7, 14, 7, 0, 7, 14, 7, 0, 7, 14, 7, 0, 7, 14, 7, 0, 7, 14, 7, 0, 7, 14, 7, 0, 7, 14, 7, 0, 7, 14, 7, 0, 7, 14, 7, 0, 7, 14, 7, 0, 7, 14, 7, 0, 7, 14, 7, 0, 7, 14, 7, 0, 7, 14, 7, 0, 3, 0, 3, 0, 3, 0, 3, 0, 3, 0, 3, 0, 3, 0, 3, 0, 3, 0, 3, 0, 3, 0, 3, 0, 3, 0, 3, 0, 3, 0, 3, 0, 3, 0, 3, 0, 3, 0, 3, 0, 3, 0, 3, 0, 3, 0, 3, 0, 3, 0, 7, 0, 7, 0, 7, 0, 7, 0, 7, 0, 7, 0, 7, 0, 7, 0, 7, 0, 7, 0, 7, 0, 6, 2, 6, 0, 6, 2, 6, 0, 6, 2, 6, 0, 6, 2, 6, 0, 6, 2, 6, 0, 6, 2, 6, 0, 3, 0, 3, 0, 3, 0, 4, 0, 7, 14, 7, 0, 7, 14, 7, 0, 7, 14, 7, 0, 7, 14, 7, 0, 7, 14, 7, 0, 7, 14, 7, 0, 3, 9, 3, 0, 3, 9, 3, 0, 3, 9, 3, 0, 3, 9, 3, 0, 3, 9, 3, 0, 3, 9, 3, 0, 3, 9, 3, 0, 3, 9, 3, 0, 3, 9, 3, 0, 13, 0, 6, 2, 6, 0, 7, 12, 7, 0, 1, 0, 8, 0, 1, 0, 13, 0, 3, 9, 3, 0, 6, 0, 6, 2, 6, 0, 7, 10, 7, 0, 13, 0, 1, 0, 6, 5, 6, 0, 8, 0, 7, 0, 1, 0, 6, 2, 6, 0, 1, 0, 7, 0, 3, 9, 3, 0, 3, 11, 3, 0, 6, 0, 1, 0, 6, 5, 6, 0, 1, 0, 6, 0, 8, 0, 7, 0, 6, 2, 6, 0, 6, 0, 6, 5, 6, 0, 7, 0, 3, 9, 3, 0, 7, 10, 7, 0, 6, 5, 6, 0, 7, 0, 8, 0, 7, 0, 7, 10, 7, 0, 7, 0, 13, 0, 6, 5, 6, 0, 6, 5, 6, 0, 3, 11, 3, 0, 1, 0, 6, 5, 6, 0, 1, 0, 8, 0, 7, 10, 7, 0, 13, 0, 7, 0, 6, 0, 7, 10, 7, 0, 6, 0, 3, 9, 3, 0, 6, 5, 6, 0, 6, 5, 6, 0, 6, 5, 6, 0, 7, 12, 7, 0, 1, 0, 6, 2, 6, 0, 6, 5, 6, 0, 6, 0, 6, 2, 6, 0, 7, 12, 7, 0, 6, 0, 3, 11, 3, 0, 1, 0, 8, 0, 3, 11, 3, 0, 13, 0, 8, 0, 3, 11, 3, 0, 3, 11, 3, 0, 7, 12, 7, 0, 6, 2, 6, 0, 8, 0, 13, 0, 6, 0, 3, 11, 3, 0, 7, 12, 7, 0, 7, 0, 6, 2, 6, 0, 8, 0, 8, 0, 6, 5, 6, 0, 7, 0, 3, 11, 3, 0, 7, 10, 7, 0, 7, 12, 7, 0, 7, 0, 3, 11, 3, 0, 3, 9, 3, 0, 6, 2, 6, 0, 7, 0, 13, 0, 1, 0, 6, 0, 7, 0, 13, 0, 8, 0, 7, 10, 7, 0, 6, 5, 6, 0, 8, 0, 13, 0, 6, 2, 6, 0, 1, 0, 13, 0, 13, 0, 13, 0, 1, 0, 1, 0, 1, 0, 1, 0, 1, 0, 1, 0, 1, 0, 1, 0, 1, 0, 1, 0, 1, 0, 1, 0, 1, 0, 1, 0, 7, 12, 7, 0, 7, 12, 7, 0, 7, 12, 7, 0, 7, 12, 7, 0, 7, 12, 7, 0, 7, 12, 7, 0, 7, 12, 7, 0, 7, 12, 7, 0, 7, 12, 7, 0, 7, 12, 7, 0, 7, 12, 7, 0, 7, 12, 7, 0, 7, 12, 7, 0, 7, 12, 7, 0, 7, 12, 7, 0, 7, 12, 7, 0, 7, 12, 7, 0, 7, 12, 7, 0, 7, 12, 7, 0, 6, 2, 6, 0, 6, 2, 6, 0, 6, 2, 6, 0, 6, 2, 6, 0, 6, 2, 6, 0, 6, 0, 6, 0, 6, 0, 6, 0, 6, 0, 6, 0, 6, 0, 6, 0, 6, 0, 6, 0, 6, 0, 6, 0, 6, 0, 6, 0, 6, 0, 6, 0, 3, 9, 3, 0, 6, 0, 6, 0, 3, 9, 3, 0, 3, 9, 3, 0, 7, 0, 3, 9, 3, 0, 3, 9, 3, 0, 3, 9, 3, 0, 3, 9, 3, 0, 6, 2, 6, 0, 7, 12, 7, 0, 7, 0, 6, 2, 6, 0, 7, 12, 7, 0, 3, 9, 3, 0, 6, 2, 6, 0, 3, 9, 3, 0, 3, 9, 3, 0, 7, 12, 7, 0, 3, 9, 3, 0, 6, 2, 6, 0, 3, 9, 3, 0, 3, 9, 3, 0, 3, 9, 3, 0, 7, 0, 6, 2, 6, 0, 13, 0, 13, 0, 6, 5, 6, 0, 7, 10, 7, 0, 3, 11, 3, 0, 8, 0, 8, 0, 8, 0, 3, 11, 3, 0]","[0.2353, 0.2353, 0.3873, 0.3873, 0.2353, 0.2353, 0.3873, 0.3752, 0.3752, 0.3752, 0.3752, 0.3752, 0.3752, 0.3752, 0.3752, 0.3752, 0.3752, 0.3752, 0.3752, 0.3752, 0.3752, 0.3752, 0.3752, 0.3752, 0.3752, 0.3752, 0.3752, 0.3752, 0.3752, 0.3873, 0.2353, 0.2353, 0.3873, 0.4574, 0.4574, 0.3873, 0.2353, 0.2353, 0.3873, 0.3752, 0.3752, 0.2786, 0.3394, 0.3394, 0.2786, 0.3873, 0.2353, 0.2353, 0.3873, 0.4574, 0.4574, 0.4574, 0.4574, 0.4396, 0.4396, 0.4396, 0.4396, 0.3873, 0.2353, 0.2353, 0.3873, 0.3752, 0.3752, 0.2786, 0.3394, 0.3394, 0.2786, 0.3752, 0.3752, 0.4574, 0.4574, 0.4574, 0.4574, 0.3752, 0.3752, 0.3873, 0.2353, 0.2353, 0.3873, 0.3752, 0.3752, 0.2786, 0.3394, 0.3394, 0.2786, 0.3534, 0.2922, 0.2922, 0.3534, 0.4396, 0.4396, 0.3752, 0.3752, 0.3752, 0.3752, 0.3534, 0.2922, 0.2922, 0.3534, 0.3873, 0.2353, 0.2353, 0.3873, 0.4574, 0.4574, 0.3873, 0.2353, 0.2353, 0.3873, 0.3873, 0.2353, 0.2353, 0.3873, 0.4396, 0.4396, 0.4396, 0.4396, 0.3873, 0.2353, 0.2353, 0.3873, 0.4574, 0.4574, 0.4574, 0.4574, 0.3873, 0.2353, 0.2353, 0.3873, 0.3534, 0.2922, 0.2922, 0.3534, 0.4574, 0.4574, 0.4396, 0.4396, 0.4574, 0.4574, 0.3534, 0.2922, 0.2922, 0.3534, 0.4396, 0.4396, 0.2786, 0.3394, 0.3394, 0.2786, 0.3534, 0.2922, 0.2922, 0.3534, 0.2786, 0.3394, 0.3394, 0.2786, 0.4396, 0.4396, 0.3534, 0.2922, 0.2922, 0.3534, 0.3534, 0.2922, 0.2922, 0.3534, 0.2786, 0.3394, 0.3394, 0.2786, 0.3534, 0.2922, 0.2922, 0.3534, 0.3534, 0.2922, 0.2922, 0.3534, 0.3873, 0.2353, 0.2353, 0.3873, 0.4396, 0.4396, 0.4396, 0.4396, 0.3534, 0.2922, 0.2922, 0.3534, 0.3534, 0.2922, 0.2922, 0.3534, 0.4396, 0.4396, 0.4574, 0.4574, 0.4396, 0.4396, 0.3534, 0.2922, 0.2922, 0.3534, 0.4574, 0.4574, 0.4574, 0.4574, 0.4396, 0.4396, 0.4093, 0.4093, 0.3534, 0.5705, 0.5705, 0.3534, 0.3534, 0.2922, 0.2922, 0.3534, 0.3534, 0.2922, 0.2922, 0.3534, 0.3534, 0.5705, 0.5705, 0.3534, 0.3873, 0.2353, 0.2353, 0.3873, 0.3873, 0.2353, 0.2353, 0.3873, 0.3873, 0.2353, 0.2353, 0.3873, 0.3873, 0.2353, 0.2353, 0.3873, 0.2786, 0.2786, 0.3752, 0.3752, 0.3752, 0.3752, 0.3752, 0.3752, 0.2786, 0.3394, 0.3394, 0.2786, 0.2786, 0.3394, 0.3394, 0.2786, 0.2786, 0.3394, 0.3394, 0.2786, 0.2786, 0.3394, 0.3394, 0.2786, 0.2786, 0.3394, 0.3394, 0.2786, 0.2786, 0.3394, 0.3394, 0.2786, 0.2786, 0.3394, 0.3394, 0.2786, 0.2786, 0.3394, 0.3394, 0.2786, 0.2786, 0.3394, 0.3394, 0.2786, 0.2786, 0.3394, 0.3394, 0.2786, 0.2786, 0.3394, 0.3394, 0.2786, 0.2786, 0.3394, 0.3394, 0.2786, 0.2786, 0.3394, 0.3394, 0.2786, 0.2786, 0.3394, 0.3394, 0.2786, 0.3752, 0.3752, 0.3752, 0.3752, 0.3752, 0.3752, 0.3752, 0.3752, 0.3752, 0.3752, 0.3752, 0.3752, 0.2786, 0.5398, 0.5398, 0.2786, 0.2786, 0.5398, 0.5398, 0.2786, 0.2786, 0.5398, 0.5398, 0.2786, 0.2786, 0.5398, 0.5398, 0.2786, 0.2786, 0.5398, 0.5398, 0.2786, 0.2786, 0.5398, 0.5398, 0.2786, 0.2786, 0.5398, 0.5398, 0.2786, 0.2786, 0.5398, 0.5398, 0.2786, 0.2786, 0.5398, 0.5398, 0.2786, 0.2786, 0.5398, 0.5398, 0.2786, 0.2786, 0.5398, 0.5398, 0.2786, 0.2786, 0.5398, 0.5398, 0.2786, 0.2786, 0.5398, 0.5398, 0.2786, 0.2786, 0.5398, 0.5398, 0.2786, 0.2786, 0.5398, 0.5398, 0.2786, 0.2786, 0.5398, 0.5398, 0.2786, 0.2786, 0.5398, 0.5398, 0.2786, 0.2786, 0.5398, 0.5398, 0.2786, 0.2786, 0.5398, 0.5398, 0.2786, 0.2786, 0.5398, 0.5398, 0.2786, 0.2786, 0.5398, 0.5398, 0.2786, 0.2786, 0.5398, 0.5398, 0.2786, 0.3873, 0.3873, 0.3873, 0.3873, 0.3873, 0.3873, 0.3873, 0.3873, 0.3873, 0.3873, 0.3873, 0.3873, 0.3873, 0.3873, 0.3873, 0.3873, 0.3873, 0.3873, 0.3873, 0.3873, 0.3873, 0.3873, 0.3873, 0.3873, 0.3873, 0.3873, 0.3873, 0.3873, 0.3873, 0.3873, 0.3873, 0.3873, 0.3873, 0.3873, 0.3873, 0.3873, 0.3873, 0.3873, 0.3873, 0.3873, 0.3873, 0.3873, 0.3873, 0.3873, 0.3873, 0.3873, 0.3873, 0.3873, 0.3873, 0.3873, 0.2786, 0.2786, 0.2786, 0.2786, 0.2786, 0.2786, 0.2786, 0.2786, 0.2786, 0.2786, 0.2786, 0.2786, 0.2786, 0.2786, 0.2786, 0.2786, 0.2786, 0.2786, 0.2786, 0.2786, 0.2786, 0.2786, 0.3534, 0.5705, 0.5705, 0.3534, 0.3534, 0.5705, 0.5705, 0.3534, 0.3534, 0.5705, 0.5705, 0.3534, 0.3534, 0.5705, 0.5705, 0.3534, 0.3534, 0.5705, 0.5705, 0.3534, 0.3534, 0.5705, 0.5705, 0.3534, 0.3873, 0.3873, 0.3873, 0.3873, 0.3873, 0.3873, 0.3752, 0.3752, 0.2786, 0.5398, 0.5398, 0.2786, 0.2786, 0.5398, 0.5398, 0.2786, 0.2786, 0.5398, 0.5398, 0.2786, 0.2786, 0.5398, 0.5398, 0.2786, 0.2786, 0.5398, 0.5398, 0.2786, 0.2786, 0.5398, 0.5398, 0.2786, 0.3873, 0.1681, 0.1681, 0.3873, 0.3873, 0.1681, 0.1681, 0.3873, 0.3873, 0.1681, 0.1681, 0.3873, 0.3873, 0.1681, 0.1681, 0.3873, 0.3873, 0.1681, 0.1681, 0.3873, 0.3873, 0.1681, 0.1681, 0.3873, 0.3873, 0.1681, 0.1681, 0.3873, 0.3873, 0.1681, 0.1681, 0.3873, 0.3873, 0.1681, 0.1681, 0.3873, 0.4574, 0.4574, 0.3534, 0.5705, 0.5705, 0.3534, 0.2786, 0.3366, 0.3366, 0.2786, 0.4093, 0.4093, 0.4396, 0.4396, 0.4093, 0.4093, 0.4574, 0.4574, 0.3873, 0.1681, 0.1681, 0.3873, 0.3534, 0.3534, 0.3534, 0.5705, 0.5705, 0.3534, 0.2786, 0.3394, 0.3394, 0.2786, 0.4574, 0.4574, 0.4093, 0.4093, 0.3534, 0.2922, 0.2922, 0.3534, 0.4396, 0.4396, 0.2786, 0.2786, 0.4093, 0.4093, 0.3534, 0.5705, 0.5705, 0.3534, 0.4093, 0.4093, 0.2786, 0.2786, 0.3873, 0.1681, 0.1681, 0.3873, 0.3873, 0.2353, 0.2353, 0.3873, 0.3534, 0.3534, 0.4093, 0.4093, 0.3534, 0.2922, 0.2922, 0.3534, 0.4093, 0.4093, 0.3534, 0.3534, 0.4396, 0.4396, 0.2786, 0.2786, 0.3534, 0.5705, 0.5705, 0.3534, 0.3534, 0.3534, 0.3534, 0.2922, 0.2922, 0.3534, 0.2786, 0.2786, 0.3873, 0.1681, 0.1681, 0.3873, 0.2786, 0.3394, 0.3394, 0.2786, 0.3534, 0.2922, 0.2922, 0.3534, 0.2786, 0.2786, 0.4396, 0.4396, 0.2786, 0.2786, 0.2786, 0.3394, 0.3394, 0.2786, 0.2786, 0.2786, 0.4574, 0.4574, 0.3534, 0.2922, 0.2922, 0.3534, 0.3534, 0.2922, 0.2922, 0.3534, 0.3873, 0.2353, 0.2353, 0.3873, 0.4093, 0.4093, 0.3534, 0.2922, 0.2922, 0.3534, 0.4093, 0.4093, 0.4396, 0.4396, 0.2786, 0.3394, 0.3394, 0.2786, 0.4574, 0.4574, 0.2786, 0.2786, 0.3534, 0.3534, 0.2786, 0.3394, 0.3394, 0.2786, 0.3534, 0.3534, 0.3873, 0.1681, 0.1681, 0.3873, 0.3534, 0.2922, 0.2922, 0.3534, 0.3534, 0.2922, 0.2922, 0.3534, 0.3534, 0.2922, 0.2922, 0.3534, 0.2786, 0.3366, 0.3366, 0.2786, 0.4093, 0.4093, 0.3534, 0.5705, 0.5705, 0.3534, 0.3534, 0.2922, 0.2922, 0.3534, 0.3534, 0.3534, 0.3534, 0.5705, 0.5705, 0.3534, 0.2786, 0.3366, 0.3366, 0.2786, 0.3534, 0.3534, 0.3873, 0.2353, 0.2353, 0.3873, 0.4093, 0.4093, 0.4396, 0.4396, 0.3873, 0.2353, 0.2353, 0.3873, 0.4574, 0.4574, 0.4396, 0.4396, 0.3873, 0.2353, 0.2353, 0.3873, 0.3873, 0.2353, 0.2353, 0.3873, 0.2786, 0.3366, 0.3366, 0.2786, 0.3534, 0.5705, 0.5705, 0.3534, 0.4396, 0.4396, 0.4574, 0.4574, 0.3534, 0.3534, 0.3873, 0.2353, 0.2353, 0.3873, 0.2786, 0.3366, 0.3366, 0.2786, 0.2786, 0.2786, 0.3534, 0.5705, 0.5705, 0.3534, 0.4396, 0.4396, 0.4396, 0.4396, 0.3534, 0.2922, 0.2922, 0.3534, 0.2786, 0.2786, 0.3873, 0.2353, 0.2353, 0.3873, 0.2786, 0.3394, 0.3394, 0.2786, 0.2786, 0.3366, 0.3366, 0.2786, 0.2786, 0.2786, 0.3873, 0.2353, 0.2353, 0.3873, 0.3873, 0.1681, 0.1681, 0.3873, 0.3534, 0.5705, 0.5705, 0.3534, 0.2786, 0.2786, 0.4574, 0.4574, 0.4093, 0.4093, 0.3534, 0.3534, 0.2786, 0.2786, 0.4574, 0.4574, 0.4396, 0.4396, 0.2786, 0.3394, 0.3394, 0.2786, 0.3534, 0.2922, 0.2922, 0.3534, 0.4396, 0.4396, 0.4574, 0.4574, 0.3534, 0.5705, 0.5705, 0.3534, 0.4093, 0.4093, 0.4574, 0.4574, 0.4574, 0.4574, 0.4574, 0.4574, 0.4093, 0.4093, 0.4093, 0.4093, 0.4093, 0.4093, 0.4093, 0.4093, 0.4093, 0.4093, 0.4093, 0.4093, 0.4093, 0.4093, 0.4093, 0.4093, 0.4093, 0.4093, 0.4093, 0.4093, 0.4093, 0.4093, 0.4093, 0.4093, 0.4093, 0.4093, 0.4093, 0.4093, 0.2786, 0.3366, 0.3366, 0.2786, 0.2786, 0.3366, 0.3366, 0.2786, 0.2786, 0.3366, 0.3366, 0.2786, 0.2786, 0.3366, 0.3366, 0.2786, 0.2786, 0.3366, 0.3366, 0.2786, 0.2786, 0.3366, 0.3366, 0.2786, 0.2786, 0.3366, 0.3366, 0.2786, 0.2786, 0.3366, 0.3366, 0.2786, 0.2786, 0.3366, 0.3366, 0.2786, 0.2786, 0.3366, 0.3366, 0.2786, 0.2786, 0.3366, 0.3366, 0.2786, 0.2786, 0.3366, 0.3366, 0.2786, 0.2786, 0.3366, 0.3366, 0.2786, 0.2786, 0.3366, 0.3366, 0.2786, 0.2786, 0.3366, 0.3366, 0.2786, 0.2786, 0.3366, 0.3366, 0.2786, 0.2786, 0.3366, 0.3366, 0.2786, 0.2786, 0.3366, 0.3366, 0.2786, 0.2786, 0.3366, 0.3366, 0.2786, 0.3534, 0.5705, 0.5705, 0.3534, 0.3534, 0.5705, 0.5705, 0.3534, 0.3534, 0.5705, 0.5705, 0.3534, 0.3534, 0.5705, 0.5705, 0.3534, 0.3534, 0.5705, 0.5705, 0.3534, 0.3534, 0.3534, 0.3534, 0.3534, 0.3534, 0.3534, 0.3534, 0.3534, 0.3534, 0.3534, 0.3534, 0.3534, 0.3534, 0.3534, 0.3534, 0.3534, 0.3534, 0.3534, 0.3534, 0.3534, 0.3534, 0.3534, 0.3534, 0.3534, 0.3534, 0.3534, 0.3534, 0.3534, 0.3534, 0.3534, 0.3534, 0.3534, 0.3873, 0.1681, 0.1681, 0.3873, 0.3534, 0.3534, 0.3534, 0.3534, 0.3873, 0.1681, 0.1681, 0.3873, 0.3873, 0.1681, 0.1681, 0.3873, 0.2786, 0.2786, 0.3873, 0.1681, 0.1681, 0.3873, 0.3873, 0.1681, 0.1681, 0.3873, 0.3873, 0.1681, 0.1681, 0.3873, 0.3873, 0.1681, 0.1681, 0.3873, 0.3534, 0.5705, 0.5705, 0.3534, 0.2786, 0.3366, 0.3366, 0.2786, 0.2786, 0.2786, 0.3534, 0.5705, 0.5705, 0.3534, 0.2786, 0.3366, 0.3366, 0.2786, 0.3873, 0.1681, 0.1681, 0.3873, 0.3534, 0.5705, 0.5705, 0.3534, 0.3873, 0.1681, 0.1681, 0.3873, 0.3873, 0.1681, 0.1681, 0.3873, 0.2786, 0.3366, 0.3366, 0.2786, 0.3873, 0.1681, 0.1681, 0.3873, 0.3534, 0.5705, 0.5705, 0.3534, 0.3873, 0.1681, 0.1681, 0.3873, 0.3873, 0.1681, 0.1681, 0.3873, 0.3873, 0.1681, 0.1681, 0.3873, 0.2786, 0.2786, 0.3534, 0.5705, 0.5705, 0.3534, 0.4574, 0.4574, 0.4574, 0.4574, 0.3534, 0.2922, 0.2922, 0.3534, 0.2786, 0.3394, 0.3394, 0.2786, 0.3873, 0.2353, 0.2353, 0.3873, 0.4396, 0.4396, 0.4396, 0.4396, 0.4396, 0.4396, 0.3873, 0.2353, 0.2353, 0.3873]","[0.0, 15.6327, 15.6327, 0.0, 0.0, 15.6327, 15.6327, 0.0, 13.2532, 0.0, 13.2532, 0.0, 13.2532, 0.0, 13.2532, 0.0, 13.2532, 0.0, 13.2532, 0.0, 13.2532, 0.0, 13.2532, 0.0, 13.2532, 0.0, 13.2532, 0.0, 13.2532, 0.0, 0.0, 15.6327, 15.6327, 0.0, 25.0202, 0.0, 0.0, 15.6327, 15.6327, 0.0, 13.2532, 0.0, 0.0, 23.9337, 23.9337, 0.0, 0.0, 15.6327, 15.6327, 0.0, 25.0202, 0.0, 25.0202, 0.0, 17.0082, 0.0, 17.0082, 0.0, 0.0, 15.6327, 15.6327, 0.0, 13.2532, 0.0, 0.0, 23.9337, 23.9337, 0.0, 13.2532, 0.0, 25.0202, 0.0, 25.0202, 0.0, 13.2532, 0.0, 0.0, 15.6327, 15.6327, 0.0, 13.2532, 0.0, 0.0, 23.9337, 23.9337, 0.0, 0.0, 16.7888, 16.7888, 0.0, 17.0082, 0.0, 13.2532, 0.0, 13.2532, 0.0, 0.0, 16.7888, 16.7888, 0.0, 0.0, 15.6327, 15.6327, 0.0, 25.0202, 0.0, 0.0, 15.6327, 15.6327, 0.0, 0.0, 15.6327, 15.6327, 0.0, 17.0082, 0.0, 17.0082, 0.0, 0.0, 15.6327, 15.6327, 0.0, 25.0202, 0.0, 25.0202, 0.0, 0.0, 15.6327, 15.6327, 0.0, 0.0, 16.7888, 16.7888, 0.0, 25.0202, 0.0, 17.0082, 0.0, 25.0202, 0.0, 0.0, 16.7888, 16.7888, 0.0, 17.0082, 0.0, 0.0, 23.9337, 23.9337, 0.0, 0.0, 16.7888, 16.7888, 0.0, 0.0, 23.9337, 23.9337, 0.0, 17.0082, 0.0, 0.0, 16.7888, 16.7888, 0.0, 0.0, 16.7888, 16.7888, 0.0, 0.0, 23.9337, 23.9337, 0.0, 0.0, 16.7888, 16.7888, 0.0, 0.0, 16.7888, 16.7888, 0.0, 0.0, 15.6327, 15.6327, 0.0, 17.0082, 0.0, 17.0082, 0.0, 0.0, 16.7888, 16.7888, 0.0, 0.0, 16.7888, 16.7888, 0.0, 17.0082, 0.0, 25.0202, 0.0, 17.0082, 0.0, 0.0, 16.7888, 16.7888, 0.0, 25.0202, 0.0, 25.0202, 0.0, 17.0082, 0.0, 26.6078, 0.0, 0.0, 34.5551, 34.5551, 0.0, 0.0, 16.7888, 16.7888, 0.0, 0.0, 16.7888, 16.7888, 0.0, 0.0, 34.5551, 34.5551, 0.0, 0.0, 15.6327, 15.6327, 0.0, 0.0, 15.6327, 15.6327, 0.0, 0.0, 15.6327, 15.6327, 0.0, 0.0, 15.6327, 15.6327, 0.0, 4.6711, 0.0, 13.2532, 0.0, 13.2532, 0.0, 13.2532, 0.0, 0.0, 23.9337, 23.9337, 0.0, 0.0, 23.9337, 23.9337, 0.0, 0.0, 23.9337, 23.9337, 0.0, 0.0, 23.9337, 23.9337, 0.0, 0.0, 23.9337, 23.9337, 0.0, 0.0, 23.9337, 23.9337, 0.0, 0.0, 23.9337, 23.9337, 0.0, 0.0, 23.9337, 23.9337, 0.0, 0.0, 23.9337, 23.9337, 0.0, 0.0, 23.9337, 23.9337, 0.0, 0.0, 23.9337, 23.9337, 0.0, 0.0, 23.9337, 23.9337, 0.0, 0.0, 23.9337, 23.9337, 0.0, 0.0, 23.9337, 23.9337, 0.0, 13.2532, 0.0, 13.2532, 0.0, 13.2532, 0.0, 13.2532, 0.0, 13.2532, 0.0, 13.2532, 0.0, 0.0, 11.1805, 11.1805, 0.0, 0.0, 11.1805, 11.1805, 0.0, 0.0, 11.1805, 11.1805, 0.0, 0.0, 11.1805, 11.1805, 0.0, 0.0, 11.1805, 11.1805, 0.0, 0.0, 11.1805, 11.1805, 0.0, 0.0, 11.1805, 11.1805, 0.0, 0.0, 11.1805, 11.1805, 0.0, 0.0, 11.1805, 11.1805, 0.0, 0.0, 11.1805, 11.1805, 0.0, 0.0, 11.1805, 11.1805, 0.0, 0.0, 11.1805, 11.1805, 0.0, 0.0, 11.1805, 11.1805, 0.0, 0.0, 11.1805, 11.1805, 0.0, 0.0, 11.1805, 11.1805, 0.0, 0.0, 11.1805, 11.1805, 0.0, 0.0, 11.1805, 11.1805, 0.0, 0.0, 11.1805, 11.1805, 0.0, 0.0, 11.1805, 11.1805, 0.0, 0.0, 11.1805, 11.1805, 0.0, 0.0, 11.1805, 11.1805, 0.0, 0.0, 11.1805, 11.1805, 0.0, 11.6607, 0.0, 11.6607, 0.0, 11.6607, 0.0, 11.6607, 0.0, 11.6607, 0.0, 11.6607, 0.0, 11.6607, 0.0, 11.6607, 0.0, 11.6607, 0.0, 11.6607, 0.0, 11.6607, 0.0, 11.6607, 0.0, 11.6607, 0.0, 11.6607, 0.0, 11.6607, 0.0, 11.6607, 0.0, 11.6607, 0.0, 11.6607, 0.0, 11.6607, 0.0, 11.6607, 0.0, 11.6607, 0.0, 11.6607, 0.0, 11.6607, 0.0, 11.6607, 0.0, 11.6607, 0.0, 4.6711, 0.0, 4.6711, 0.0, 4.6711, 0.0, 4.6711, 0.0, 4.6711, 0.0, 4.6711, 0.0, 4.6711, 0.0, 4.6711, 0.0, 4.6711, 0.0, 4.6711, 0.0, 4.6711, 0.0, 0.0, 34.5551, 34.5551, 0.0, 0.0, 34.5551, 34.5551, 0.0, 0.0, 34.5551, 34.5551, 0.0, 0.0, 34.5551, 34.5551, 0.0, 0.0, 34.5551, 34.5551, 0.0, 0.0, 34.5551, 34.5551, 0.0, 11.6607, 0.0, 11.6607, 0.0, 11.6607, 0.0, 13.2532, 0.0, 0.0, 11.1805, 11.1805, 0.0, 0.0, 11.1805, 11.1805, 0.0, 0.0, 11.1805, 11.1805, 0.0, 0.0, 11.1805, 11.1805, 0.0, 0.0, 11.1805, 11.1805, 0.0, 0.0, 11.1805, 11.1805, 0.0, 0.0, 8.1315, 8.1315, 0.0, 0.0, 8.1315, 8.1315, 0.0, 0.0, 8.1315, 8.1315, 0.0, 0.0, 8.1315, 8.1315, 0.0, 0.0, 8.1315, 8.1315, 0.0, 0.0, 8.1315, 8.1315, 0.0, 0.0, 8.1315, 8.1315, 0.0, 0.0, 8.1315, 8.1315, 0.0, 0.0, 8.1315, 8.1315, 0.0, 25.0202, 0.0, 0.0, 34.5551, 34.5551, 0.0, 0.0, 29.7445, 29.7445, 0.0, 26.6078, 0.0, 17.0082, 0.0, 26.6078, 0.0, 25.0202, 0.0, 0.0, 8.1315, 8.1315, 0.0, 6.7958, 0.0, 0.0, 34.5551, 34.5551, 0.0, 0.0, 23.9337, 23.9337, 0.0, 25.0202, 0.0, 26.6078, 0.0, 0.0, 16.7888, 16.7888, 0.0, 17.0082, 0.0, 4.6711, 0.0, 26.6078, 0.0, 0.0, 34.5551, 34.5551, 0.0, 26.6078, 0.0, 4.6711, 0.0, 0.0, 8.1315, 8.1315, 0.0, 0.0, 15.6327, 15.6327, 0.0, 6.7958, 0.0, 26.6078, 0.0, 0.0, 16.7888, 16.7888, 0.0, 26.6078, 0.0, 6.7958, 0.0, 17.0082, 0.0, 4.6711, 0.0, 0.0, 34.5551, 34.5551, 0.0, 6.7958, 0.0, 0.0, 16.7888, 16.7888, 0.0, 4.6711, 0.0, 0.0, 8.1315, 8.1315, 0.0, 0.0, 23.9337, 23.9337, 0.0, 0.0, 16.7888, 16.7888, 0.0, 4.6711, 0.0, 17.0082, 0.0, 4.6711, 0.0, 0.0, 23.9337, 23.9337, 0.0, 4.6711, 0.0, 25.0202, 0.0, 0.0, 16.7888, 16.7888, 0.0, 0.0, 16.7888, 16.7888, 0.0, 0.0, 15.6327, 15.6327, 0.0, 26.6078, 0.0, 0.0, 16.7888, 16.7888, 0.0, 26.6078, 0.0, 17.0082, 0.0, 0.0, 23.9337, 23.9337, 0.0, 25.0202, 0.0, 4.6711, 0.0, 6.7958, 0.0, 0.0, 23.9337, 23.9337, 0.0, 6.7958, 0.0, 0.0, 8.1315, 8.1315, 0.0, 0.0, 16.7888, 16.7888, 0.0, 0.0, 16.7888, 16.7888, 0.0, 0.0, 16.7888, 16.7888, 0.0, 0.0, 29.7445, 29.7445, 0.0, 26.6078, 0.0, 0.0, 34.5551, 34.5551, 0.0, 0.0, 16.7888, 16.7888, 0.0, 6.7958, 0.0, 0.0, 34.5551, 34.5551, 0.0, 0.0, 29.7445, 29.7445, 0.0, 6.7958, 0.0, 0.0, 15.6327, 15.6327, 0.0, 26.6078, 0.0, 17.0082, 0.0, 0.0, 15.6327, 15.6327, 0.0, 25.0202, 0.0, 17.0082, 0.0, 0.0, 15.6327, 15.6327, 0.0, 0.0, 15.6327, 15.6327, 0.0, 0.0, 29.7445, 29.7445, 0.0, 0.0, 34.5551, 34.5551, 0.0, 17.0082, 0.0, 25.0202, 0.0, 6.7958, 0.0, 0.0, 15.6327, 15.6327, 0.0, 0.0, 29.7445, 29.7445, 0.0, 4.6711, 0.0, 0.0, 34.5551, 34.5551, 0.0, 17.0082, 0.0, 17.0082, 0.0, 0.0, 16.7888, 16.7888, 0.0, 4.6711, 0.0, 0.0, 15.6327, 15.6327, 0.0, 0.0, 23.9337, 23.9337, 0.0, 0.0, 29.7445, 29.7445, 0.0, 4.6711, 0.0, 0.0, 15.6327, 15.6327, 0.0, 0.0, 8.1315, 8.1315, 0.0, 0.0, 34.5551, 34.5551, 0.0, 4.6711, 0.0, 25.0202, 0.0, 26.6078, 0.0, 6.7958, 0.0, 4.6711, 0.0, 25.0202, 0.0, 17.0082, 0.0, 0.0, 23.9337, 23.9337, 0.0, 0.0, 16.7888, 16.7888, 0.0, 17.0082, 0.0, 25.0202, 0.0, 0.0, 34.5551, 34.5551, 0.0, 26.6078, 0.0, 25.0202, 0.0, 25.0202, 0.0, 25.0202, 0.0, 26.6078, 0.0, 26.6078, 0.0, 26.6078, 0.0, 26.6078, 0.0, 26.6078, 0.0, 26.6078, 0.0, 26.6078, 0.0, 26.6078, 0.0, 26.6078, 0.0, 26.6078, 0.0, 26.6078, 0.0, 26.6078, 0.0, 26.6078, 0.0, 26.6078, 0.0, 0.0, 29.7445, 29.7445, 0.0, 0.0, 29.7445, 29.7445, 0.0, 0.0, 29.7445, 29.7445, 0.0, 0.0, 29.7445, 29.7445, 0.0, 0.0, 29.7445, 29.7445, 0.0, 0.0, 29.7445, 29.7445, 0.0, 0.0, 29.7445, 29.7445, 0.0, 0.0, 29.7445, 29.7445, 0.0, 0.0, 29.7445, 29.7445, 0.0, 0.0, 29.7445, 29.7445, 0.0, 0.0, 29.7445, 29.7445, 0.0, 0.0, 29.7445, 29.7445, 0.0, 0.0, 29.7445, 29.7445, 0.0, 0.0, 29.7445, 29.7445, 0.0, 0.0, 29.7445, 29.7445, 0.0, 0.0, 29.7445, 29.7445, 0.0, 0.0, 29.7445, 29.7445, 0.0, 0.0, 29.7445, 29.7445, 0.0, 0.0, 29.7445, 29.7445, 0.0, 0.0, 34.5551, 34.5551, 0.0, 0.0, 34.5551, 34.5551, 0.0, 0.0, 34.5551, 34.5551, 0.0, 0.0, 34.5551, 34.5551, 0.0, 0.0, 34.5551, 34.5551, 0.0, 6.7958, 0.0, 6.7958, 0.0, 6.7958, 0.0, 6.7958, 0.0, 6.7958, 0.0, 6.7958, 0.0, 6.7958, 0.0, 6.7958, 0.0, 6.7958, 0.0, 6.7958, 0.0, 6.7958, 0.0, 6.7958, 0.0, 6.7958, 0.0, 6.7958, 0.0, 6.7958, 0.0, 6.7958, 0.0, 0.0, 8.1315, 8.1315, 0.0, 6.7958, 0.0, 6.7958, 0.0, 0.0, 8.1315, 8.1315, 0.0, 0.0, 8.1315, 8.1315, 0.0, 4.6711, 0.0, 0.0, 8.1315, 8.1315, 0.0, 0.0, 8.1315, 8.1315, 0.0, 0.0, 8.1315, 8.1315, 0.0, 0.0, 8.1315, 8.1315, 0.0, 0.0, 34.5551, 34.5551, 0.0, 0.0, 29.7445, 29.7445, 0.0, 4.6711, 0.0, 0.0, 34.5551, 34.5551, 0.0, 0.0, 29.7445, 29.7445, 0.0, 0.0, 8.1315, 8.1315, 0.0, 0.0, 34.5551, 34.5551, 0.0, 0.0, 8.1315, 8.1315, 0.0, 0.0, 8.1315, 8.1315, 0.0, 0.0, 29.7445, 29.7445, 0.0, 0.0, 8.1315, 8.1315, 0.0, 0.0, 34.5551, 34.5551, 0.0, 0.0, 8.1315, 8.1315, 0.0, 0.0, 8.1315, 8.1315, 0.0, 0.0, 8.1315, 8.1315, 0.0, 4.6711, 0.0, 0.0, 34.5551, 34.5551, 0.0, 25.0202, 0.0, 25.0202, 0.0, 0.0, 16.7888, 16.7888, 0.0, 0.0, 23.9337, 23.9337, 0.0, 0.0, 15.6327, 15.6327, 0.0, 17.0082, 0.0, 17.0082, 0.0, 17.0082, 0.0, 0.0, 15.6327, 15.6327, 0.0]",success,
0.5,100,1.3,15,392,2.717,"[8, 0, 8, 0, 8, 0, 8, 0, 8, 0, 8, 0, 8, 0, 8, 0, 8, 0, 8, 0, 8, 0, 7, 10, 7, 0, 3, 9, 3, 0, 3, 9, 3, 0, 3, 9, 3, 0, 3, 9, 3, 0, 3, 9, 3, 0, 3, 9, 3, 0, 3, 9, 3, 0, 3, 9, 3, 0, 3, 0, 3, 0, 3, 0, 3, 0, 3, 0, 8, 0, 8, 0, 8, 0, 8, 0, 8, 0, 8, 0, 7, 10, 7, 0, 7, 10, 7, 0, 7, 10, 7, 0, 7, 10, 7, 0, 7, 10, 7, 0, 7, 10, 7, 0, 7, 10, 7, 0, 7, 10, 7, 0, 7, 10, 7, 0, 7, 10, 7, 0, 7, 10, 7, 0, 7, 10, 7, 0, 7, 10, 7, 0, 7, 10, 7, 0, 7, 10, 7, 0, 7, 10, 7, 0, 7, 10, 7, 0, 7, 10, 7, 0, 7, 10, 7, 0, 7, 10, 7, 0, 7, 10, 7, 0, 3, 0, 3, 0, 1, 0, 3, 0, 3, 9, 3, 0, 3, 9, 3, 0, 6, 0, 7, 10, 7, 0, 1, 0, 1, 0, 3, 9, 3, 0, 1, 0, 3, 0, 3, 9, 3, 0, 3, 9, 3, 0, 6, 0, 3, 9, 3, 0, 7, 10, 7, 0, 3, 0, 6, 0, 6, 0, 7, 10, 7, 0, 1, 0, 3, 0, 6, 0, 6, 0, 7, 10, 7, 0, 3, 0, 1, 0, 3, 9, 3, 0, 1, 0, 7, 10, 7, 0, 1, 0, 3, 9, 3, 0, 3, 0, 1, 0, 1, 0, 1, 0, 3, 0, 1, 0, 3, 9, 3, 0, 7, 10, 7, 0, 3, 9, 3, 0, 1, 0, 3, 9, 3, 0, 3, 9, 3, 0, 1, 0, 1, 0, 3, 9, 3, 0, 3, 9, 3, 0, 3, 9, 3, 0, 1, 0, 3, 9, 3, 0, 1, 0, 3, 9, 3, 0, 3, 0, 3, 9, 3, 0, 3, 9, 3, 0, 3, 9, 3, 0, 1, 0, 1, 0, 1, 0, 1, 0, 1, 0, 1, 0, 1, 0, 1, 0, 1, 0, 1, 0, 3, 11, 3, 0, 3, 11, 3, 0, 3, 11, 3, 0, 3, 11, 3, 0, 3, 11, 3, 0, 3, 11, 3, 0, 3, 11, 3, 0, 3, 11, 3, 0, 3, 11, 3, 0, 3, 11, 3, 0, 3, 11, 3, 0, 3, 11, 3, 0, 3, 11, 3, 0, 3, 11, 3, 0, 3, 11, 3, 0, 3, 11, 3, 0, 3, 11, 3, 0, 3, 11, 3, 0, 3, 11, 3, 0, 3, 11, 3, 0, 3, 11, 3, 0, 3, 11, 3, 0, 3, 11, 3, 0, 3, 11, 3, 0, 3, 11, 3, 0, 6, 5, 6, 0, 6, 5, 6, 0, 6, 5, 6, 0, 6, 5, 6, 0, 6, 5, 6, 0, 6, 5, 6, 0, 6, 5, 6, 0, 6, 5, 6, 0, 6, 5, 6, 0, 6, 5, 6, 0, 6, 5, 6, 0, 6, 5, 6, 0, 6, 5, 6, 0, 6, 5, 6, 0, 6, 5, 6, 0, 6, 5, 6, 0, 6, 5, 6, 0, 6, 5, 6, 0, 1, 0, 3, 11, 3, 0, 3, 11, 3, 0, 13, 0, 13, 0, 13, 0, 8, 0, 3, 11, 3, 0, 13, 0, 6, 5, 6, 0, 6, 5, 6, 0, 6, 5, 6, 0, 6, 5, 6, 0, 6, 5, 6, 0, 6, 5, 6, 0, 6, 5, 6, 0, 6, 5, 6, 0, 6, 5, 6, 0, 6, 5, 6, 0, 6, 2, 6, 0, 6, 2, 6, 0, 7, 14, 7, 0, 7, 14, 7, 0, 7, 14, 7, 0, 7, 14, 7, 0, 7, 14, 7, 0, 7, 14, 7, 0, 7, 14, 7, 0, 6, 2, 6, 0, 6, 2, 6, 0, 6, 2, 6, 0, 6, 2, 6, 0, 6, 2, 6, 0, 6, 2, 6, 0, 6, 2, 6, 0, 6, 2, 6, 0, 6, 2, 6, 0, 6, 2, 6, 0, 6, 2, 6, 0, 6, 2, 6, 0, 6, 2, 6, 0, 6, 2, 6, 0, 6, 2, 6, 0, 6, 2, 6, 0, 6, 2, 6, 0, 6, 2, 6, 0, 6, 2, 6, 0, 6, 2, 6, 0, 6, 2, 6, 0, 6, 2, 6, 0, 6, 2, 6, 0, 6, 2, 6, 0, 6, 2, 6, 0, 6, 2, 6, 0, 7, 14, 7, 0, 7, 14, 7, 0, 7, 14, 7, 0, 7, 14, 7, 0, 7, 14, 7, 0, 7, 14, 7, 0, 7, 14, 7, 0, 7, 14, 7, 0, 7, 14, 7, 0, 7, 14, 7, 0, 7, 14, 7, 0, 7, 14, 7, 0, 7, 14, 7, 0, 7, 14, 7, 0, 7, 14, 7, 0, 7, 14, 7, 0, 7, 14, 7, 0, 7, 14, 7, 0, 7, 14, 7, 0, 7, 14, 7, 0, 3, 0, 3, 0, 3, 0, 3, 0, 3, 0, 3, 0, 3, 0, 3, 0, 3, 0, 3, 0, 3, 0, 3, 0, 3, 0, 6, 0, 6, 0, 6, 0, 6, 0, 6, 0, 6, 0, 6, 0, 6, 0, 6, 0, 6, 0, 6, 0, 6, 0, 6, 0, 6, 0, 6, 0, 6, 0, 6, 0, 6, 0, 6, 0, 6, 0, 6, 0, 6, 0, 7, 14, 7, 0, 13, 0, 13, 0, 13, 0, 13, 0, 13, 0, 13, 0, 13, 0, 13, 0, 13, 0, 13, 0, 13, 0, 13, 0, 13, 0, 13, 0, 13, 0, 13, 0, 13, 0, 13, 0, 13, 0, 13, 0, 13, 0, 13, 0, 13, 0, 13, 0, 7, 12, 7, 0, 7, 12, 7, 0, 7, 12, 7, 0, 7, 12, 7, 0, 7, 12, 7, 0, 7, 12, 7, 0, 7, 12, 7, 0, 7, 12, 7, 0, 7, 12, 7, 0, 7, 12, 7, 0, 7, 12, 7, 0, 7, 12, 7, 0, 7, 12, 7, 0, 7, 12, 7, 0, 7, 12, 7, 0, 7, 12, 7, 0, 7, 12, 7, 0, 7, 12, 7, 0, 7, 12, 7, 0, 7, 12, 7, 0, 7, 12, 7, 0, 7, 12, 7, 0, 7, 12, 7, 0, 7, 12, 7, 0, 7, 12, 7, 0, 7, 12, 7, 0, 7, 12, 7, 0, 7, 12, 7, 0, 4, 0, 4, 0, 4, 0, 4, 0, 4, 0, 4, 0, 4, 0, 4, 0, 4, 0, 4, 0, 4, 0, 4, 0, 4, 0, 4, 0, 4, 0, 4, 0, 4, 0, 4, 0, 4, 0, 4, 0, 4, 0, 4, 0, 4, 0, 4, 0, 4, 0, 4, 0, 4, 0, 4, 0, 7, 0, 7, 0, 7, 0, 7, 0, 7, 0, 7, 0, 7, 0, 7, 0, 7, 0, 7, 0, 7, 0, 7, 0, 7, 0, 7, 0, 7, 0, 7, 0, 7, 0, 8, 0, 8, 0, 7, 0, 7, 0, 7, 0, 7, 0, 7, 0, 7, 0, 7, 0, 7, 0, 7, 0, 7, 0, 7, 0, 8, 0, 8, 0, 8, 0, 8, 0, 8, 0, 8, 0, 8, 0, 8, 0]","[0.4396, 0.4396, 0.4396, 0.4396, 0.4396, 0.4396, 0.4396, 0.4396, 0.4396, 0.4396, 0.4396, 0.4396, 0.4396, 0.4396, 0.4396, 0.4396, 0.4396, 0.4396, 0.4396, 0.4396, 0.4396, 0.2786, 0.3394, 0.3394, 0.2786, 0.3873, 0.1681, 0.1681, 0.3873, 0.3873, 0.1681, 0.1681, 0.3873, 0.3873, 0.1681, 0.1681, 0.3873, 0.3873, 0.1681, 0.1681, 0.3873, 0.3873, 0.1681, 0.1681, 0.3873, 0.3873, 0.1681, 0.1681, 0.3873, 0.3873, 0.1681, 0.1681, 0.3873, 0.3873, 0.1681, 0.1681, 0.3873, 0.3873, 0.3873, 0.3873, 0.3873, 0.3873, 0.3873, 0.3873, 0.3873, 0.3873, 0.3873, 0.4396, 0.4396, 0.4396, 0.4396, 0.4396, 0.4396, 0.4396, 0.4396, 0.4396, 0.4396, 0.4396, 0.4396, 0.2786, 0.3394, 0.3394, 0.2786, 0.2786, 0.3394, 0.3394, 0.2786, 0.2786, 0.3394, 0.3394, 0.2786, 0.2786, 0.3394, 0.3394, 0.2786, 0.2786, 0.3394, 0.3394, 0.2786, 0.2786, 0.3394, 0.3394, 0.2786, 0.2786, 0.3394, 0.3394, 0.2786, 0.2786, 0.3394, 0.3394, 0.2786, 0.2786, 0.3394, 0.3394, 0.2786, 0.2786, 0.3394, 0.3394, 0.2786, 0.2786, 0.3394, 0.3394, 0.2786, 0.2786, 0.3394, 0.3394, 0.2786, 0.2786, 0.3394, 0.3394, 0.2786, 0.2786, 0.3394, 0.3394, 0.2786, 0.2786, 0.3394, 0.3394, 0.2786, 0.2786, 0.3394, 0.3394, 0.2786, 0.2786, 0.3394, 0.3394, 0.2786, 0.2786, 0.3394, 0.3394, 0.2786, 0.2786, 0.3394, 0.3394, 0.2786, 0.2786, 0.3394, 0.3394, 0.2786, 0.2786, 0.3394, 0.3394, 0.2786, 0.3873, 0.3873, 0.3873, 0.3873, 0.4093, 0.4093, 0.3873, 0.3873, 0.3873, 0.1681, 0.1681, 0.3873, 0.3873, 0.1681, 0.1681, 0.3873, 0.3534, 0.3534, 0.2786, 0.3394, 0.3394, 0.2786, 0.4093, 0.4093, 0.4093, 0.4093, 0.3873, 0.1681, 0.1681, 0.3873, 0.4093, 0.4093, 0.3873, 0.3873, 0.3873, 0.1681, 0.1681, 0.3873, 0.3873, 0.1681, 0.1681, 0.3873, 0.3534, 0.3534, 0.3873, 0.1681, 0.1681, 0.3873, 0.2786, 0.3394, 0.3394, 0.2786, 0.3873, 0.3873, 0.3534, 0.3534, 0.3534, 0.3534, 0.2786, 0.3394, 0.3394, 0.2786, 0.4093, 0.4093, 0.3873, 0.3873, 0.3534, 0.3534, 0.3534, 0.3534, 0.2786, 0.3394, 0.3394, 0.2786, 0.3873, 0.3873, 0.4093, 0.4093, 0.3873, 0.1681, 0.1681, 0.3873, 0.4093, 0.4093, 0.2786, 0.3394, 0.3394, 0.2786, 0.4093, 0.4093, 0.3873, 0.1681, 0.1681, 0.3873, 0.3873, 0.3873, 0.4093, 0.4093, 0.4093, 0.4093, 0.4093, 0.4093, 0.3873, 0.3873, 0.4093, 0.4093, 0.3873, 0.1681, 0.1681, 0.3873, 0.2786, 0.3394, 0.3394, 0.2786, 0.3873, 0.1681, 0.1681, 0.3873, 0.4093, 0.4093, 0.3873, 0.1681, 0.1681, 0.3873, 0.3873, 0.1681, 0.1681, 0.3873, 0.4093, 0.4093, 0.4093, 0.4093, 0.3873, 0.1681, 0.1681, 0.3873, 0.3873, 0.1681, 0.1681, 0.3873, 0.3873, 0.1681, 0.1681, 0.3873, 0.4093, 0.4093, 0.3873, 0.1681, 0.1681, 0.3873, 0.4093, 0.4093, 0.3873, 0.1681, 0.1681, 0.3873, 0.3873, 0.3873, 0.3873, 0.1681, 0.1681, 0.3873, 0.3873, 0.1681, 0.1681, 0.3873, 0.3873, 0.1681, 0.1681, 0.3873, 0.4093, 0.4093, 0.4093, 0.4093, 0.4093, 0.4093, 0.4093, 0.4093, 0.4093, 0.4093, 0.4093, 0.4093, 0.4093, 0.4093, 0.4093, 0.4093, 0.4093, 0.4093, 0.4093, 0.4093, 0.3873, 0.2353, 0.2353, 0.3873, 0.3873, 0.2353, 0.2353, 0.3873, 0.3873, 0.2353, 0.2353, 0.3873, 0.3873, 0.2353, 0.2353, 0.3873, 0.3873, 0.2353, 0.2353, 0.3873, 0.3873, 0.2353, 0.2353, 0.3873, 0.3873, 0.2353, 0.2353, 0.3873, 0.3873, 0.2353, 0.2353, 0.3873, 0.3873, 0.2353, 0.2353, 0.3873, 0.3873, 0.2353, 0.2353, 0.3873, 0.3873, 0.2353, 0.2353, 0.3873, 0.3873, 0.2353, 0.2353, 0.3873, 0.3873, 0.2353, 0.2353, 0.3873, 0.3873, 0.2353, 0.2353, 0.3873, 0.3873, 0.2353, 0.2353, 0.3873, 0.3873, 0.2353, 0.2353, 0.3873, 0.3873, 0.2353, 0.2353, 0.3873, 0.3873, 0.2353, 0.2353, 0.3873, 0.3873, 0.2353, 0.2353, 0.3873, 0.3873, 0.2353, 0.2353, 0.3873, 0.3873, 0.2353, 0.2353, 0.3873, 0.3873, 0.2353, 0.2353, 0.3873, 0.3873, 0.2353, 0.2353, 0.3873, 0.3873, 0.2353, 0.2353, 0.3873, 0.3873, 0.2353, 0.2353, 0.3873, 0.3534, 0.2922, 0.2922, 0.3534, 0.3534, 0.2922, 0.2922, 0.3534, 0.3534, 0.2922, 0.2922, 0.3534, 0.3534, 0.2922, 0.2922, 0.3534, 0.3534, 0.2922, 0.2922, 0.3534, 0.3534, 0.2922, 0.2922, 0.3534, 0.3534, 0.2922, 0.2922, 0.3534, 0.3534, 0.2922, 0.2922, 0.3534, 0.3534, 0.2922, 0.2922, 0.3534, 0.3534, 0.2922, 0.2922, 0.3534, 0.3534, 0.2922, 0.2922, 0.3534, 0.3534, 0.2922, 0.2922, 0.3534, 0.3534, 0.2922, 0.2922, 0.3534, 0.3534, 0.2922, 0.2922, 0.3534, 0.3534, 0.2922, 0.2922, 0.3534, 0.3534, 0.2922, 0.2922, 0.3534, 0.3534, 0.2922, 0.2922, 0.3534, 0.3534, 0.2922, 0.2922, 0.3534, 0.4093, 0.4093, 0.3873, 0.2353, 0.2353, 0.3873, 0.3873, 0.2353, 0.2353, 0.3873, 0.4574, 0.4574, 0.4574, 0.4574, 0.4574, 0.4574, 0.4396, 0.4396, 0.3873, 0.2353, 0.2353, 0.3873, 0.4574, 0.4574, 0.3534, 0.2922, 0.2922, 0.3534, 0.3534, 0.2922, 0.2922, 0.3534, 0.3534, 0.2922, 0.2922, 0.3534, 0.3534, 0.2922, 0.2922, 0.3534, 0.3534, 0.2922, 0.2922, 0.3534, 0.3534, 0.2922, 0.2922, 0.3534, 0.3534, 0.2922, 0.2922, 0.3534, 0.3534, 0.2922, 0.2922, 0.3534, 0.3534, 0.2922, 0.2922, 0.3534, 0.3534, 0.2922, 0.2922, 0.3534, 0.3534, 0.5705, 0.5705, 0.3534, 0.3534, 0.5705, 0.5705, 0.3534, 0.2786, 0.5398, 0.5398, 0.2786, 0.2786, 0.5398, 0.5398, 0.2786, 0.2786, 0.5398, 0.5398, 0.2786, 0.2786, 0.5398, 0.5398, 0.2786, 0.2786, 0.5398, 0.5398, 0.2786, 0.2786, 0.5398, 0.5398, 0.2786, 0.2786, 0.5398, 0.5398, 0.2786, 0.3534, 0.5705, 0.5705, 0.3534, 0.3534, 0.5705, 0.5705, 0.3534, 0.3534, 0.5705, 0.5705, 0.3534, 0.3534, 0.5705, 0.5705, 0.3534, 0.3534, 0.5705, 0.5705, 0.3534, 0.3534, 0.5705, 0.5705, 0.3534, 0.3534, 0.5705, 0.5705, 0.3534, 0.3534, 0.5705, 0.5705, 0.3534, 0.3534, 0.5705, 0.5705, 0.3534, 0.3534, 0.5705, 0.5705, 0.3534, 0.3534, 0.5705, 0.5705, 0.3534, 0.3534, 0.5705, 0.5705, 0.3534, 0.3534, 0.5705, 0.5705, 0.3534, 0.3534, 0.5705, 0.5705, 0.3534, 0.3534, 0.5705, 0.5705, 0.3534, 0.3534, 0.5705, 0.5705, 0.3534, 0.3534, 0.5705, 0.5705, 0.3534, 0.3534, 0.5705, 0.5705, 0.3534, 0.3534, 0.5705, 0.5705, 0.3534, 0.3534, 0.5705, 0.5705, 0.3534, 0.3534, 0.5705, 0.5705, 0.3534, 0.3534, 0.5705, 0.5705, 0.3534, 0.3534, 0.5705, 0.5705, 0.3534, 0.3534, 0.5705, 0.5705, 0.3534, 0.3534, 0.5705, 0.5705, 0.3534, 0.3534, 0.5705, 0.5705, 0.3534, 0.2786, 0.5398, 0.5398, 0.2786, 0.2786, 0.5398, 0.5398, 0.2786, 0.2786, 0.5398, 0.5398, 0.2786, 0.2786, 0.5398, 0.5398, 0.2786, 0.2786, 0.5398, 0.5398, 0.2786, 0.2786, 0.5398, 0.5398, 0.2786, 0.2786, 0.5398, 0.5398, 0.2786, 0.2786, 0.5398, 0.5398, 0.2786, 0.2786, 0.5398, 0.5398, 0.2786, 0.2786, 0.5398, 0.5398, 0.2786, 0.2786, 0.5398, 0.5398, 0.2786, 0.2786, 0.5398, 0.5398, 0.2786, 0.2786, 0.5398, 0.5398, 0.2786, 0.2786, 0.5398, 0.5398, 0.2786, 0.2786, 0.5398, 0.5398, 0.2786, 0.2786, 0.5398, 0.5398, 0.2786, 0.2786, 0.5398, 0.5398, 0.2786, 0.2786, 0.5398, 0.5398, 0.2786, 0.2786, 0.5398, 0.5398, 0.2786, 0.2786, 0.5398, 0.5398, 0.2786, 0.3873, 0.3873, 0.3873, 0.3873, 0.3873, 0.3873, 0.3873, 0.3873, 0.3873, 0.3873, 0.3873, 0.3873, 0.3873, 0.3873, 0.3873, 0.3873, 0.3873, 0.3873, 0.3873, 0.3873, 0.3873, 0.3873, 0.3873, 0.3873, 0.3873, 0.3873, 0.3534, 0.3534, 0.3534, 0.3534, 0.3534, 0.3534, 0.3534, 0.3534, 0.3534, 0.3534, 0.3534, 0.3534, 0.3534, 0.3534, 0.3534, 0.3534, 0.3534, 0.3534, 0.3534, 0.3534, 0.3534, 0.3534, 0.3534, 0.3534, 0.3534, 0.3534, 0.3534, 0.3534, 0.3534, 0.3534, 0.3534, 0.3534, 0.3534, 0.3534, 0.3534, 0.3534, 0.3534, 0.3534, 0.3534, 0.3534, 0.3534, 0.3534, 0.3534, 0.3534, 0.2786, 0.5398, 0.5398, 0.2786, 0.4574, 0.4574, 0.4574, 0.4574, 0.4574, 0.4574, 0.4574, 0.4574, 0.4574, 0.4574, 0.4574, 0.4574, 0.4574, 0.4574, 0.4574, 0.4574, 0.4574, 0.4574, 0.4574, 0.4574, 0.4574, 0.4574, 0.4574, 0.4574, 0.4574, 0.4574, 0.4574, 0.4574, 0.4574, 0.4574, 0.4574, 0.4574, 0.4574, 0.4574, 0.4574, 0.4574, 0.4574, 0.4574, 0.4574, 0.4574, 0.4574, 0.4574, 0.4574, 0.4574, 0.4574, 0.4574, 0.4574, 0.4574, 0.2786, 0.3366, 0.3366, 0.2786, 0.2786, 0.3366, 0.3366, 0.2786, 0.2786, 0.3366, 0.3366, 0.2786, 0.2786, 0.3366, 0.3366, 0.2786, 0.2786, 0.3366, 0.3366, 0.2786, 0.2786, 0.3366, 0.3366, 0.2786, 0.2786, 0.3366, 0.3366, 0.2786, 0.2786, 0.3366, 0.3366, 0.2786, 0.2786, 0.3366, 0.3366, 0.2786, 0.2786, 0.3366, 0.3366, 0.2786, 0.2786, 0.3366, 0.3366, 0.2786, 0.2786, 0.3366, 0.3366, 0.2786, 0.2786, 0.3366, 0.3366, 0.2786, 0.2786, 0.3366, 0.3366, 0.2786, 0.2786, 0.3366, 0.3366, 0.2786, 0.2786, 0.3366, 0.3366, 0.2786, 0.2786, 0.3366, 0.3366, 0.2786, 0.2786, 0.3366, 0.3366, 0.2786, 0.2786, 0.3366, 0.3366, 0.2786, 0.2786, 0.3366, 0.3366, 0.2786, 0.2786, 0.3366, 0.3366, 0.2786, 0.2786, 0.3366, 0.3366, 0.2786, 0.2786, 0.3366, 0.3366, 0.2786, 0.2786, 0.3366, 0.3366, 0.2786, 0.2786, 0.3366, 0.3366, 0.2786, 0.2786, 0.3366, 0.3366, 0.2786, 0.2786, 0.3366, 0.3366, 0.2786, 0.2786, 0.3366, 0.3366, 0.2786, 0.3752, 0.3752, 0.3752, 0.3752, 0.3752, 0.3752, 0.3752, 0.3752, 0.3752, 0.3752, 0.3752, 0.3752, 0.3752, 0.3752, 0.3752, 0.3752, 0.3752, 0.3752, 0.3752, 0.3752, 0.3752, 0.3752, 0.3752, 0.3752, 0.3752, 0.3752, 0.3752, 0.3752, 0.3752, 0.3752, 0.3752, 0.3752, 0.3752, 0.3752, 0.3752, 0.3752, 0.3752, 0.3752, 0.3752, 0.3752, 0.3752, 0.3752, 0.3752, 0.3752, 0.3752, 0.3752, 0.3752, 0.3752, 0.3752, 0.3752, 0.3752, 0.3752, 0.3752, 0.3752, 0.3752, 0.3752, 0.2786, 0.2786, 0.2786, 0.2786, 0.2786, 0.2786, 0.2786, 0.2786, 0.2786, 0.2786, 0.2786, 0.2786, 0.2786, 0.2786, 0.2786, 0.2786, 0.2786, 0.2786, 0.2786, 0.2786, 0.2786, 0.2786, 0.2786, 0.2786, 0.2786, 0.2786, 0.2786, 0.2786, 0.2786, 0.2786, 0.2786, 0.2786, 0.2786, 0.2786, 0.4396, 0.4396, 0.4396, 0.4396, 0.2786, 0.2786, 0.2786, 0.2786, 0.2786, 0.2786, 0.2786, 0.2786, 0.2786, 0.2786, 0.2786, 0.2786, 0.2786, 0.2786, 0.2786, 0.2786, 0.2786, 0.2786, 0.2786, 0.2786, 0.2786, 0.2786, 0.4396, 0.4396, 0.4396, 0.4396, 0.4396, 0.4396, 0.4396, 0.4396, 0.4396, 0.4396, 0.4396, 0.4396, 0.4396, 0.4396, 0.4396, 0.4396]","[17.0082, 0.0, 17.0082, 0.0, 17.0082, 0.0, 17.0082, 0.0, 17.0082, 0.0, 17.0082, 0.0, 17.0082, 0.0, 17.0082, 0.0, 17.0082, 0.0, 17.0082, 0.0, 17.0082, 0.0, 0.0, 23.9337, 23.9337, 0.0, 0.0, 8.1315, 8.1315, 0.0, 0.0, 8.1315, 8.1315, 0.0, 0.0, 8.1315, 8.1315, 0.0, 0.0, 8.1315, 8.1315, 0.0, 0.0, 8.1315, 8.1315, 0.0, 0.0, 8.1315, 8.1315, 0.0, 0.0, 8.1315, 8.1315, 0.0, 0.0, 8.1315, 8.1315, 0.0, 11.6607, 0.0, 11.6607, 0.0, 11.6607, 0.0, 11.6607, 0.0, 11.6607, 0.0, 17.0082, 0.0, 17.0082, 0.0, 17.0082, 0.0, 17.0082, 0.0, 17.0082, 0.0, 17.0082, 0.0, 0.0, 23.9337, 23.9337, 0.0, 0.0, 23.9337, 23.9337, 0.0, 0.0, 23.9337, 23.9337, 0.0, 0.0, 23.9337, 23.9337, 0.0, 0.0, 23.9337, 23.9337, 0.0, 0.0, 23.9337, 23.9337, 0.0, 0.0, 23.9337, 23.9337, 0.0, 0.0, 23.9337, 23.9337, 0.0, 0.0, 23.9337, 23.9337, 0.0, 0.0, 23.9337, 23.9337, 0.0, 0.0, 23.9337, 23.9337, 0.0, 0.0, 23.9337, 23.9337, 0.0, 0.0, 23.9337, 23.9337, 0.0, 0.0, 23.9337, 23.9337, 0.0, 0.0, 23.9337, 23.9337, 0.0, 0.0, 23.9337, 23.9337, 0.0, 0.0, 23.9337, 23.9337, 0.0, 0.0, 23.9337, 23.9337, 0.0, 0.0, 23.9337, 23.9337, 0.0, 0.0, 23.9337, 23.9337, 0.0, 0.0, 23.9337, 23.9337, 0.0, 11.6607, 0.0, 11.6607, 0.0, 26.6078, 0.0, 11.6607, 0.0, 0.0, 8.1315, 8.1315, 0.0, 0.0, 8.1315, 8.1315, 0.0, 6.7958, 0.0, 0.0, 23.9337, 23.9337, 0.0, 26.6078, 0.0, 26.6078, 0.0, 0.0, 8.1315, 8.1315, 0.0, 26.6078, 0.0, 11.6607, 0.0, 0.0, 8.1315, 8.1315, 0.0, 0.0, 8.1315, 8.1315, 0.0, 6.7958, 0.0, 0.0, 8.1315, 8.1315, 0.0, 0.0, 23.9337, 23.9337, 0.0, 11.6607, 0.0, 6.7958, 0.0, 6.7958, 0.0, 0.0, 23.9337, 23.9337, 0.0, 26.6078, 0.0, 11.6607, 0.0, 6.7958, 0.0, 6.7958, 0.0, 0.0, 23.9337, 23.9337, 0.0, 11.6607, 0.0, 26.6078, 0.0, 0.0, 8.1315, 8.1315, 0.0, 26.6078, 0.0, 0.0, 23.9337, 23.9337, 0.0, 26.6078, 0.0, 0.0, 8.1315, 8.1315, 0.0, 11.6607, 0.0, 26.6078, 0.0, 26.6078, 0.0, 26.6078, 0.0, 11.6607, 0.0, 26.6078, 0.0, 0.0, 8.1315, 8.1315, 0.0, 0.0, 23.9337, 23.9337, 0.0, 0.0, 8.1315, 8.1315, 0.0, 26.6078, 0.0, 0.0, 8.1315, 8.1315, 0.0, 0.0, 8.1315, 8.1315, 0.0, 26.6078, 0.0, 26.6078, 0.0, 0.0, 8.1315, 8.1315, 0.0, 0.0, 8.1315, 8.1315, 0.0, 0.0, 8.1315, 8.1315, 0.0, 26.6078, 0.0, 0.0, 8.1315, 8.1315, 0.0, 26.6078, 0.0, 0.0, 8.1315, 8.1315, 0.0, 11.6607, 0.0, 0.0, 8.1315, 8.1315, 0.0, 0.0, 8.1315, 8.1315, 0.0, 0.0, 8.1315, 8.1315, 0.0, 26.6078, 0.0, 26.6078, 0.0, 26.6078, 0.0, 26.6078, 0.0, 26.6078, 0.0, 26.6078, 0.0, 26.6078, 0.0, 26.6078, 0.0, 26.6078, 0.0, 26.6078, 0.0, 0.0, 15.6327, 15.6327, 0.0, 0.0, 15.6327, 15.6327, 0.0, 0.0, 15.6327, 15.6327, 0.0, 0.0, 15.6327, 15.6327, 0.0, 0.0, 15.6327, 15.6327, 0.0, 0.0, 15.6327, 15.6327, 0.0, 0.0, 15.6327, 15.6327, 0.0, 0.0, 15.6327, 15.6327, 0.0, 0.0, 15.6327, 15.6327, 0.0, 0.0, 15.6327, 15.6327, 0.0, 0.0, 15.6327, 15.6327, 0.0, 0.0, 15.6327, 15.6327, 0.0, 0.0, 15.6327, 15.6327, 0.0, 0.0, 15.6327, 15.6327, 0.0, 0.0, 15.6327, 15.6327, 0.0, 0.0, 15.6327, 15.6327, 0.0, 0.0, 15.6327, 15.6327, 0.0, 0.0, 15.6327, 15.6327, 0.0, 0.0, 15.6327, 15.6327, 0.0, 0.0, 15.6327, 15.6327, 0.0, 0.0, 15.6327, 15.6327, 0.0, 0.0, 15.6327, 15.6327, 0.0, 0.0, 15.6327, 15.6327, 0.0, 0.0, 15.6327, 15.6327, 0.0, 0.0, 15.6327, 15.6327, 0.0, 0.0, 16.7888, 16.7888, 0.0, 0.0, 16.7888, 16.7888, 0.0, 0.0, 16.7888, 16.7888, 0.0, 0.0, 16.7888, 16.7888, 0.0, 0.0, 16.7888, 16.7888, 0.0, 0.0, 16.7888, 16.7888, 0.0, 0.0, 16.7888, 16.7888, 0.0, 0.0, 16.7888, 16.7888, 0.0, 0.0, 16.7888, 16.7888, 0.0, 0.0, 16.7888, 16.7888, 0.0, 0.0, 16.7888, 16.7888, 0.0, 0.0, 16.7888, 16.7888, 0.0, 0.0, 16.7888, 16.7888, 0.0, 0.0, 16.7888, 16.7888, 0.0, 0.0, 16.7888, 16.7888, 0.0, 0.0, 16.7888, 16.7888, 0.0, 0.0, 16.7888, 16.7888, 0.0, 0.0, 16.7888, 16.7888, 0.0, 26.6078, 0.0, 0.0, 15.6327, 15.6327, 0.0, 0.0, 15.6327, 15.6327, 0.0, 25.0202, 0.0, 25.0202, 0.0, 25.0202, 0.0, 17.0082, 0.0, 0.0, 15.6327, 15.6327, 0.0, 25.0202, 0.0, 0.0, 16.7888, 16.7888, 0.0, 0.0, 16.7888, 16.7888, 0.0, 0.0, 16.7888, 16.7888, 0.0, 0.0, 16.7888, 16.7888, 0.0, 0.0, 16.7888, 16.7888, 0.0, 0.0, 16.7888, 16.7888, 0.0, 0.0, 16.7888, 16.7888, 0.0, 0.0, 16.7888, 16.7888, 0.0, 0.0, 16.7888, 16.7888, 0.0, 0.0, 16.7888, 16.7888, 0.0, 0.0, 34.5551, 34.5551, 0.0, 0.0, 34.5551, 34.5551, 0.0, 0.0, 11.1805, 11.1805, 0.0, 0.0, 11.1805, 11.1805, 0.0, 0.0, 11.1805, 11.1805, 0.0, 0.0, 11.1805, 11.1805, 0.0, 0.0, 11.1805, 11.1805, 0.0, 0.0, 11.1805, 11.1805, 0.0, 0.0, 11.1805, 11.1805, 0.0, 0.0, 34.5551, 34.5551, 0.0, 0.0, 34.5551, 34.5551, 0.0, 0.0, 34.5551, 34.5551, 0.0, 0.0, 34.5551, 34.5551, 0.0, 0.0, 34.5551, 34.5551, 0.0, 0.0, 34.5551, 34.5551, 0.0, 0.0, 34.5551, 34.5551, 0.0, 0.0, 34.5551, 34.5551, 0.0, 0.0, 34.5551, 34.5551, 0.0, 0.0, 34.5551, 34.5551, 0.0, 0.0, 34.5551, 34.5551, 0.0, 0.0, 34.5551, 34.5551, 0.0, 0.0, 34.5551, 34.5551, 0.0, 0.0, 34.5551, 34.5551, 0.0, 0.0, 34.5551, 34.5551, 0.0, 0.0, 34.5551, 34.5551, 0.0, 0.0, 34.5551, 34.5551, 0.0, 0.0, 34.5551, 34.5551, 0.0, 0.0, 34.5551, 34.5551, 0.0, 0.0, 34.5551, 34.5551, 0.0, 0.0, 34.5551, 34.5551, 0.0, 0.0, 34.5551, 34.5551, 0.0, 0.0, 34.5551, 34.5551, 0.0, 0.0, 34.5551, 34.5551, 0.0, 0.0, 34.5551, 34.5551, 0.0, 0.0, 34.5551, 34.5551, 0.0, 0.0, 11.1805, 11.1805, 0.0, 0.0, 11.1805, 11.1805, 0.0, 0.0, 11.1805, 11.1805, 0.0, 0.0, 11.1805, 11.1805, 0.0, 0.0, 11.1805, 11.1805, 0.0, 0.0, 11.1805, 11.1805, 0.0, 0.0, 11.1805, 11.1805, 0.0, 0.0, 11.1805, 11.1805, 0.0, 0.0, 11.1805, 11.1805, 0.0, 0.0, 11.1805, 11.1805, 0.0, 0.0, 11.1805, 11.1805, 0.0, 0.0, 11.1805, 11.1805, 0.0, 0.0, 11.1805, 11.1805, 0.0, 0.0, 11.1805, 11.1805, 0.0, 0.0, 11.1805, 11.1805, 0.0, 0.0, 11.1805, 11.1805, 0.0, 0.0, 11.1805, 11.1805, 0.0, 0.0, 11.1805, 11.1805, 0.0, 0.0, 11.1805, 11.1805, 0.0, 0.0, 11.1805, 11.1805, 0.0, 11.6607, 0.0, 11.6607, 0.0, 11.6607, 0.0, 11.6607, 0.0, 11.6607, 0.0, 11.6607, 0.0, 11.6607, 0.0, 11.6607, 0.0, 11.6607, 0.0, 11.6607, 0.0, 11.6607, 0.0, 11.6607, 0.0, 11.6607, 0.0, 6.7958, 0.0, 6.7958, 0.0, 6.7958, 0.0, 6.7958, 0.0, 6.7958, 0.0, 6.7958, 0.0, 6.7958, 0.0, 6.7958, 0.0, 6.7958, 0.0, 6.7958, 0.0, 6.7958, 0.0, 6.7958, 0.0, 6.7958, 0.0, 6.7958, 0.0, 6.7958, 0.0, 6.7958, 0.0, 6.7958, 0.0, 6.7958, 0.0, 6.7958, 0.0, 6.7958, 0.0, 6.7958, 0.0, 6.7958, 0.0, 0.0, 11.1805, 11.1805, 0.0, 25.0202, 0.0, 25.0202, 0.0, 25.0202, 0.0, 25.0202, 0.0, 25.0202, 0.0, 25.0202, 0.0, 25.0202, 0.0, 25.0202, 0.0, 25.0202, 0.0, 25.0202, 0.0, 25.0202, 0.0, 25.0202, 0.0, 25.0202, 0.0, 25.0202, 0.0, 25.0202, 0.0, 25.0202, 0.0, 25.0202, 0.0, 25.0202, 0.0, 25.0202, 0.0, 25.0202, 0.0, 25.0202, 0.0, 25.0202, 0.0, 25.0202, 0.0, 25.0202, 0.0, 0.0, 29.7445, 29.7445, 0.0, 0.0, 29.7445, 29.7445, 0.0, 0.0, 29.7445, 29.7445, 0.0, 0.0, 29.7445, 29.7445, 0.0, 0.0, 29.7445, 29.7445, 0.0, 0.0, 29.7445, 29.7445, 0.0, 0.0, 29.7445, 29.7445, 0.0, 0.0, 29.7445, 29.7445, 0.0, 0.0, 29.7445, 29.7445, 0.0, 0.0, 29.7445, 29.7445, 0.0, 0.0, 29.7445, 29.7445, 0.0, 0.0, 29.7445, 29.7445, 0.0, 0.0, 29.7445, 29.7445, 0.0, 0.0, 29.7445, 29.7445, 0.0, 0.0, 29.7445, 29.7445, 0.0, 0.0, 29.7445, 29.7445, 0.0, 0.0, 29.7445, 29.7445, 0.0, 0.0, 29.7445, 29.7445, 0.0, 0.0, 29.7445, 29.7445, 0.0, 0.0, 29.7445, 29.7445, 0.0, 0.0, 29.7445, 29.7445, 0.0, 0.0, 29.7445, 29.7445, 0.0, 0.0, 29.7445, 29.7445, 0.0, 0.0, 29.7445, 29.7445, 0.0, 0.0, 29.7445, 29.7445, 0.0, 0.0, 29.7445, 29.7445, 0.0, 0.0, 29.7445, 29.7445, 0.0, 0.0, 29.7445, 29.7445, 0.0, 13.2532, 0.0, 13.2532, 0.0, 13.2532, 0.0, 13.2532, 0.0, 13.2532, 0.0, 13.2532, 0.0, 13.2532, 0.0, 13.2532, 0.0, 13.2532, 0.0, 13.2532, 0.0, 13.2532, 0.0, 13.2532, 0.0, 13.2532, 0.0, 13.2532, 0.0, 13.2532, 0.0, 13.2532, 0.0, 13.2532, 0.0, 13.2532, 0.0, 13.2532, 0.0, 13.2532, 0.0, 13.2532, 0.0, 13.2532, 0.0, 13.2532, 0.0, 13.2532, 0.0, 13.2532, 0.0, 13.2532, 0.0, 13.2532, 0.0, 13.2532, 0.0, 4.6711, 0.0, 4.6711, 0.0, 4.6711, 0.0, 4.6711, 0.0, 4.6711, 0.0, 4.6711, 0.0, 4.6711, 0.0, 4.6711, 0.0, 4.6711, 0.0, 4.6711, 0.0, 4.6711, 0.0, 4.6711, 0.0, 4.6711, 0.0, 4.6711, 0.0, 4.6711, 0.0, 4.6711, 0.0, 4.6711, 0.0, 17.0082, 0.0, 17.0082, 0.0, 4.6711, 0.0, 4.6711, 0.0, 4.6711, 0.0, 4.6711, 0.0, 4.6711, 0.0, 4.6711, 0.0, 4.6711, 0.0, 4.6711, 0.0, 4.6711, 0.0, 4.6711, 0.0, 4.6711, 0.0, 17.0082, 0.0, 17.0082, 0.0, 17.0082, 0.0, 17.0082, 0.0, 17.0082, 0.0, 17.0082, 0.0, 17.0082, 0.0, 17.0082, 0.0]",success,
0.5,1000,1e-10,15,1,1.9115,"[8, 7, 14, 2, 5, 6, 3, 1, 11, 9, 10, 12, 13, 4, 0]","[0.1976, 0.5398, 0.6069, 0.2809, 0.2922, 0.1229, 0.1318, 0.2256, 0.298, 0.2857, 0.1612, 0.3462, 0.5291, 0.3752]","[476.2292, 607.0208, 920.0751, 1887.6173, 2357.7036, 2547.9854, 2874.485, 3619.5024, 4057.2171, 4284.8996, 4955.0438, 5787.8893, 6488.4541, 6859.5434, 0.0]",success,
0.5,1000,1e-05,15,1,1.9141,"[8, 7, 13, 12, 10, 9, 11, 1, 3, 6, 2, 5, 14, 4, 0]","[0.1976, 0.1849, 0.3462, 0.1612, 0.2857, 0.298, 0.2256, 0.1318, 0.1229, 0.5705, 0.2809, 0.326, 0.8606, 0.3752]","[476.2292, 607.0208, 1307.5856, 2140.4312, 2810.5753, 3038.2578, 3475.9725, 4220.9899, 4547.4895, 4737.7714, 5705.3136, 6175.3998, 6488.4541, 6859.5434, 0.0]",success,
0.5,1000,0.001,15,1,1.9054,"[4, 13, 12, 10, 9, 11, 1, 3, 6, 5, 2, 14, 7, 8, 0]","[0.5291, 0.3462, 0.1612, 0.2857, 0.298, 0.2256, 0.1318, 0.1229, 0.2922, 0.2809, 0.6069, 0.5398, 0.1976, 0.4396]","[371.0892, 1071.6541, 1904.4996, 2574.6438, 2802.3262, 3240.041, 3985.0584, 4311.5579, 4501.8398, 4971.9261, 5939.4683, 6252.5226, 6383.3141, 6859.5434, 0.0]",success,
0.5,1000,0.1,15,5,1.5427,"[9, 10, 12, 13, 0, 6, 3, 11, 1, 0, 14, 5, 2, 0, 7, 8, 0, 4, 0]","[0.2857, 0.1612, 0.3462, 0.4574, 0.3534, 0.1229, 0.2353, 0.2256, 0.4093, 0.8183, 0.326, 0.2809, 0.9239, 0.2786, 0.1976, 0.4396, 0.3752, 0.3752]","[227.6824, 897.8266, 1730.6721, 2431.237, 0.0, 190.2819, 516.7814, 954.4962, 1699.5136, 0.0, 313.0543, 783.1405, 1750.6828, 0.0, 130.7916, 607.0208, 0.0, 371.0892, 0.0]",success,
0.5,1000,0.5,15,10,1.2847,"[13, 0, 14, 5, 0, 11, 1, 0, 8, 0, 2, 0, 10, 12, 0, 6, 0, 9, 3, 0, 7, 0, 4, 0]","[0.4574, 0.8183, 0.326, 0.6456, 0.6227, 0.2256, 0.4093, 0.4396, 0.4396, 0.9239, 0.9239, 0.618, 0.1612, 0.6151, 0.3534, 0.3534, 0.5554, 0.1681, 0.3873, 0.2786, 0.2786, 0.3752, 0.3752]","[700.5648, 0.0, 313.0543, 783.1405, 0.0, 437.7148, 1182.7322, 0.0, 476.2292, 0.0, 967.5422, 0.0, 670.1442, 1502.9897, 0.0, 190.2819, 0.0, 227.6824, 554.182, 0.0, 130.7916, 0.0, 371.0892, 0.0]",success,
0.5,1000,0.9,15,11,1.0516,"[2, 5, 0, 11, 1, 0, 8, 0, 6, 0, 13, 0, 14, 0, 10, 0, 9, 3, 0, 12, 0, 4, 0, 7, 0]","[0.2809, 0.6456, 0.6227, 0.2256, 0.4093, 0.4396, 0.4396, 0.3534, 0.3534, 0.4574, 0.4574, 0.8183, 0.8183, 0.618, 0.618, 0.5554, 0.1681, 0.3873, 0.6151, 0.6151, 0.3752, 0.3752, 0.2786, 0.2786]","[967.5422, 1437.6285, 0.0, 437.7148, 1182.7322, 0.0, 476.2292, 0.0, 190.2819, 0.0, 700.5648, 0.0, 313.0543, 0.0, 670.1442, 0.0, 227.6824, 554.182, 0.0, 832.8455, 0.0, 371.0892, 0.0, 130.7916, 0.0]",success,
0.5,1000,1.0,15,11,1.0,"[4, 0, 14, 0, 11, 3, 0, 9, 0, 1, 0, 2, 6, 0, 10, 0, 12, 7, 0, 5, 0, 8, 0, 13, 0]","[0.3752, 0.8183, 0.8183, 0.6227, 0.2353, 0.3873, 0.5554, 0.5554, 0.4093, 0.4093, 0.9239, 0.5705, 0.3534, 0.618, 0.618, 0.6151, 0.3366, 0.2786, 0.6456, 0.6456, 0.4396, 0.4396, 0.4574, 0.4574]","[371.0892, 0.0, 313.0543, 0.0, 437.7148, 764.2143, 0.0, 227.6824, 0.0, 745.0174, 0.0, 967.5422, 1157.8241, 0.0, 670.1442, 0.0, 832.8455, 963.6371, 0.0, 470.0863, 0.0, 476.2292, 0.0, 700.5648, 0.0]",success,
0.5,1000,1.1,15,392,1.3954,"[3, 9, 3, 0, 7, 10, 7, 0, 7, 10, 7, 0, 3, 9, 3, 0, 7, 10, 7, 0, 7, 10, 7, 0, 7, 10, 7, 0, 7, 10, 7, 0, 3, 9, 3, 0, 3, 9, 3, 0, 7, 10, 7, 0, 3, 9, 3, 0, 3, 9, 3, 0, 3, 9, 3, 0, 7, 10, 7, 0, 7, 0, 8, 0, 7, 0, 7, 10, 7, 0, 3, 9, 3, 0, 7, 10, 7, 0, 7, 0, 8, 0, 3, 9, 3, 0, 7, 10, 7, 0, 8, 0, 7, 10, 7, 0, 7, 10, 7, 0, 7, 10, 7, 0, 7, 10, 7, 0, 7, 10, 7, 0, 7, 10, 7, 0, 3, 9, 3, 0, 7, 10, 7, 0, 7, 10, 7, 0, 7, 10, 7, 0, 7, 10, 7, 0, 7, 10, 7, 0, 3, 9, 3, 0, 3, 9, 3, 0, 3, 9, 3, 0, 3, 9, 3, 0, 3, 9, 3, 0, 3, 9, 3, 0, 3, 9, 3, 0, 3, 9, 3, 0, 3, 9, 3, 0, 3, 9, 3, 0, 3, 9, 3, 0, 3, 9, 3, 0, 3, 0, 6, 5, 6, 0, 7, 10, 7, 0, 3, 9, 3, 0, 8, 0, 3, 9, 3, 0, 3, 9, 3, 0, 7, 0, 7, 0, 3, 0, 3, 0, 3, 0, 3, 0, 3, 0, 3, 0, 3, 0, 3, 0, 3, 0, 3, 0, 3, 0, 3, 0, 3, 0, 3, 0, 3, 0, 3, 0, 3, 0, 3, 0, 3, 0, 3, 0, 3, 0, 3, 0, 3, 0, 3, 0, 3, 0, 3, 0, 3, 0, 7, 14, 7, 0, 7, 14, 7, 0, 7, 14, 7, 0, 7, 14, 7, 0, 7, 12, 7, 0, 7, 12, 7, 0, 7, 12, 7, 0, 6, 5, 6, 0, 6, 5, 6, 0, 6, 5, 6, 0, 6, 5, 6, 0, 6, 5, 6, 0, 6, 5, 6, 0, 6, 5, 6, 0, 6, 5, 6, 0, 6, 5, 6, 0, 6, 5, 6, 0, 3, 11, 3, 0, 3, 11, 3, 0, 3, 11, 3, 0, 3, 11, 3, 0, 3, 11, 3, 0, 3, 11, 3, 0, 3, 11, 3, 0, 3, 11, 3, 0, 3, 11, 3, 0, 3, 11, 3, 0, 3, 11, 3, 0, 3, 11, 3, 0, 3, 11, 3, 0, 3, 11, 3, 0, 3, 11, 3, 0, 3, 11, 3, 0, 3, 11, 3, 0, 6, 0, 6, 0, 6, 0, 6, 0, 6, 0, 6, 0, 6, 0, 6, 0, 6, 0, 6, 0, 6, 0, 6, 0, 6, 0, 6, 0, 6, 0, 6, 0, 6, 0, 6, 0, 6, 0, 6, 0, 6, 0, 6, 0, 7, 0, 6, 0, 6, 0, 6, 0, 1, 0, 1, 0, 1, 0, 1, 0, 13, 0, 13, 0, 13, 0, 13, 0, 13, 0, 7, 14, 7, 0, 7, 14, 7, 0, 7, 14, 7, 0, 7, 14, 7, 0, 7, 14, 7, 0, 7, 14, 7, 0, 7, 14, 7, 0, 1, 0, 1, 0, 1, 0, 1, 0, 1, 0, 1, 0, 1, 0, 1, 0, 1, 0, 1, 0, 1, 0, 1, 0, 1, 0, 1, 0, 1, 0, 1, 0, 1, 0, 1, 0, 1, 0, 1, 0, 1, 0, 1, 0, 1, 0, 1, 0, 3, 11, 3, 0, 3, 11, 3, 0, 3, 11, 3, 0, 3, 11, 3, 0, 7, 14, 7, 0, 7, 14, 7, 0, 7, 14, 7, 0, 13, 0, 13, 0, 13, 0, 13, 0, 13, 0, 13, 0, 13, 0, 13, 0, 13, 0, 13, 0, 13, 0, 13, 0, 13, 0, 13, 0, 13, 0, 13, 0, 13, 0, 13, 0, 13, 0, 13, 0, 13, 0, 13, 0, 13, 0, 7, 12, 7, 0, 7, 12, 7, 0, 7, 12, 7, 0, 7, 12, 7, 0, 7, 12, 7, 0, 7, 12, 7, 0, 7, 12, 7, 0, 7, 12, 7, 0, 7, 12, 7, 0, 7, 12, 7, 0, 4, 0, 3, 11, 3, 0, 3, 11, 3, 0, 3, 11, 3, 0, 3, 11, 3, 0, 3, 11, 3, 0, 3, 11, 3, 0, 3, 11, 3, 0, 7, 0, 7, 0, 7, 0, 7, 0, 7, 0, 7, 0, 7, 0, 4, 0, 7, 14, 7, 0, 7, 14, 7, 0, 7, 14, 7, 0, 7, 14, 7, 0, 7, 14, 7, 0, 7, 14, 7, 0, 7, 14, 7, 0, 7, 14, 7, 0, 7, 14, 7, 0, 7, 14, 7, 0, 7, 14, 7, 0, 7, 14, 7, 0, 6, 2, 6, 0, 6, 2, 6, 0, 6, 2, 6, 0, 6, 2, 6, 0, 6, 2, 6, 0, 6, 2, 6, 0, 6, 2, 6, 0, 6, 2, 6, 0, 6, 2, 6, 0, 6, 2, 6, 0, 6, 2, 6, 0, 6, 2, 6, 0, 6, 2, 6, 0, 6, 2, 6, 0, 6, 2, 6, 0, 6, 2, 6, 0, 6, 2, 6, 0, 6, 2, 6, 0, 6, 2, 6, 0, 6, 2, 6, 0, 6, 2, 6, 0, 6, 2, 6, 0, 6, 2, 6, 0, 6, 2, 6, 0, 7, 10, 7, 0, 7, 12, 7, 0, 7, 12, 7, 0, 7, 12, 7, 0, 7, 12, 7, 0, 7, 12, 7, 0, 7, 12, 7, 0, 7, 12, 7, 0, 7, 12, 7, 0, 7, 12, 7, 0, 7, 12, 7, 0, 7, 12, 7, 0, 7, 12, 7, 0, 7, 12, 7, 0, 7, 12, 7, 0, 4, 0, 4, 0, 4, 0, 4, 0, 6, 2, 6, 0, 6, 2, 6, 0, 6, 2, 6, 0, 6, 2, 6, 0, 6, 5, 6, 0, 6, 5, 6, 0, 6, 5, 6, 0, 6, 5, 6, 0, 6, 5, 6, 0, 6, 5, 6, 0, 6, 5, 6, 0, 6, 5, 6, 0, 6, 5, 6, 0, 6, 5, 6, 0, 6, 5, 6, 0, 6, 5, 6, 0, 6, 5, 6, 0, 6, 5, 6, 0, 6, 5, 6, 0, 6, 5, 6, 0, 6, 5, 6, 0, 7, 12, 7, 0, 3, 9, 3, 0, 3, 9, 3, 0, 7, 14, 7, 0, 7, 14, 7, 0, 4, 0, 4, 0, 4, 0, 4, 0, 4, 0, 4, 0, 4, 0, 4, 0, 8, 0, 8, 0, 8, 0, 8, 0, 8, 0, 8, 0, 8, 0, 8, 0, 8, 0, 8, 0, 8, 0, 7, 10, 7, 0, 7, 10, 7, 0, 8, 0, 8, 0, 6, 0, 8, 0, 7, 0, 4, 0, 8, 0, 4, 0, 8, 0, 4, 0, 4, 0, 7, 0, 6, 0, 4, 0, 7, 0, 4, 0, 7, 0, 7, 0, 6, 0, 3, 9, 3, 0, 7, 10, 7, 0, 7, 10, 7, 0, 4, 0, 7, 0, 4, 0, 8, 0, 4, 0, 7, 0, 7, 0, 7, 0, 8, 0, 8, 0, 4, 0, 7, 0, 7, 0, 7, 0, 4, 0, 8, 0, 4, 0, 4, 0, 8, 0, 8, 0, 7, 0, 4, 0, 7, 0, 8, 0, 7, 0, 8, 0]","[0.1681, 0.1681, 0.3873, 0.2786, 0.3394, 0.3394, 0.2786, 0.2786, 0.3394, 0.3394, 0.2786, 0.3873, 0.1681, 0.1681, 0.3873, 0.2786, 0.3394, 0.3394, 0.2786, 0.2786, 0.3394, 0.3394, 0.2786, 0.2786, 0.3394, 0.3394, 0.2786, 0.2786, 0.3394, 0.3394, 0.2786, 0.3873, 0.1681, 0.1681, 0.3873, 0.3873, 0.1681, 0.1681, 0.3873, 0.2786, 0.3394, 0.3394, 0.2786, 0.3873, 0.1681, 0.1681, 0.3873, 0.3873, 0.1681, 0.1681, 0.3873, 0.3873, 0.1681, 0.1681, 0.3873, 0.2786, 0.3394, 0.3394, 0.2786, 0.2786, 0.2786, 0.4396, 0.4396, 0.2786, 0.2786, 0.2786, 0.3394, 0.3394, 0.2786, 0.3873, 0.1681, 0.1681, 0.3873, 0.2786, 0.3394, 0.3394, 0.2786, 0.2786, 0.2786, 0.4396, 0.4396, 0.3873, 0.1681, 0.1681, 0.3873, 0.2786, 0.3394, 0.3394, 0.2786, 0.4396, 0.4396, 0.2786, 0.3394, 0.3394, 0.2786, 0.2786, 0.3394, 0.3394, 0.2786, 0.2786, 0.3394, 0.3394, 0.2786, 0.2786, 0.3394, 0.3394, 0.2786, 0.2786, 0.3394, 0.3394, 0.2786, 0.2786, 0.3394, 0.3394, 0.2786, 0.3873, 0.1681, 0.1681, 0.3873, 0.2786, 0.3394, 0.3394, 0.2786, 0.2786, 0.3394, 0.3394, 0.2786, 0.2786, 0.3394, 0.3394, 0.2786, 0.2786, 0.3394, 0.3394, 0.2786, 0.2786, 0.3394, 0.3394, 0.2786, 0.3873, 0.1681, 0.1681, 0.3873, 0.3873, 0.1681, 0.1681, 0.3873, 0.3873, 0.1681, 0.1681, 0.3873, 0.3873, 0.1681, 0.1681, 0.3873, 0.3873, 0.1681, 0.1681, 0.3873, 0.3873, 0.1681, 0.1681, 0.3873, 0.3873, 0.1681, 0.1681, 0.3873, 0.3873, 0.1681, 0.1681, 0.3873, 0.3873, 0.1681, 0.1681, 0.3873, 0.3873, 0.1681, 0.1681, 0.3873, 0.3873, 0.1681, 0.1681, 0.3873, 0.3873, 0.1681, 0.1681, 0.3873, 0.3873, 0.3873, 0.3534, 0.2922, 0.2922, 0.3534, 0.2786, 0.3394, 0.3394, 0.2786, 0.3873, 0.1681, 0.1681, 0.3873, 0.4396, 0.4396, 0.3873, 0.1681, 0.1681, 0.3873, 0.3873, 0.1681, 0.1681, 0.3873, 0.2786, 0.2786, 0.2786, 0.2786, 0.3873, 0.3873, 0.3873, 0.3873, 0.3873, 0.3873, 0.3873, 0.3873, 0.3873, 0.3873, 0.3873, 0.3873, 0.3873, 0.3873, 0.3873, 0.3873, 0.3873, 0.3873, 0.3873, 0.3873, 0.3873, 0.3873, 0.3873, 0.3873, 0.3873, 0.3873, 0.3873, 0.3873, 0.3873, 0.3873, 0.3873, 0.3873, 0.3873, 0.3873, 0.3873, 0.3873, 0.3873, 0.3873, 0.3873, 0.3873, 0.3873, 0.3873, 0.3873, 0.3873, 0.3873, 0.3873, 0.3873, 0.3873, 0.3873, 0.3873, 0.3873, 0.3873, 0.3873, 0.3873, 0.2786, 0.5398, 0.5398, 0.2786, 0.2786, 0.5398, 0.5398, 0.2786, 0.2786, 0.5398, 0.5398, 0.2786, 0.2786, 0.5398, 0.5398, 0.2786, 0.2786, 0.3366, 0.3366, 0.2786, 0.2786, 0.3366, 0.3366, 0.2786, 0.2786, 0.3366, 0.3366, 0.2786, 0.3534, 0.2922, 0.2922, 0.3534, 0.3534, 0.2922, 0.2922, 0.3534, 0.3534, 0.2922, 0.2922, 0.3534, 0.3534, 0.2922, 0.2922, 0.3534, 0.3534, 0.2922, 0.2922, 0.3534, 0.3534, 0.2922, 0.2922, 0.3534, 0.3534, 0.2922, 0.2922, 0.3534, 0.3534, 0.2922, 0.2922, 0.3534, 0.3534, 0.2922, 0.2922, 0.3534, 0.3534, 0.2922, 0.2922, 0.3534, 0.3873, 0.2353, 0.2353, 0.3873, 0.3873, 0.2353, 0.2353, 0.3873, 0.3873, 0.2353, 0.2353, 0.3873, 0.3873, 0.2353, 0.2353, 0.3873, 0.3873, 0.2353, 0.2353, 0.3873, 0.3873, 0.2353, 0.2353, 0.3873, 0.3873, 0.2353, 0.2353, 0.3873, 0.3873, 0.2353, 0.2353, 0.3873, 0.3873, 0.2353, 0.2353, 0.3873, 0.3873, 0.2353, 0.2353, 0.3873, 0.3873, 0.2353, 0.2353, 0.3873, 0.3873, 0.2353, 0.2353, 0.3873, 0.3873, 0.2353, 0.2353, 0.3873, 0.3873, 0.2353, 0.2353, 0.3873, 0.3873, 0.2353, 0.2353, 0.3873, 0.3873, 0.2353, 0.2353, 0.3873, 0.3873, 0.2353, 0.2353, 0.3873, 0.3534, 0.3534, 0.3534, 0.3534, 0.3534, 0.3534, 0.3534, 0.3534, 0.3534, 0.3534, 0.3534, 0.3534, 0.3534, 0.3534, 0.3534, 0.3534, 0.3534, 0.3534, 0.3534, 0.3534, 0.3534, 0.3534, 0.3534, 0.3534, 0.3534, 0.3534, 0.3534, 0.3534, 0.3534, 0.3534, 0.3534, 0.3534, 0.3534, 0.3534, 0.3534, 0.3534, 0.3534, 0.3534, 0.3534, 0.3534, 0.3534, 0.3534, 0.3534, 0.3534, 0.2786, 0.2786, 0.3534, 0.3534, 0.3534, 0.3534, 0.3534, 0.3534, 0.4093, 0.4093, 0.4093, 0.4093, 0.4093, 0.4093, 0.4093, 0.4093, 0.4574, 0.4574, 0.4574, 0.4574, 0.4574, 0.4574, 0.4574, 0.4574, 0.4574, 0.4574, 0.2786, 0.5398, 0.5398, 0.2786, 0.2786, 0.5398, 0.5398, 0.2786, 0.2786, 0.5398, 0.5398, 0.2786, 0.2786, 0.5398, 0.5398, 0.2786, 0.2786, 0.5398, 0.5398, 0.2786, 0.2786, 0.5398, 0.5398, 0.2786, 0.2786, 0.5398, 0.5398, 0.2786, 0.4093, 0.4093, 0.4093, 0.4093, 0.4093, 0.4093, 0.4093, 0.4093, 0.4093, 0.4093, 0.4093, 0.4093, 0.4093, 0.4093, 0.4093, 0.4093, 0.4093, 0.4093, 0.4093, 0.4093, 0.4093, 0.4093, 0.4093, 0.4093, 0.4093, 0.4093, 0.4093, 0.4093, 0.4093, 0.4093, 0.4093, 0.4093, 0.4093, 0.4093, 0.4093, 0.4093, 0.4093, 0.4093, 0.4093, 0.4093, 0.4093, 0.4093, 0.4093, 0.4093, 0.4093, 0.4093, 0.4093, 0.4093, 0.3873, 0.2353, 0.2353, 0.3873, 0.3873, 0.2353, 0.2353, 0.3873, 0.3873, 0.2353, 0.2353, 0.3873, 0.3873, 0.2353, 0.2353, 0.3873, 0.2786, 0.5398, 0.5398, 0.2786, 0.2786, 0.5398, 0.5398, 0.2786, 0.2786, 0.5398, 0.5398, 0.2786, 0.4574, 0.4574, 0.4574, 0.4574, 0.4574, 0.4574, 0.4574, 0.4574, 0.4574, 0.4574, 0.4574, 0.4574, 0.4574, 0.4574, 0.4574, 0.4574, 0.4574, 0.4574, 0.4574, 0.4574, 0.4574, 0.4574, 0.4574, 0.4574, 0.4574, 0.4574, 0.4574, 0.4574, 0.4574, 0.4574, 0.4574, 0.4574, 0.4574, 0.4574, 0.4574, 0.4574, 0.4574, 0.4574, 0.4574, 0.4574, 0.4574, 0.4574, 0.4574, 0.4574, 0.4574, 0.4574, 0.2786, 0.3366, 0.3366, 0.2786, 0.2786, 0.3366, 0.3366, 0.2786, 0.2786, 0.3366, 0.3366, 0.2786, 0.2786, 0.3366, 0.3366, 0.2786, 0.2786, 0.3366, 0.3366, 0.2786, 0.2786, 0.3366, 0.3366, 0.2786, 0.2786, 0.3366, 0.3366, 0.2786, 0.2786, 0.3366, 0.3366, 0.2786, 0.2786, 0.3366, 0.3366, 0.2786, 0.2786, 0.3366, 0.3366, 0.2786, 0.3752, 0.3752, 0.3873, 0.2353, 0.2353, 0.3873, 0.3873, 0.2353, 0.2353, 0.3873, 0.3873, 0.2353, 0.2353, 0.3873, 0.3873, 0.2353, 0.2353, 0.3873, 0.3873, 0.2353, 0.2353, 0.3873, 0.3873, 0.2353, 0.2353, 0.3873, 0.3873, 0.2353, 0.2353, 0.3873, 0.2786, 0.2786, 0.2786, 0.2786, 0.2786, 0.2786, 0.2786, 0.2786, 0.2786, 0.2786, 0.2786, 0.2786, 0.2786, 0.2786, 0.3752, 0.3752, 0.2786, 0.5398, 0.5398, 0.2786, 0.2786, 0.5398, 0.5398, 0.2786, 0.2786, 0.5398, 0.5398, 0.2786, 0.2786, 0.5398, 0.5398, 0.2786, 0.2786, 0.5398, 0.5398, 0.2786, 0.2786, 0.5398, 0.5398, 0.2786, 0.2786, 0.5398, 0.5398, 0.2786, 0.2786, 0.5398, 0.5398, 0.2786, 0.2786, 0.5398, 0.5398, 0.2786, 0.2786, 0.5398, 0.5398, 0.2786, 0.2786, 0.5398, 0.5398, 0.2786, 0.2786, 0.5398, 0.5398, 0.2786, 0.3534, 0.5705, 0.5705, 0.3534, 0.3534, 0.5705, 0.5705, 0.3534, 0.3534, 0.5705, 0.5705, 0.3534, 0.3534, 0.5705, 0.5705, 0.3534, 0.3534, 0.5705, 0.5705, 0.3534, 0.3534, 0.5705, 0.5705, 0.3534, 0.3534, 0.5705, 0.5705, 0.3534, 0.3534, 0.5705, 0.5705, 0.3534, 0.3534, 0.5705, 0.5705, 0.3534, 0.3534, 0.5705, 0.5705, 0.3534, 0.3534, 0.5705, 0.5705, 0.3534, 0.3534, 0.5705, 0.5705, 0.3534, 0.3534, 0.5705, 0.5705, 0.3534, 0.3534, 0.5705, 0.5705, 0.3534, 0.3534, 0.5705, 0.5705, 0.3534, 0.3534, 0.5705, 0.5705, 0.3534, 0.3534, 0.5705, 0.5705, 0.3534, 0.3534, 0.5705, 0.5705, 0.3534, 0.3534, 0.5705, 0.5705, 0.3534, 0.3534, 0.5705, 0.5705, 0.3534, 0.3534, 0.5705, 0.5705, 0.3534, 0.3534, 0.5705, 0.5705, 0.3534, 0.3534, 0.5705, 0.5705, 0.3534, 0.3534, 0.5705, 0.5705, 0.3534, 0.2786, 0.3394, 0.3394, 0.2786, 0.2786, 0.3366, 0.3366, 0.2786, 0.2786, 0.3366, 0.3366, 0.2786, 0.2786, 0.3366, 0.3366, 0.2786, 0.2786, 0.3366, 0.3366, 0.2786, 0.2786, 0.3366, 0.3366, 0.2786, 0.2786, 0.3366, 0.3366, 0.2786, 0.2786, 0.3366, 0.3366, 0.2786, 0.2786, 0.3366, 0.3366, 0.2786, 0.2786, 0.3366, 0.3366, 0.2786, 0.2786, 0.3366, 0.3366, 0.2786, 0.2786, 0.3366, 0.3366, 0.2786, 0.2786, 0.3366, 0.3366, 0.2786, 0.2786, 0.3366, 0.3366, 0.2786, 0.2786, 0.3366, 0.3366, 0.2786, 0.3752, 0.3752, 0.3752, 0.3752, 0.3752, 0.3752, 0.3752, 0.3752, 0.3534, 0.5705, 0.5705, 0.3534, 0.3534, 0.5705, 0.5705, 0.3534, 0.3534, 0.5705, 0.5705, 0.3534, 0.3534, 0.5705, 0.5705, 0.3534, 0.3534, 0.2922, 0.2922, 0.3534, 0.3534, 0.2922, 0.2922, 0.3534, 0.3534, 0.2922, 0.2922, 0.3534, 0.3534, 0.2922, 0.2922, 0.3534, 0.3534, 0.2922, 0.2922, 0.3534, 0.3534, 0.2922, 0.2922, 0.3534, 0.3534, 0.2922, 0.2922, 0.3534, 0.3534, 0.2922, 0.2922, 0.3534, 0.3534, 0.2922, 0.2922, 0.3534, 0.3534, 0.2922, 0.2922, 0.3534, 0.3534, 0.2922, 0.2922, 0.3534, 0.3534, 0.2922, 0.2922, 0.3534, 0.3534, 0.2922, 0.2922, 0.3534, 0.3534, 0.2922, 0.2922, 0.3534, 0.3534, 0.2922, 0.2922, 0.3534, 0.3534, 0.2922, 0.2922, 0.3534, 0.3534, 0.2922, 0.2922, 0.3534, 0.2786, 0.3366, 0.3366, 0.2786, 0.3873, 0.1681, 0.1681, 0.3873, 0.3873, 0.1681, 0.1681, 0.3873, 0.2786, 0.5398, 0.5398, 0.2786, 0.2786, 0.5398, 0.5398, 0.2786, 0.3752, 0.3752, 0.3752, 0.3752, 0.3752, 0.3752, 0.3752, 0.3752, 0.3752, 0.3752, 0.3752, 0.3752, 0.3752, 0.3752, 0.3752, 0.3752, 0.4396, 0.4396, 0.4396, 0.4396, 0.4396, 0.4396, 0.4396, 0.4396, 0.4396, 0.4396, 0.4396, 0.4396, 0.4396, 0.4396, 0.4396, 0.4396, 0.4396, 0.4396, 0.4396, 0.4396, 0.4396, 0.4396, 0.2786, 0.3394, 0.3394, 0.2786, 0.2786, 0.3394, 0.3394, 0.2786, 0.4396, 0.4396, 0.4396, 0.4396, 0.3534, 0.3534, 0.4396, 0.4396, 0.2786, 0.2786, 0.3752, 0.3752, 0.4396, 0.4396, 0.3752, 0.3752, 0.4396, 0.4396, 0.3752, 0.3752, 0.3752, 0.3752, 0.2786, 0.2786, 0.3534, 0.3534, 0.3752, 0.3752, 0.2786, 0.2786, 0.3752, 0.3752, 0.2786, 0.2786, 0.2786, 0.2786, 0.3534, 0.3534, 0.3873, 0.1681, 0.1681, 0.3873, 0.2786, 0.3394, 0.3394, 0.2786, 0.2786, 0.3394, 0.3394, 0.2786, 0.3752, 0.3752, 0.2786, 0.2786, 0.3752, 0.3752, 0.4396, 0.4396, 0.3752, 0.3752, 0.2786, 0.2786, 0.2786, 0.2786, 0.2786, 0.2786, 0.4396, 0.4396, 0.4396, 0.4396, 0.3752, 0.3752, 0.2786, 0.2786, 0.2786, 0.2786, 0.2786, 0.2786, 0.3752, 0.3752, 0.4396, 0.4396, 0.3752, 0.3752, 0.3752, 0.3752, 0.4396, 0.4396, 0.4396, 0.4396, 0.2786, 0.2786, 0.3752, 0.3752, 0.2786, 0.2786, 0.4396, 0.4396, 0.2786, 0.2786, 0.4396, 0.4396]","[0.0, 8.1315, 8.1315, 0.0, 0.0, 23.9337, 23.9337, 0.0, 0.0, 23.9337, 23.9337, 0.0, 0.0, 8.1315, 8.1315, 0.0, 0.0, 23.9337, 23.9337, 0.0, 0.0, 23.9337, 23.9337, 0.0, 0.0, 23.9337, 23.9337, 0.0, 0.0, 23.9337, 23.9337, 0.0, 0.0, 8.1315, 8.1315, 0.0, 0.0, 8.1315, 8.1315, 0.0, 0.0, 23.9337, 23.9337, 0.0, 0.0, 8.1315, 8.1315, 0.0, 0.0, 8.1315, 8.1315, 0.0, 0.0, 8.1315, 8.1315, 0.0, 0.0, 23.9337, 23.9337, 0.0, 4.6711, 0.0, 17.0082, 0.0, 4.6711, 0.0, 0.0, 23.9337, 23.9337, 0.0, 0.0, 8.1315, 8.1315, 0.0, 0.0, 23.9337, 23.9337, 0.0, 4.6711, 0.0, 17.0082, 0.0, 0.0, 8.1315, 8.1315, 0.0, 0.0, 23.9337, 23.9337, 0.0, 17.0082, 0.0, 0.0, 23.9337, 23.9337, 0.0, 0.0, 23.9337, 23.9337, 0.0, 0.0, 23.9337, 23.9337, 0.0, 0.0, 23.9337, 23.9337, 0.0, 0.0, 23.9337, 23.9337, 0.0, 0.0, 23.9337, 23.9337, 0.0, 0.0, 8.1315, 8.1315, 0.0, 0.0, 23.9337, 23.9337, 0.0, 0.0, 23.9337, 23.9337, 0.0, 0.0, 23.9337, 23.9337, 0.0, 0.0, 23.9337, 23.9337, 0.0, 0.0, 23.9337, 23.9337, 0.0, 0.0, 8.1315, 8.1315, 0.0, 0.0, 8.1315, 8.1315, 0.0, 0.0, 8.1315, 8.1315, 0.0, 0.0, 8.1315, 8.1315, 0.0, 0.0, 8.1315, 8.1315, 0.0, 0.0, 8.1315, 8.1315, 0.0, 0.0, 8.1315, 8.1315, 0.0, 0.0, 8.1315, 8.1315, 0.0, 0.0, 8.1315, 8.1315, 0.0, 0.0, 8.1315, 8.1315, 0.0, 0.0, 8.1315, 8.1315, 0.0, 0.0, 8.1315, 8.1315, 0.0, 11.6607, 0.0, 0.0, 16.7888, 16.7888, 0.0, 0.0, 23.9337, 23.9337, 0.0, 0.0, 8.1315, 8.1315, 0.0, 17.0082, 0.0, 0.0, 8.1315, 8.1315, 0.0, 0.0, 8.1315, 8.1315, 0.0, 4.6711, 0.0, 4.6711, 0.0, 11.6607, 0.0, 11.6607, 0.0, 11.6607, 0.0, 11.6607, 0.0, 11.6607, 0.0, 11.6607, 0.0, 11.6607, 0.0, 11.6607, 0.0, 11.6607, 0.0, 11.6607, 0.0, 11.6607, 0.0, 11.6607, 0.0, 11.6607, 0.0, 11.6607, 0.0, 11.6607, 0.0, 11.6607, 0.0, 11.6607, 0.0, 11.6607, 0.0, 11.6607, 0.0, 11.6607, 0.0, 11.6607, 0.0, 11.6607, 0.0, 11.6607, 0.0, 11.6607, 0.0, 11.6607, 0.0, 11.6607, 0.0, 11.6607, 0.0, 0.0, 11.1805, 11.1805, 0.0, 0.0, 11.1805, 11.1805, 0.0, 0.0, 11.1805, 11.1805, 0.0, 0.0, 11.1805, 11.1805, 0.0, 0.0, 29.7445, 29.7445, 0.0, 0.0, 29.7445, 29.7445, 0.0, 0.0, 29.7445, 29.7445, 0.0, 0.0, 16.7888, 16.7888, 0.0, 0.0, 16.7888, 16.7888, 0.0, 0.0, 16.7888, 16.7888, 0.0, 0.0, 16.7888, 16.7888, 0.0, 0.0, 16.7888, 16.7888, 0.0, 0.0, 16.7888, 16.7888, 0.0, 0.0, 16.7888, 16.7888, 0.0, 0.0, 16.7888, 16.7888, 0.0, 0.0, 16.7888, 16.7888, 0.0, 0.0, 16.7888, 16.7888, 0.0, 0.0, 15.6327, 15.6327, 0.0, 0.0, 15.6327, 15.6327, 0.0, 0.0, 15.6327, 15.6327, 0.0, 0.0, 15.6327, 15.6327, 0.0, 0.0, 15.6327, 15.6327, 0.0, 0.0, 15.6327, 15.6327, 0.0, 0.0, 15.6327, 15.6327, 0.0, 0.0, 15.6327, 15.6327, 0.0, 0.0, 15.6327, 15.6327, 0.0, 0.0, 15.6327, 15.6327, 0.0, 0.0, 15.6327, 15.6327, 0.0, 0.0, 15.6327, 15.6327, 0.0, 0.0, 15.6327, 15.6327, 0.0, 0.0, 15.6327, 15.6327, 0.0, 0.0, 15.6327, 15.6327, 0.0, 0.0, 15.6327, 15.6327, 0.0, 0.0, 15.6327, 15.6327, 0.0, 6.7958, 0.0, 6.7958, 0.0, 6.7958, 0.0, 6.7958, 0.0, 6.7958, 0.0, 6.7958, 0.0, 6.7958, 0.0, 6.7958, 0.0, 6.7958, 0.0, 6.7958, 0.0, 6.7958, 0.0, 6.7958, 0.0, 6.7958, 0.0, 6.7958, 0.0, 6.7958, 0.0, 6.7958, 0.0, 6.7958, 0.0, 6.7958, 0.0, 6.7958, 0.0, 6.7958, 0.0, 6.7958, 0.0, 6.7958, 0.0, 4.6711, 0.0, 6.7958, 0.0, 6.7958, 0.0, 6.7958, 0.0, 26.6078, 0.0, 26.6078, 0.0, 26.6078, 0.0, 26.6078, 0.0, 25.0202, 0.0, 25.0202, 0.0, 25.0202, 0.0, 25.0202, 0.0, 25.0202, 0.0, 0.0, 11.1805, 11.1805, 0.0, 0.0, 11.1805, 11.1805, 0.0, 0.0, 11.1805, 11.1805, 0.0, 0.0, 11.1805, 11.1805, 0.0, 0.0, 11.1805, 11.1805, 0.0, 0.0, 11.1805, 11.1805, 0.0, 0.0, 11.1805, 11.1805, 0.0, 26.6078, 0.0, 26.6078, 0.0, 26.6078, 0.0, 26.6078, 0.0, 26.6078, 0.0, 26.6078, 0.0, 26.6078, 0.0, 26.6078, 0.0, 26.6078, 0.0, 26.6078, 0.0, 26.6078, 0.0, 26.6078, 0.0, 26.6078, 0.0, 26.6078, 0.0, 26.6078, 0.0, 26.6078, 0.0, 26.6078, 0.0, 26.6078, 0.0, 26.6078, 0.0, 26.6078, 0.0, 26.6078, 0.0, 26.6078, 0.0, 26.6078, 0.0, 26.6078, 0.0, 0.0, 15.6327, 15.6327, 0.0, 0.0, 15.6327, 15.6327, 0.0, 0.0, 15.6327, 15.6327, 0.0, 0.0, 15.6327, 15.6327, 0.0, 0.0, 11.1805, 11.1805, 0.0, 0.0, 11.1805, 11.1805, 0.0, 0.0, 11.1805, 11.1805, 0.0, 25.0202, 0.0, 25.0202, 0.0, 25.0202, 0.0, 25.0202, 0.0, 25.0202, 0.0, 25.0202, 0.0, 25.0202, 0.0, 25.0202, 0.0, 25.0202, 0.0, 25.0202, 0.0, 25.0202, 0.0, 25.0202, 0.0, 25.0202, 0.0, 25.0202, 0.0, 25.0202, 0.0, 25.0202, 0.0, 25.0202, 0.0, 25.0202, 0.0, 25.0202, 0.0, 25.0202, 0.0, 25.0202, 0.0, 25.0202, 0.0, 25.0202, 0.0, 0.0, 29.7445, 29.7445, 0.0, 0.0, 29.7445, 29.7445, 0.0, 0.0, 29.7445, 29.7445, 0.0, 0.0, 29.7445, 29.7445, 0.0, 0.0, 29.7445, 29.7445, 0.0, 0.0, 29.7445, 29.7445, 0.0, 0.0, 29.7445, 29.7445, 0.0, 0.0, 29.7445, 29.7445, 0.0, 0.0, 29.7445, 29.7445, 0.0, 0.0, 29.7445, 29.7445, 0.0, 13.2532, 0.0, 0.0, 15.6327, 15.6327, 0.0, 0.0, 15.6327, 15.6327, 0.0, 0.0, 15.6327, 15.6327, 0.0, 0.0, 15.6327, 15.6327, 0.0, 0.0, 15.6327, 15.6327, 0.0, 0.0, 15.6327, 15.6327, 0.0, 0.0, 15.6327, 15.6327, 0.0, 4.6711, 0.0, 4.6711, 0.0, 4.6711, 0.0, 4.6711, 0.0, 4.6711, 0.0, 4.6711, 0.0, 4.6711, 0.0, 13.2532, 0.0, 0.0, 11.1805, 11.1805, 0.0, 0.0, 11.1805, 11.1805, 0.0, 0.0, 11.1805, 11.1805, 0.0, 0.0, 11.1805, 11.1805, 0.0, 0.0, 11.1805, 11.1805, 0.0, 0.0, 11.1805, 11.1805, 0.0, 0.0, 11.1805, 11.1805, 0.0, 0.0, 11.1805, 11.1805, 0.0, 0.0, 11.1805, 11.1805, 0.0, 0.0, 11.1805, 11.1805, 0.0, 0.0, 11.1805, 11.1805, 0.0, 0.0, 11.1805, 11.1805, 0.0, 0.0, 34.5551, 34.5551, 0.0, 0.0, 34.5551, 34.5551, 0.0, 0.0, 34.5551, 34.5551, 0.0, 0.0, 34.5551, 34.5551, 0.0, 0.0, 34.5551, 34.5551, 0.0, 0.0, 34.5551, 34.5551, 0.0, 0.0, 34.5551, 34.5551, 0.0, 0.0, 34.5551, 34.5551, 0.0, 0.0, 34.5551, 34.5551, 0.0, 0.0, 34.5551, 34.5551, 0.0, 0.0, 34.5551, 34.5551, 0.0, 0.0, 34.5551, 34.5551, 0.0, 0.0, 34.5551, 34.5551, 0.0, 0.0, 34.5551, 34.5551, 0.0, 0.0, 34.5551, 34.5551, 0.0, 0.0, 34.5551, 34.5551, 0.0, 0.0, 34.5551, 34.5551, 0.0, 0.0, 34.5551, 34.5551, 0.0, 0.0, 34.5551, 34.5551, 0.0, 0.0, 34.5551, 34.5551, 0.0, 0.0, 34.5551, 34.5551, 0.0, 0.0, 34.5551, 34.5551, 0.0, 0.0, 34.5551, 34.5551, 0.0, 0.0, 34.5551, 34.5551, 0.0, 0.0, 23.9337, 23.9337, 0.0, 0.0, 29.7445, 29.7445, 0.0, 0.0, 29.7445, 29.7445, 0.0, 0.0, 29.7445, 29.7445, 0.0, 0.0, 29.7445, 29.7445, 0.0, 0.0, 29.7445, 29.7445, 0.0, 0.0, 29.7445, 29.7445, 0.0, 0.0, 29.7445, 29.7445, 0.0, 0.0, 29.7445, 29.7445, 0.0, 0.0, 29.7445, 29.7445, 0.0, 0.0, 29.7445, 29.7445, 0.0, 0.0, 29.7445, 29.7445, 0.0, 0.0, 29.7445, 29.7445, 0.0, 0.0, 29.7445, 29.7445, 0.0, 0.0, 29.7445, 29.7445, 0.0, 13.2532, 0.0, 13.2532, 0.0, 13.2532, 0.0, 13.2532, 0.0, 0.0, 34.5551, 34.5551, 0.0, 0.0, 34.5551, 34.5551, 0.0, 0.0, 34.5551, 34.5551, 0.0, 0.0, 34.5551, 34.5551, 0.0, 0.0, 16.7888, 16.7888, 0.0, 0.0, 16.7888, 16.7888, 0.0, 0.0, 16.7888, 16.7888, 0.0, 0.0, 16.7888, 16.7888, 0.0, 0.0, 16.7888, 16.7888, 0.0, 0.0, 16.7888, 16.7888, 0.0, 0.0, 16.7888, 16.7888, 0.0, 0.0, 16.7888, 16.7888, 0.0, 0.0, 16.7888, 16.7888, 0.0, 0.0, 16.7888, 16.7888, 0.0, 0.0, 16.7888, 16.7888, 0.0, 0.0, 16.7888, 16.7888, 0.0, 0.0, 16.7888, 16.7888, 0.0, 0.0, 16.7888, 16.7888, 0.0, 0.0, 16.7888, 16.7888, 0.0, 0.0, 16.7888, 16.7888, 0.0, 0.0, 16.7888, 16.7888, 0.0, 0.0, 29.7445, 29.7445, 0.0, 0.0, 8.1315, 8.1315, 0.0, 0.0, 8.1315, 8.1315, 0.0, 0.0, 11.1805, 11.1805, 0.0, 0.0, 11.1805, 11.1805, 0.0, 13.2532, 0.0, 13.2532, 0.0, 13.2532, 0.0, 13.2532, 0.0, 13.2532, 0.0, 13.2532, 0.0, 13.2532, 0.0, 13.2532, 0.0, 17.0082, 0.0, 17.0082, 0.0, 17.0082, 0.0, 17.0082, 0.0, 17.0082, 0.0, 17.0082, 0.0, 17.0082, 0.0, 17.0082, 0.0, 17.0082, 0.0, 17.0082, 0.0, 17.0082, 0.0, 0.0, 23.9337, 23.9337, 0.0, 0.0, 23.9337, 23.9337, 0.0, 17.0082, 0.0, 17.0082, 0.0, 6.7958, 0.0, 17.0082, 0.0, 4.6711, 0.0, 13.2532, 0.0, 17.0082, 0.0, 13.2532, 0.0, 17.0082, 0.0, 13.2532, 0.0, 13.2532, 0.0, 4.6711, 0.0, 6.7958, 0.0, 13.2532, 0.0, 4.6711, 0.0, 13.2532, 0.0, 4.6711, 0.0, 4.6711, 0.0, 6.7958, 0.0, 0.0, 8.1315, 8.1315, 0.0, 0.0, 23.9337, 23.9337, 0.0, 0.0, 23.9337, 23.9337, 0.0, 13.2532, 0.0, 4.6711, 0.0, 13.2532, 0.0, 17.0082, 0.0, 13.2532, 0.0, 4.6711, 0.0, 4.6711, 0.0, 4.6711, 0.0, 17.0082, 0.0, 17.0082, 0.0, 13.2532, 0.0, 4.6711, 0.0, 4.6711, 0.0, 4.6711, 0.0, 13.2532, 0.0, 17.0082, 0.0, 13.2532, 0.0, 13.2532, 0.0, 17.0082, 0.0, 17.0082, 0.0, 4.6711, 0.0, 13.2532, 0.0, 4.6711, 0.0, 17.0082, 0.0, 4.6711, 0.0, 17.0082, 0.0]",success,
0.5,1000,1.2,15,392,1.9473,"[3, 9, 3, 0, 3, 11, 3, 0, 8, 0, 7, 12, 7, 0, 13, 0, 7, 10, 7, 0, 13, 0, 13, 0, 8, 0, 7, 14, 7, 0, 3, 11, 3, 0, 3, 11, 3, 0, 7, 10, 7, 0, 8, 0, 3, 9, 3, 0, 7, 12, 7, 0, 3, 9, 3, 0, 3, 9, 3, 0, 7, 12, 7, 0, 3, 9, 3, 0, 7, 10, 7, 0, 3, 11, 3, 0, 7, 14, 7, 0, 7, 10, 7, 0, 7, 12, 7, 0, 3, 9, 3, 0, 3, 11, 3, 0, 13, 0, 3, 9, 3, 0, 13, 0, 13, 0, 8, 0, 6, 2, 6, 0, 7, 12, 7, 0, 3, 9, 3, 0, 7, 10, 7, 0, 13, 0, 3, 11, 3, 0, 3, 11, 3, 0, 7, 12, 7, 0, 7, 12, 7, 0, 3, 11, 3, 0, 3, 11, 3, 0, 3, 11, 3, 0, 3, 11, 3, 0, 3, 11, 3, 0, 6, 5, 6, 0, 6, 5, 6, 0, 6, 5, 6, 0, 3, 11, 3, 0, 8, 0, 6, 2, 6, 0, 3, 9, 3, 0, 7, 12, 7, 0, 3, 9, 3, 0, 13, 0, 6, 2, 6, 0, 3, 9, 3, 0, 6, 5, 6, 0, 7, 12, 7, 0, 3, 11, 3, 0, 3, 11, 3, 0, 3, 11, 3, 0, 3, 11, 3, 0, 3, 11, 3, 0, 3, 11, 3, 0, 3, 11, 3, 0, 6, 5, 6, 0, 6, 5, 6, 0, 6, 5, 6, 0, 6, 5, 6, 0, 6, 5, 6, 0, 6, 5, 6, 0, 6, 5, 6, 0, 6, 5, 6, 0, 6, 5, 6, 0, 6, 5, 6, 0, 6, 5, 6, 0, 6, 5, 6, 0, 6, 5, 6, 0, 6, 5, 6, 0, 6, 5, 6, 0, 6, 2, 6, 0, 6, 2, 6, 0, 6, 2, 6, 0, 6, 2, 6, 0, 6, 2, 6, 0, 6, 2, 6, 0, 6, 2, 6, 0, 6, 2, 6, 0, 6, 2, 6, 0, 6, 2, 6, 0, 6, 2, 6, 0, 6, 2, 6, 0, 6, 2, 6, 0, 6, 2, 6, 0, 6, 2, 6, 0, 6, 2, 6, 0, 6, 2, 6, 0, 6, 2, 6, 0, 6, 2, 6, 0, 6, 2, 6, 0, 6, 2, 6, 0, 7, 14, 7, 0, 7, 14, 7, 0, 7, 14, 7, 0, 7, 14, 7, 0, 7, 14, 7, 0, 7, 14, 7, 0, 7, 14, 7, 0, 7, 14, 7, 0, 7, 14, 7, 0, 7, 14, 7, 0, 7, 14, 7, 0, 7, 14, 7, 0, 7, 14, 7, 0, 7, 14, 7, 0, 7, 14, 7, 0, 7, 14, 7, 0, 7, 14, 7, 0, 7, 12, 7, 0, 7, 12, 7, 0, 7, 12, 7, 0, 7, 12, 7, 0, 7, 12, 7, 0, 7, 12, 7, 0, 1, 0, 1, 0, 3, 0, 7, 12, 7, 0, 7, 12, 7, 0, 7, 12, 7, 0, 7, 12, 7, 0, 7, 12, 7, 0, 7, 12, 7, 0, 13, 0, 6, 5, 6, 0, 3, 11, 3, 0, 6, 5, 6, 0, 7, 14, 7, 0, 6, 5, 6, 0, 6, 5, 6, 0, 13, 0, 3, 9, 3, 0, 7, 12, 7, 0, 8, 0, 8, 0, 8, 0, 8, 0, 8, 0, 8, 0, 8, 0, 8, 0, 8, 0, 8, 0, 8, 0, 8, 0, 8, 0, 8, 0, 8, 0, 8, 0, 8, 0, 8, 0, 8, 0, 1, 0, 1, 0, 1, 0, 1, 0, 1, 0, 1, 0, 1, 0, 1, 0, 1, 0, 1, 0, 1, 0, 1, 0, 1, 0, 1, 0, 1, 0, 1, 0, 1, 0, 7, 0, 7, 14, 7, 0, 3, 9, 3, 0, 3, 0, 7, 10, 7, 0, 3, 0, 13, 0, 6, 5, 6, 0, 13, 0, 7, 10, 7, 0, 7, 12, 7, 0, 7, 12, 7, 0, 13, 0, 3, 11, 3, 0, 3, 9, 3, 0, 7, 14, 7, 0, 7, 14, 7, 0, 3, 9, 3, 0, 6, 5, 6, 0, 6, 2, 6, 0, 3, 11, 3, 0, 13, 0, 7, 10, 7, 0, 6, 2, 6, 0, 13, 0, 13, 0, 7, 12, 7, 0, 3, 9, 3, 0, 6, 2, 6, 0, 3, 11, 3, 0, 8, 0, 3, 11, 3, 0, 7, 12, 7, 0, 3, 9, 3, 0, 13, 0, 3, 9, 3, 0, 6, 5, 6, 0, 7, 14, 7, 0, 6, 2, 6, 0, 13, 0, 3, 11, 3, 0, 3, 9, 3, 0, 3, 9, 3, 0, 7, 12, 7, 0, 1, 0, 1, 0, 1, 0, 1, 0, 1, 0, 1, 0, 1, 0, 1, 0, 1, 0, 7, 0, 3, 0, 3, 0, 3, 0, 3, 0, 3, 0, 3, 0, 3, 0, 3, 0, 3, 0, 3, 0, 3, 0, 3, 0, 3, 0, 3, 0, 3, 0, 3, 0, 3, 0, 3, 0, 7, 10, 7, 0, 7, 10, 7, 0, 7, 10, 7, 0, 7, 10, 7, 0, 7, 10, 7, 0, 7, 10, 7, 0, 7, 10, 7, 0, 7, 10, 7, 0, 7, 10, 7, 0, 7, 10, 7, 0, 7, 10, 7, 0, 7, 10, 7, 0, 7, 10, 7, 0, 7, 10, 7, 0, 7, 10, 7, 0, 7, 10, 7, 0, 7, 10, 7, 0, 7, 10, 7, 0, 7, 0, 7, 0, 7, 0, 7, 0, 7, 0, 7, 0, 7, 0, 7, 0, 7, 0, 3, 0, 7, 0, 7, 0, 7, 0, 7, 0, 7, 0, 7, 0, 7, 0, 7, 0, 7, 0, 7, 0, 7, 0, 7, 0, 7, 0, 7, 0, 7, 0, 7, 0, 7, 0, 6, 0, 6, 0, 6, 0, 6, 0, 6, 0, 6, 0, 6, 0, 6, 0, 6, 0, 6, 0, 6, 0, 6, 0, 6, 0, 6, 0, 6, 0, 6, 0, 6, 0, 6, 0, 6, 0, 6, 0, 6, 0, 6, 0, 6, 0, 6, 0, 6, 0, 6, 0, 6, 0, 6, 0, 4, 0, 4, 0, 4, 0, 4, 0, 4, 0, 4, 0, 4, 0, 4, 0, 4, 0, 4, 0, 4, 0, 4, 0, 4, 0, 4, 0, 4, 0, 4, 0, 4, 0, 4, 0, 4, 0, 4, 0, 4, 0, 4, 0, 4, 0, 4, 0, 4, 0, 4, 0, 4, 0, 4, 0, 13, 0, 3, 9, 3, 0, 7, 14, 7, 0, 7, 12, 7, 0, 3, 9, 3, 0, 6, 5, 6, 0, 3, 9, 3, 0, 13, 0, 7, 10, 7, 0, 13, 0, 7, 14, 7, 0, 13, 0, 7, 10, 7, 0, 3, 11, 3, 0, 3, 0, 3, 0, 3, 0, 3, 0, 3, 0, 3, 0, 8, 0, 13, 0, 3, 11, 3, 0, 3, 9, 3, 0, 13, 0, 8, 0, 3, 9, 3, 0, 13, 0, 3, 9, 3, 0, 7, 14, 7, 0, 13, 0, 8, 0, 13, 0, 3, 9, 3, 0, 6, 5, 6, 0, 7, 14, 7, 0, 3, 9, 3, 0, 13, 0]","[0.1681, 0.1681, 0.3873, 0.3873, 0.2353, 0.2353, 0.3873, 0.4396, 0.4396, 0.2786, 0.3366, 0.3366, 0.2786, 0.4574, 0.4574, 0.2786, 0.3394, 0.3394, 0.2786, 0.4574, 0.4574, 0.4574, 0.4574, 0.4396, 0.4396, 0.2786, 0.5398, 0.5398, 0.2786, 0.3873, 0.2353, 0.2353, 0.3873, 0.3873, 0.2353, 0.2353, 0.3873, 0.2786, 0.3394, 0.3394, 0.2786, 0.4396, 0.4396, 0.3873, 0.1681, 0.1681, 0.3873, 0.2786, 0.3366, 0.3366, 0.2786, 0.3873, 0.1681, 0.1681, 0.3873, 0.3873, 0.1681, 0.1681, 0.3873, 0.2786, 0.3366, 0.3366, 0.2786, 0.3873, 0.1681, 0.1681, 0.3873, 0.2786, 0.3394, 0.3394, 0.2786, 0.3873, 0.2353, 0.2353, 0.3873, 0.2786, 0.5398, 0.5398, 0.2786, 0.2786, 0.3394, 0.3394, 0.2786, 0.2786, 0.3366, 0.3366, 0.2786, 0.3873, 0.1681, 0.1681, 0.3873, 0.3873, 0.2353, 0.2353, 0.3873, 0.4574, 0.4574, 0.3873, 0.1681, 0.1681, 0.3873, 0.4574, 0.4574, 0.4574, 0.4574, 0.4396, 0.4396, 0.3534, 0.5705, 0.5705, 0.3534, 0.2786, 0.3366, 0.3366, 0.2786, 0.3873, 0.1681, 0.1681, 0.3873, 0.2786, 0.3394, 0.3394, 0.2786, 0.4574, 0.4574, 0.3873, 0.2353, 0.2353, 0.3873, 0.3873, 0.2353, 0.2353, 0.3873, 0.2786, 0.3366, 0.3366, 0.2786, 0.2786, 0.3366, 0.3366, 0.2786, 0.3873, 0.2353, 0.2353, 0.3873, 0.3873, 0.2353, 0.2353, 0.3873, 0.3873, 0.2353, 0.2353, 0.3873, 0.3873, 0.2353, 0.2353, 0.3873, 0.3873, 0.2353, 0.2353, 0.3873, 0.3534, 0.2922, 0.2922, 0.3534, 0.3534, 0.2922, 0.2922, 0.3534, 0.3534, 0.2922, 0.2922, 0.3534, 0.3873, 0.2353, 0.2353, 0.3873, 0.4396, 0.4396, 0.3534, 0.5705, 0.5705, 0.3534, 0.3873, 0.1681, 0.1681, 0.3873, 0.2786, 0.3366, 0.3366, 0.2786, 0.3873, 0.1681, 0.1681, 0.3873, 0.4574, 0.4574, 0.3534, 0.5705, 0.5705, 0.3534, 0.3873, 0.1681, 0.1681, 0.3873, 0.3534, 0.2922, 0.2922, 0.3534, 0.2786, 0.3366, 0.3366, 0.2786, 0.3873, 0.2353, 0.2353, 0.3873, 0.3873, 0.2353, 0.2353, 0.3873, 0.3873, 0.2353, 0.2353, 0.3873, 0.3873, 0.2353, 0.2353, 0.3873, 0.3873, 0.2353, 0.2353, 0.3873, 0.3873, 0.2353, 0.2353, 0.3873, 0.3873, 0.2353, 0.2353, 0.3873, 0.3534, 0.2922, 0.2922, 0.3534, 0.3534, 0.2922, 0.2922, 0.3534, 0.3534, 0.2922, 0.2922, 0.3534, 0.3534, 0.2922, 0.2922, 0.3534, 0.3534, 0.2922, 0.2922, 0.3534, 0.3534, 0.2922, 0.2922, 0.3534, 0.3534, 0.2922, 0.2922, 0.3534, 0.3534, 0.2922, 0.2922, 0.3534, 0.3534, 0.2922, 0.2922, 0.3534, 0.3534, 0.2922, 0.2922, 0.3534, 0.3534, 0.2922, 0.2922, 0.3534, 0.3534, 0.2922, 0.2922, 0.3534, 0.3534, 0.2922, 0.2922, 0.3534, 0.3534, 0.2922, 0.2922, 0.3534, 0.3534, 0.2922, 0.2922, 0.3534, 0.3534, 0.5705, 0.5705, 0.3534, 0.3534, 0.5705, 0.5705, 0.3534, 0.3534, 0.5705, 0.5705, 0.3534, 0.3534, 0.5705, 0.5705, 0.3534, 0.3534, 0.5705, 0.5705, 0.3534, 0.3534, 0.5705, 0.5705, 0.3534, 0.3534, 0.5705, 0.5705, 0.3534, 0.3534, 0.5705, 0.5705, 0.3534, 0.3534, 0.5705, 0.5705, 0.3534, 0.3534, 0.5705, 0.5705, 0.3534, 0.3534, 0.5705, 0.5705, 0.3534, 0.3534, 0.5705, 0.5705, 0.3534, 0.3534, 0.5705, 0.5705, 0.3534, 0.3534, 0.5705, 0.5705, 0.3534, 0.3534, 0.5705, 0.5705, 0.3534, 0.3534, 0.5705, 0.5705, 0.3534, 0.3534, 0.5705, 0.5705, 0.3534, 0.3534, 0.5705, 0.5705, 0.3534, 0.3534, 0.5705, 0.5705, 0.3534, 0.3534, 0.5705, 0.5705, 0.3534, 0.3534, 0.5705, 0.5705, 0.3534, 0.2786, 0.5398, 0.5398, 0.2786, 0.2786, 0.5398, 0.5398, 0.2786, 0.2786, 0.5398, 0.5398, 0.2786, 0.2786, 0.5398, 0.5398, 0.2786, 0.2786, 0.5398, 0.5398, 0.2786, 0.2786, 0.5398, 0.5398, 0.2786, 0.2786, 0.5398, 0.5398, 0.2786, 0.2786, 0.5398, 0.5398, 0.2786, 0.2786, 0.5398, 0.5398, 0.2786, 0.2786, 0.5398, 0.5398, 0.2786, 0.2786, 0.5398, 0.5398, 0.2786, 0.2786, 0.5398, 0.5398, 0.2786, 0.2786, 0.5398, 0.5398, 0.2786, 0.2786, 0.5398, 0.5398, 0.2786, 0.2786, 0.5398, 0.5398, 0.2786, 0.2786, 0.5398, 0.5398, 0.2786, 0.2786, 0.5398, 0.5398, 0.2786, 0.2786, 0.3366, 0.3366, 0.2786, 0.2786, 0.3366, 0.3366, 0.2786, 0.2786, 0.3366, 0.3366, 0.2786, 0.2786, 0.3366, 0.3366, 0.2786, 0.2786, 0.3366, 0.3366, 0.2786, 0.2786, 0.3366, 0.3366, 0.2786, 0.4093, 0.4093, 0.4093, 0.4093, 0.3873, 0.3873, 0.2786, 0.3366, 0.3366, 0.2786, 0.2786, 0.3366, 0.3366, 0.2786, 0.2786, 0.3366, 0.3366, 0.2786, 0.2786, 0.3366, 0.3366, 0.2786, 0.2786, 0.3366, 0.3366, 0.2786, 0.2786, 0.3366, 0.3366, 0.2786, 0.4574, 0.4574, 0.3534, 0.2922, 0.2922, 0.3534, 0.3873, 0.2353, 0.2353, 0.3873, 0.3534, 0.2922, 0.2922, 0.3534, 0.2786, 0.5398, 0.5398, 0.2786, 0.3534, 0.2922, 0.2922, 0.3534, 0.3534, 0.2922, 0.2922, 0.3534, 0.4574, 0.4574, 0.3873, 0.1681, 0.1681, 0.3873, 0.2786, 0.3366, 0.3366, 0.2786, 0.4396, 0.4396, 0.4396, 0.4396, 0.4396, 0.4396, 0.4396, 0.4396, 0.4396, 0.4396, 0.4396, 0.4396, 0.4396, 0.4396, 0.4396, 0.4396, 0.4396, 0.4396, 0.4396, 0.4396, 0.4396, 0.4396, 0.4396, 0.4396, 0.4396, 0.4396, 0.4396, 0.4396, 0.4396, 0.4396, 0.4396, 0.4396, 0.4396, 0.4396, 0.4396, 0.4396, 0.4396, 0.4396, 0.4093, 0.4093, 0.4093, 0.4093, 0.4093, 0.4093, 0.4093, 0.4093, 0.4093, 0.4093, 0.4093, 0.4093, 0.4093, 0.4093, 0.4093, 0.4093, 0.4093, 0.4093, 0.4093, 0.4093, 0.4093, 0.4093, 0.4093, 0.4093, 0.4093, 0.4093, 0.4093, 0.4093, 0.4093, 0.4093, 0.4093, 0.4093, 0.4093, 0.4093, 0.2786, 0.2786, 0.2786, 0.5398, 0.5398, 0.2786, 0.3873, 0.1681, 0.1681, 0.3873, 0.3873, 0.3873, 0.2786, 0.3394, 0.3394, 0.2786, 0.3873, 0.3873, 0.4574, 0.4574, 0.3534, 0.2922, 0.2922, 0.3534, 0.4574, 0.4574, 0.2786, 0.3394, 0.3394, 0.2786, 0.2786, 0.3366, 0.3366, 0.2786, 0.2786, 0.3366, 0.3366, 0.2786, 0.4574, 0.4574, 0.3873, 0.2353, 0.2353, 0.3873, 0.3873, 0.1681, 0.1681, 0.3873, 0.2786, 0.5398, 0.5398, 0.2786, 0.2786, 0.5398, 0.5398, 0.2786, 0.3873, 0.1681, 0.1681, 0.3873, 0.3534, 0.2922, 0.2922, 0.3534, 0.3534, 0.5705, 0.5705, 0.3534, 0.3873, 0.2353, 0.2353, 0.3873, 0.4574, 0.4574, 0.2786, 0.3394, 0.3394, 0.2786, 0.3534, 0.5705, 0.5705, 0.3534, 0.4574, 0.4574, 0.4574, 0.4574, 0.2786, 0.3366, 0.3366, 0.2786, 0.3873, 0.1681, 0.1681, 0.3873, 0.3534, 0.5705, 0.5705, 0.3534, 0.3873, 0.2353, 0.2353, 0.3873, 0.4396, 0.4396, 0.3873, 0.2353, 0.2353, 0.3873, 0.2786, 0.3366, 0.3366, 0.2786, 0.3873, 0.1681, 0.1681, 0.3873, 0.4574, 0.4574, 0.3873, 0.1681, 0.1681, 0.3873, 0.3534, 0.2922, 0.2922, 0.3534, 0.2786, 0.5398, 0.5398, 0.2786, 0.3534, 0.5705, 0.5705, 0.3534, 0.4574, 0.4574, 0.3873, 0.2353, 0.2353, 0.3873, 0.3873, 0.1681, 0.1681, 0.3873, 0.3873, 0.1681, 0.1681, 0.3873, 0.2786, 0.3366, 0.3366, 0.2786, 0.4093, 0.4093, 0.4093, 0.4093, 0.4093, 0.4093, 0.4093, 0.4093, 0.4093, 0.4093, 0.4093, 0.4093, 0.4093, 0.4093, 0.4093, 0.4093, 0.4093, 0.4093, 0.2786, 0.2786, 0.3873, 0.3873, 0.3873, 0.3873, 0.3873, 0.3873, 0.3873, 0.3873, 0.3873, 0.3873, 0.3873, 0.3873, 0.3873, 0.3873, 0.3873, 0.3873, 0.3873, 0.3873, 0.3873, 0.3873, 0.3873, 0.3873, 0.3873, 0.3873, 0.3873, 0.3873, 0.3873, 0.3873, 0.3873, 0.3873, 0.3873, 0.3873, 0.3873, 0.3873, 0.3873, 0.3873, 0.2786, 0.3394, 0.3394, 0.2786, 0.2786, 0.3394, 0.3394, 0.2786, 0.2786, 0.3394, 0.3394, 0.2786, 0.2786, 0.3394, 0.3394, 0.2786, 0.2786, 0.3394, 0.3394, 0.2786, 0.2786, 0.3394, 0.3394, 0.2786, 0.2786, 0.3394, 0.3394, 0.2786, 0.2786, 0.3394, 0.3394, 0.2786, 0.2786, 0.3394, 0.3394, 0.2786, 0.2786, 0.3394, 0.3394, 0.2786, 0.2786, 0.3394, 0.3394, 0.2786, 0.2786, 0.3394, 0.3394, 0.2786, 0.2786, 0.3394, 0.3394, 0.2786, 0.2786, 0.3394, 0.3394, 0.2786, 0.2786, 0.3394, 0.3394, 0.2786, 0.2786, 0.3394, 0.3394, 0.2786, 0.2786, 0.3394, 0.3394, 0.2786, 0.2786, 0.3394, 0.3394, 0.2786, 0.2786, 0.2786, 0.2786, 0.2786, 0.2786, 0.2786, 0.2786, 0.2786, 0.2786, 0.2786, 0.2786, 0.2786, 0.2786, 0.2786, 0.2786, 0.2786, 0.2786, 0.2786, 0.3873, 0.3873, 0.2786, 0.2786, 0.2786, 0.2786, 0.2786, 0.2786, 0.2786, 0.2786, 0.2786, 0.2786, 0.2786, 0.2786, 0.2786, 0.2786, 0.2786, 0.2786, 0.2786, 0.2786, 0.2786, 0.2786, 0.2786, 0.2786, 0.2786, 0.2786, 0.2786, 0.2786, 0.2786, 0.2786, 0.2786, 0.2786, 0.2786, 0.2786, 0.2786, 0.2786, 0.3534, 0.3534, 0.3534, 0.3534, 0.3534, 0.3534, 0.3534, 0.3534, 0.3534, 0.3534, 0.3534, 0.3534, 0.3534, 0.3534, 0.3534, 0.3534, 0.3534, 0.3534, 0.3534, 0.3534, 0.3534, 0.3534, 0.3534, 0.3534, 0.3534, 0.3534, 0.3534, 0.3534, 0.3534, 0.3534, 0.3534, 0.3534, 0.3534, 0.3534, 0.3534, 0.3534, 0.3534, 0.3534, 0.3534, 0.3534, 0.3534, 0.3534, 0.3534, 0.3534, 0.3534, 0.3534, 0.3534, 0.3534, 0.3534, 0.3534, 0.3534, 0.3534, 0.3534, 0.3534, 0.3534, 0.3534, 0.3752, 0.3752, 0.3752, 0.3752, 0.3752, 0.3752, 0.3752, 0.3752, 0.3752, 0.3752, 0.3752, 0.3752, 0.3752, 0.3752, 0.3752, 0.3752, 0.3752, 0.3752, 0.3752, 0.3752, 0.3752, 0.3752, 0.3752, 0.3752, 0.3752, 0.3752, 0.3752, 0.3752, 0.3752, 0.3752, 0.3752, 0.3752, 0.3752, 0.3752, 0.3752, 0.3752, 0.3752, 0.3752, 0.3752, 0.3752, 0.3752, 0.3752, 0.3752, 0.3752, 0.3752, 0.3752, 0.3752, 0.3752, 0.3752, 0.3752, 0.3752, 0.3752, 0.3752, 0.3752, 0.3752, 0.3752, 0.4574, 0.4574, 0.3873, 0.1681, 0.1681, 0.3873, 0.2786, 0.5398, 0.5398, 0.2786, 0.2786, 0.3366, 0.3366, 0.2786, 0.3873, 0.1681, 0.1681, 0.3873, 0.3534, 0.2922, 0.2922, 0.3534, 0.3873, 0.1681, 0.1681, 0.3873, 0.4574, 0.4574, 0.2786, 0.3394, 0.3394, 0.2786, 0.4574, 0.4574, 0.2786, 0.5398, 0.5398, 0.2786, 0.4574, 0.4574, 0.2786, 0.3394, 0.3394, 0.2786, 0.3873, 0.2353, 0.2353, 0.3873, 0.3873, 0.3873, 0.3873, 0.3873, 0.3873, 0.3873, 0.3873, 0.3873, 0.3873, 0.3873, 0.3873, 0.3873, 0.4396, 0.4396, 0.4574, 0.4574, 0.3873, 0.2353, 0.2353, 0.3873, 0.3873, 0.1681, 0.1681, 0.3873, 0.4574, 0.4574, 0.4396, 0.4396, 0.3873, 0.1681, 0.1681, 0.3873, 0.4574, 0.4574, 0.3873, 0.1681, 0.1681, 0.3873, 0.2786, 0.5398, 0.5398, 0.2786, 0.4574, 0.4574, 0.4396, 0.4396, 0.4574, 0.4574, 0.3873, 0.1681, 0.1681, 0.3873, 0.3534, 0.2922, 0.2922, 0.3534, 0.2786, 0.5398, 0.5398, 0.2786, 0.3873, 0.1681, 0.1681, 0.3873, 0.4574, 0.4574]","[0.0, 8.1315, 8.1315, 0.0, 0.0, 15.6327, 15.6327, 0.0, 17.0082, 0.0, 0.0, 29.7445, 29.7445, 0.0, 25.0202, 0.0, 0.0, 23.9337, 23.9337, 0.0, 25.0202, 0.0, 25.0202, 0.0, 17.0082, 0.0, 0.0, 11.1805, 11.1805, 0.0, 0.0, 15.6327, 15.6327, 0.0, 0.0, 15.6327, 15.6327, 0.0, 0.0, 23.9337, 23.9337, 0.0, 17.0082, 0.0, 0.0, 8.1315, 8.1315, 0.0, 0.0, 29.7445, 29.7445, 0.0, 0.0, 8.1315, 8.1315, 0.0, 0.0, 8.1315, 8.1315, 0.0, 0.0, 29.7445, 29.7445, 0.0, 0.0, 8.1315, 8.1315, 0.0, 0.0, 23.9337, 23.9337, 0.0, 0.0, 15.6327, 15.6327, 0.0, 0.0, 11.1805, 11.1805, 0.0, 0.0, 23.9337, 23.9337, 0.0, 0.0, 29.7445, 29.7445, 0.0, 0.0, 8.1315, 8.1315, 0.0, 0.0, 15.6327, 15.6327, 0.0, 25.0202, 0.0, 0.0, 8.1315, 8.1315, 0.0, 25.0202, 0.0, 25.0202, 0.0, 17.0082, 0.0, 0.0, 34.5551, 34.5551, 0.0, 0.0, 29.7445, 29.7445, 0.0, 0.0, 8.1315, 8.1315, 0.0, 0.0, 23.9337, 23.9337, 0.0, 25.0202, 0.0, 0.0, 15.6327, 15.6327, 0.0, 0.0, 15.6327, 15.6327, 0.0, 0.0, 29.7445, 29.7445, 0.0, 0.0, 29.7445, 29.7445, 0.0, 0.0, 15.6327, 15.6327, 0.0, 0.0, 15.6327, 15.6327, 0.0, 0.0, 15.6327, 15.6327, 0.0, 0.0, 15.6327, 15.6327, 0.0, 0.0, 15.6327, 15.6327, 0.0, 0.0, 16.7888, 16.7888, 0.0, 0.0, 16.7888, 16.7888, 0.0, 0.0, 16.7888, 16.7888, 0.0, 0.0, 15.6327, 15.6327, 0.0, 17.0082, 0.0, 0.0, 34.5551, 34.5551, 0.0, 0.0, 8.1315, 8.1315, 0.0, 0.0, 29.7445, 29.7445, 0.0, 0.0, 8.1315, 8.1315, 0.0, 25.0202, 0.0, 0.0, 34.5551, 34.5551, 0.0, 0.0, 8.1315, 8.1315, 0.0, 0.0, 16.7888, 16.7888, 0.0, 0.0, 29.7445, 29.7445, 0.0, 0.0, 15.6327, 15.6327, 0.0, 0.0, 15.6327, 15.6327, 0.0, 0.0, 15.6327, 15.6327, 0.0, 0.0, 15.6327, 15.6327, 0.0, 0.0, 15.6327, 15.6327, 0.0, 0.0, 15.6327, 15.6327, 0.0, 0.0, 15.6327, 15.6327, 0.0, 0.0, 16.7888, 16.7888, 0.0, 0.0, 16.7888, 16.7888, 0.0, 0.0, 16.7888, 16.7888, 0.0, 0.0, 16.7888, 16.7888, 0.0, 0.0, 16.7888, 16.7888, 0.0, 0.0, 16.7888, 16.7888, 0.0, 0.0, 16.7888, 16.7888, 0.0, 0.0, 16.7888, 16.7888, 0.0, 0.0, 16.7888, 16.7888, 0.0, 0.0, 16.7888, 16.7888, 0.0, 0.0, 16.7888, 16.7888, 0.0, 0.0, 16.7888, 16.7888, 0.0, 0.0, 16.7888, 16.7888, 0.0, 0.0, 16.7888, 16.7888, 0.0, 0.0, 16.7888, 16.7888, 0.0, 0.0, 34.5551, 34.5551, 0.0, 0.0, 34.5551, 34.5551, 0.0, 0.0, 34.5551, 34.5551, 0.0, 0.0, 34.5551, 34.5551, 0.0, 0.0, 34.5551, 34.5551, 0.0, 0.0, 34.5551, 34.5551, 0.0, 0.0, 34.5551, 34.5551, 0.0, 0.0, 34.5551, 34.5551, 0.0, 0.0, 34.5551, 34.5551, 0.0, 0.0, 34.5551, 34.5551, 0.0, 0.0, 34.5551, 34.5551, 0.0, 0.0, 34.5551, 34.5551, 0.0, 0.0, 34.5551, 34.5551, 0.0, 0.0, 34.5551, 34.5551, 0.0, 0.0, 34.5551, 34.5551, 0.0, 0.0, 34.5551, 34.5551, 0.0, 0.0, 34.5551, 34.5551, 0.0, 0.0, 34.5551, 34.5551, 0.0, 0.0, 34.5551, 34.5551, 0.0, 0.0, 34.5551, 34.5551, 0.0, 0.0, 34.5551, 34.5551, 0.0, 0.0, 11.1805, 11.1805, 0.0, 0.0, 11.1805, 11.1805, 0.0, 0.0, 11.1805, 11.1805, 0.0, 0.0, 11.1805, 11.1805, 0.0, 0.0, 11.1805, 11.1805, 0.0, 0.0, 11.1805, 11.1805, 0.0, 0.0, 11.1805, 11.1805, 0.0, 0.0, 11.1805, 11.1805, 0.0, 0.0, 11.1805, 11.1805, 0.0, 0.0, 11.1805, 11.1805, 0.0, 0.0, 11.1805, 11.1805, 0.0, 0.0, 11.1805, 11.1805, 0.0, 0.0, 11.1805, 11.1805, 0.0, 0.0, 11.1805, 11.1805, 0.0, 0.0, 11.1805, 11.1805, 0.0, 0.0, 11.1805, 11.1805, 0.0, 0.0, 11.1805, 11.1805, 0.0, 0.0, 29.7445, 29.7445, 0.0, 0.0, 29.7445, 29.7445, 0.0, 0.0, 29.7445, 29.7445, 0.0, 0.0, 29.7445, 29.7445, 0.0, 0.0, 29.7445, 29.7445, 0.0, 0.0, 29.7445, 29.7445, 0.0, 26.6078, 0.0, 26.6078, 0.0, 11.6607, 0.0, 0.0, 29.7445, 29.7445, 0.0, 0.0, 29.7445, 29.7445, 0.0, 0.0, 29.7445, 29.7445, 0.0, 0.0, 29.7445, 29.7445, 0.0, 0.0, 29.7445, 29.7445, 0.0, 0.0, 29.7445, 29.7445, 0.0, 25.0202, 0.0, 0.0, 16.7888, 16.7888, 0.0, 0.0, 15.6327, 15.6327, 0.0, 0.0, 16.7888, 16.7888, 0.0, 0.0, 11.1805, 11.1805, 0.0, 0.0, 16.7888, 16.7888, 0.0, 0.0, 16.7888, 16.7888, 0.0, 25.0202, 0.0, 0.0, 8.1315, 8.1315, 0.0, 0.0, 29.7445, 29.7445, 0.0, 17.0082, 0.0, 17.0082, 0.0, 17.0082, 0.0, 17.0082, 0.0, 17.0082, 0.0, 17.0082, 0.0, 17.0082, 0.0, 17.0082, 0.0, 17.0082, 0.0, 17.0082, 0.0, 17.0082, 0.0, 17.0082, 0.0, 17.0082, 0.0, 17.0082, 0.0, 17.0082, 0.0, 17.0082, 0.0, 17.0082, 0.0, 17.0082, 0.0, 17.0082, 0.0, 26.6078, 0.0, 26.6078, 0.0, 26.6078, 0.0, 26.6078, 0.0, 26.6078, 0.0, 26.6078, 0.0, 26.6078, 0.0, 26.6078, 0.0, 26.6078, 0.0, 26.6078, 0.0, 26.6078, 0.0, 26.6078, 0.0, 26.6078, 0.0, 26.6078, 0.0, 26.6078, 0.0, 26.6078, 0.0, 26.6078, 0.0, 4.6711, 0.0, 0.0, 11.1805, 11.1805, 0.0, 0.0, 8.1315, 8.1315, 0.0, 11.6607, 0.0, 0.0, 23.9337, 23.9337, 0.0, 11.6607, 0.0, 25.0202, 0.0, 0.0, 16.7888, 16.7888, 0.0, 25.0202, 0.0, 0.0, 23.9337, 23.9337, 0.0, 0.0, 29.7445, 29.7445, 0.0, 0.0, 29.7445, 29.7445, 0.0, 25.0202, 0.0, 0.0, 15.6327, 15.6327, 0.0, 0.0, 8.1315, 8.1315, 0.0, 0.0, 11.1805, 11.1805, 0.0, 0.0, 11.1805, 11.1805, 0.0, 0.0, 8.1315, 8.1315, 0.0, 0.0, 16.7888, 16.7888, 0.0, 0.0, 34.5551, 34.5551, 0.0, 0.0, 15.6327, 15.6327, 0.0, 25.0202, 0.0, 0.0, 23.9337, 23.9337, 0.0, 0.0, 34.5551, 34.5551, 0.0, 25.0202, 0.0, 25.0202, 0.0, 0.0, 29.7445, 29.7445, 0.0, 0.0, 8.1315, 8.1315, 0.0, 0.0, 34.5551, 34.5551, 0.0, 0.0, 15.6327, 15.6327, 0.0, 17.0082, 0.0, 0.0, 15.6327, 15.6327, 0.0, 0.0, 29.7445, 29.7445, 0.0, 0.0, 8.1315, 8.1315, 0.0, 25.0202, 0.0, 0.0, 8.1315, 8.1315, 0.0, 0.0, 16.7888, 16.7888, 0.0, 0.0, 11.1805, 11.1805, 0.0, 0.0, 34.5551, 34.5551, 0.0, 25.0202, 0.0, 0.0, 15.6327, 15.6327, 0.0, 0.0, 8.1315, 8.1315, 0.0, 0.0, 8.1315, 8.1315, 0.0, 0.0, 29.7445, 29.7445, 0.0, 26.6078, 0.0, 26.6078, 0.0, 26.6078, 0.0, 26.6078, 0.0, 26.6078, 0.0, 26.6078, 0.0, 26.6078, 0.0, 26.6078, 0.0, 26.6078, 0.0, 4.6711, 0.0, 11.6607, 0.0, 11.6607, 0.0, 11.6607, 0.0, 11.6607, 0.0, 11.6607, 0.0, 11.6607, 0.0, 11.6607, 0.0, 11.6607, 0.0, 11.6607, 0.0, 11.6607, 0.0, 11.6607, 0.0, 11.6607, 0.0, 11.6607, 0.0, 11.6607, 0.0, 11.6607, 0.0, 11.6607, 0.0, 11.6607, 0.0, 11.6607, 0.0, 0.0, 23.9337, 23.9337, 0.0, 0.0, 23.9337, 23.9337, 0.0, 0.0, 23.9337, 23.9337, 0.0, 0.0, 23.9337, 23.9337, 0.0, 0.0, 23.9337, 23.9337, 0.0, 0.0, 23.9337, 23.9337, 0.0, 0.0, 23.9337, 23.9337, 0.0, 0.0, 23.9337, 23.9337, 0.0, 0.0, 23.9337, 23.9337, 0.0, 0.0, 23.9337, 23.9337, 0.0, 0.0, 23.9337, 23.9337, 0.0, 0.0, 23.9337, 23.9337, 0.0, 0.0, 23.9337, 23.9337, 0.0, 0.0, 23.9337, 23.9337, 0.0, 0.0, 23.9337, 23.9337, 0.0, 0.0, 23.9337, 23.9337, 0.0, 0.0, 23.9337, 23.9337, 0.0, 0.0, 23.9337, 23.9337, 0.0, 4.6711, 0.0, 4.6711, 0.0, 4.6711, 0.0, 4.6711, 0.0, 4.6711, 0.0, 4.6711, 0.0, 4.6711, 0.0, 4.6711, 0.0, 4.6711, 0.0, 11.6607, 0.0, 4.6711, 0.0, 4.6711, 0.0, 4.6711, 0.0, 4.6711, 0.0, 4.6711, 0.0, 4.6711, 0.0, 4.6711, 0.0, 4.6711, 0.0, 4.6711, 0.0, 4.6711, 0.0, 4.6711, 0.0, 4.6711, 0.0, 4.6711, 0.0, 4.6711, 0.0, 4.6711, 0.0, 4.6711, 0.0, 4.6711, 0.0, 6.7958, 0.0, 6.7958, 0.0, 6.7958, 0.0, 6.7958, 0.0, 6.7958, 0.0, 6.7958, 0.0, 6.7958, 0.0, 6.7958, 0.0, 6.7958, 0.0, 6.7958, 0.0, 6.7958, 0.0, 6.7958, 0.0, 6.7958, 0.0, 6.7958, 0.0, 6.7958, 0.0, 6.7958, 0.0, 6.7958, 0.0, 6.7958, 0.0, 6.7958, 0.0, 6.7958, 0.0, 6.7958, 0.0, 6.7958, 0.0, 6.7958, 0.0, 6.7958, 0.0, 6.7958, 0.0, 6.7958, 0.0, 6.7958, 0.0, 6.7958, 0.0, 13.2532, 0.0, 13.2532, 0.0, 13.2532, 0.0, 13.2532, 0.0, 13.2532, 0.0, 13.2532, 0.0, 13.2532, 0.0, 13.2532, 0.0, 13.2532, 0.0, 13.2532, 0.0, 13.2532, 0.0, 13.2532, 0.0, 13.2532, 0.0, 13.2532, 0.0, 13.2532, 0.0, 13.2532, 0.0, 13.2532, 0.0, 13.2532, 0.0, 13.2532, 0.0, 13.2532, 0.0, 13.2532, 0.0, 13.2532, 0.0, 13.2532, 0.0, 13.2532, 0.0, 13.2532, 0.0, 13.2532, 0.0, 13.2532, 0.0, 13.2532, 0.0, 25.0202, 0.0, 0.0, 8.1315, 8.1315, 0.0, 0.0, 11.1805, 11.1805, 0.0, 0.0, 29.7445, 29.7445, 0.0, 0.0, 8.1315, 8.1315, 0.0, 0.0, 16.7888, 16.7888, 0.0, 0.0, 8.1315, 8.1315, 0.0, 25.0202, 0.0, 0.0, 23.9337, 23.9337, 0.0, 25.0202, 0.0, 0.0, 11.1805, 11.1805, 0.0, 25.0202, 0.0, 0.0, 23.9337, 23.9337, 0.0, 0.0, 15.6327, 15.6327, 0.0, 11.6607, 0.0, 11.6607, 0.0, 11.6607, 0.0, 11.6607, 0.0, 11.6607, 0.0, 11.6607, 0.0, 17.0082, 0.0, 25.0202, 0.0, 0.0, 15.6327, 15.6327, 0.0, 0.0, 8.1315, 8.1315, 0.0, 25.0202, 0.0, 17.0082, 0.0, 0.0, 8.1315, 8.1315, 0.0, 25.0202, 0.0, 0.0, 8.1315, 8.1315, 0.0, 0.0, 11.1805, 11.1805, 0.0, 25.0202, 0.0, 17.0082, 0.0, 25.0202, 0.0, 0.0, 8.1315, 8.1315, 0.0, 0.0, 16.7888, 16.7888, 0.0, 0.0, 11.1805, 11.1805, 0.0, 0.0, 8.1315, 8.1315, 0.0, 25.0202, 0.0]",success,
0.5,1000,1.3,15,392,2.7173,"[6, 5, 6, 0, 6, 5, 6, 0, 6, 2, 6, 0, 6, 2, 6, 0, 6, 2, 6, 0, 6, 2, 6, 0, 6, 2, 6, 0, 7, 14, 7, 0, 7, 14, 7, 0, 6, 5, 6, 0, 7, 14, 7, 0, 6, 5, 6, 0, 6, 2, 6, 0, 6, 2, 6, 0, 6, 2, 6, 0, 7, 0, 6, 5, 6, 0, 7, 14, 7, 0, 6, 2, 6, 0, 6, 2, 6, 0, 7, 14, 7, 0, 6, 2, 6, 0, 7, 14, 7, 0, 6, 2, 6, 0, 6, 2, 6, 0, 7, 14, 7, 0, 6, 2, 6, 0, 6, 2, 6, 0, 6, 2, 6, 0, 7, 14, 7, 0, 7, 0, 7, 14, 7, 0, 7, 14, 7, 0, 7, 14, 7, 0, 7, 14, 7, 0, 7, 14, 7, 0, 6, 2, 6, 0, 7, 14, 7, 0, 7, 14, 7, 0, 7, 14, 7, 0, 7, 14, 7, 0, 7, 14, 7, 0, 7, 14, 7, 0, 7, 14, 7, 0, 6, 2, 6, 0, 6, 2, 6, 0, 7, 14, 7, 0, 7, 14, 7, 0, 6, 5, 6, 0, 6, 2, 6, 0, 7, 14, 7, 0, 7, 14, 7, 0, 6, 5, 6, 0, 6, 5, 6, 0, 6, 5, 6, 0, 6, 5, 6, 0, 6, 5, 6, 0, 6, 5, 6, 0, 6, 5, 6, 0, 6, 5, 6, 0, 6, 5, 6, 0, 6, 5, 6, 0, 6, 5, 6, 0, 6, 5, 6, 0, 6, 5, 6, 0, 6, 5, 6, 0, 6, 5, 6, 0, 6, 5, 6, 0, 6, 5, 6, 0, 6, 5, 6, 0, 6, 5, 6, 0, 6, 5, 6, 0, 3, 11, 3, 0, 3, 11, 3, 0, 3, 11, 3, 0, 3, 11, 3, 0, 3, 11, 3, 0, 3, 11, 3, 0, 3, 11, 3, 0, 3, 11, 3, 0, 3, 11, 3, 0, 3, 11, 3, 0, 3, 11, 3, 0, 3, 11, 3, 0, 3, 11, 3, 0, 3, 11, 3, 0, 3, 11, 3, 0, 3, 11, 3, 0, 3, 11, 3, 0, 3, 0, 3, 0, 3, 0, 1, 0, 1, 0, 3, 11, 3, 0, 3, 11, 3, 0, 3, 11, 3, 0, 3, 11, 3, 0, 3, 11, 3, 0, 3, 11, 3, 0, 3, 11, 3, 0, 3, 11, 3, 0, 3, 11, 3, 0, 3, 11, 3, 0, 3, 11, 3, 0, 7, 10, 7, 0, 7, 10, 7, 0, 7, 10, 7, 0, 7, 10, 7, 0, 7, 10, 7, 0, 7, 10, 7, 0, 7, 10, 7, 0, 7, 10, 7, 0, 7, 10, 7, 0, 7, 10, 7, 0, 7, 10, 7, 0, 7, 10, 7, 0, 7, 10, 7, 0, 7, 10, 7, 0, 7, 10, 7, 0, 7, 10, 7, 0, 7, 10, 7, 0, 7, 10, 7, 0, 7, 10, 7, 0, 7, 10, 7, 0, 7, 10, 7, 0, 7, 10, 7, 0, 7, 10, 7, 0, 7, 10, 7, 0, 7, 10, 7, 0, 7, 10, 7, 0, 7, 10, 7, 0, 7, 10, 7, 0, 7, 12, 7, 0, 7, 12, 7, 0, 7, 12, 7, 0, 7, 12, 7, 0, 1, 0, 3, 0, 3, 0, 1, 0, 6, 0, 3, 0, 1, 0, 3, 0, 1, 0, 1, 0, 3, 0, 1, 0, 3, 0, 7, 0, 3, 0, 1, 0, 3, 0, 3, 0, 1, 0, 1, 0, 1, 0, 3, 0, 1, 0, 1, 0, 1, 0, 1, 0, 3, 0, 3, 0, 1, 0, 3, 0, 1, 0, 1, 0, 1, 0, 1, 0, 3, 0, 3, 0, 3, 0, 1, 0, 1, 0, 1, 0, 1, 0, 1, 0, 1, 0, 3, 0, 1, 0, 3, 0, 6, 2, 6, 0, 6, 2, 6, 0, 6, 2, 6, 0, 6, 2, 6, 0, 6, 2, 6, 0, 6, 2, 6, 0, 6, 2, 6, 0, 6, 2, 6, 0, 8, 0, 8, 0, 8, 0, 8, 0, 8, 0, 8, 0, 8, 0, 8, 0, 8, 0, 8, 0, 8, 0, 8, 0, 8, 0, 8, 0, 8, 0, 8, 0, 8, 0, 8, 0, 8, 0, 8, 0, 8, 0, 8, 0, 8, 0, 8, 0, 8, 0, 8, 0, 8, 0, 8, 0, 13, 0, 13, 0, 13, 0, 13, 0, 13, 0, 13, 0, 13, 0, 13, 0, 13, 0, 13, 0, 13, 0, 13, 0, 13, 0, 13, 0, 13, 0, 13, 0, 13, 0, 13, 0, 13, 0, 13, 0, 13, 0, 13, 0, 13, 0, 13, 0, 13, 0, 13, 0, 13, 0, 13, 0, 3, 9, 3, 0, 3, 9, 3, 0, 3, 9, 3, 0, 3, 9, 3, 0, 3, 9, 3, 0, 3, 9, 3, 0, 3, 9, 3, 0, 3, 9, 3, 0, 3, 9, 3, 0, 3, 9, 3, 0, 3, 9, 3, 0, 3, 9, 3, 0, 3, 9, 3, 0, 3, 9, 3, 0, 3, 9, 3, 0, 3, 9, 3, 0, 3, 9, 3, 0, 3, 9, 3, 0, 3, 9, 3, 0, 3, 9, 3, 0, 3, 9, 3, 0, 3, 9, 3, 0, 3, 9, 3, 0, 3, 9, 3, 0, 3, 9, 3, 0, 3, 9, 3, 0, 3, 9, 3, 0, 3, 9, 3, 0, 7, 12, 7, 0, 7, 12, 7, 0, 7, 12, 7, 0, 7, 12, 7, 0, 7, 12, 7, 0, 7, 12, 7, 0, 7, 12, 7, 0, 7, 12, 7, 0, 7, 12, 7, 0, 7, 12, 7, 0, 7, 12, 7, 0, 7, 12, 7, 0, 7, 12, 7, 0, 7, 12, 7, 0, 7, 12, 7, 0, 7, 12, 7, 0, 7, 12, 7, 0, 7, 12, 7, 0, 7, 12, 7, 0, 7, 12, 7, 0, 7, 12, 7, 0, 7, 12, 7, 0, 7, 12, 7, 0, 7, 12, 7, 0, 3, 0, 3, 0, 3, 0, 3, 0, 3, 0, 3, 0, 3, 0, 4, 0, 4, 0, 4, 0, 4, 0, 4, 0, 4, 0, 4, 0, 4, 0, 4, 0, 4, 0, 4, 0, 4, 0, 4, 0, 4, 0, 4, 0, 4, 0, 4, 0, 4, 0, 4, 0, 4, 0, 4, 0, 4, 0, 4, 0, 4, 0, 4, 0, 4, 0, 4, 0, 4, 0, 6, 0, 6, 0, 6, 0, 6, 0, 6, 0, 6, 0, 6, 0, 6, 0, 6, 0, 6, 0, 6, 0, 6, 0, 6, 0, 6, 0, 6, 0, 6, 0, 6, 0, 6, 0, 6, 0, 6, 0, 6, 0, 6, 0, 6, 0, 6, 0, 6, 0, 6, 0, 6, 0, 7, 0, 7, 0, 7, 0, 7, 0, 7, 0, 7, 0, 7, 0, 7, 0, 7, 0, 7, 0, 7, 0, 7, 0, 7, 0, 7, 0, 7, 0, 7, 0, 7, 0, 7, 0, 7, 0, 7, 0, 7, 0, 7, 0, 7, 0, 7, 0, 7, 0, 6, 5, 6, 0, 7, 14, 7, 0, 7, 14, 7, 0, 7, 14, 7, 0, 6, 5, 6, 0, 7, 14, 7, 0]","[0.2922, 0.2922, 0.3534, 0.3534, 0.2922, 0.2922, 0.3534, 0.3534, 0.5705, 0.5705, 0.3534, 0.3534, 0.5705, 0.5705, 0.3534, 0.3534, 0.5705, 0.5705, 0.3534, 0.3534, 0.5705, 0.5705, 0.3534, 0.3534, 0.5705, 0.5705, 0.3534, 0.2786, 0.5398, 0.5398, 0.2786, 0.2786, 0.5398, 0.5398, 0.2786, 0.3534, 0.2922, 0.2922, 0.3534, 0.2786, 0.5398, 0.5398, 0.2786, 0.3534, 0.2922, 0.2922, 0.3534, 0.3534, 0.5705, 0.5705, 0.3534, 0.3534, 0.5705, 0.5705, 0.3534, 0.3534, 0.5705, 0.5705, 0.3534, 0.2786, 0.2786, 0.3534, 0.2922, 0.2922, 0.3534, 0.2786, 0.5398, 0.5398, 0.2786, 0.3534, 0.5705, 0.5705, 0.3534, 0.3534, 0.5705, 0.5705, 0.3534, 0.2786, 0.5398, 0.5398, 0.2786, 0.3534, 0.5705, 0.5705, 0.3534, 0.2786, 0.5398, 0.5398, 0.2786, 0.3534, 0.5705, 0.5705, 0.3534, 0.3534, 0.5705, 0.5705, 0.3534, 0.2786, 0.5398, 0.5398, 0.2786, 0.3534, 0.5705, 0.5705, 0.3534, 0.3534, 0.5705, 0.5705, 0.3534, 0.3534, 0.5705, 0.5705, 0.3534, 0.2786, 0.5398, 0.5398, 0.2786, 0.2786, 0.2786, 0.2786, 0.5398, 0.5398, 0.2786, 0.2786, 0.5398, 0.5398, 0.2786, 0.2786, 0.5398, 0.5398, 0.2786, 0.2786, 0.5398, 0.5398, 0.2786, 0.2786, 0.5398, 0.5398, 0.2786, 0.3534, 0.5705, 0.5705, 0.3534, 0.2786, 0.5398, 0.5398, 0.2786, 0.2786, 0.5398, 0.5398, 0.2786, 0.2786, 0.5398, 0.5398, 0.2786, 0.2786, 0.5398, 0.5398, 0.2786, 0.2786, 0.5398, 0.5398, 0.2786, 0.2786, 0.5398, 0.5398, 0.2786, 0.2786, 0.5398, 0.5398, 0.2786, 0.3534, 0.5705, 0.5705, 0.3534, 0.3534, 0.5705, 0.5705, 0.3534, 0.2786, 0.5398, 0.5398, 0.2786, 0.2786, 0.5398, 0.5398, 0.2786, 0.3534, 0.2922, 0.2922, 0.3534, 0.3534, 0.5705, 0.5705, 0.3534, 0.2786, 0.5398, 0.5398, 0.2786, 0.2786, 0.5398, 0.5398, 0.2786, 0.3534, 0.2922, 0.2922, 0.3534, 0.3534, 0.2922, 0.2922, 0.3534, 0.3534, 0.2922, 0.2922, 0.3534, 0.3534, 0.2922, 0.2922, 0.3534, 0.3534, 0.2922, 0.2922, 0.3534, 0.3534, 0.2922, 0.2922, 0.3534, 0.3534, 0.2922, 0.2922, 0.3534, 0.3534, 0.2922, 0.2922, 0.3534, 0.3534, 0.2922, 0.2922, 0.3534, 0.3534, 0.2922, 0.2922, 0.3534, 0.3534, 0.2922, 0.2922, 0.3534, 0.3534, 0.2922, 0.2922, 0.3534, 0.3534, 0.2922, 0.2922, 0.3534, 0.3534, 0.2922, 0.2922, 0.3534, 0.3534, 0.2922, 0.2922, 0.3534, 0.3534, 0.2922, 0.2922, 0.3534, 0.3534, 0.2922, 0.2922, 0.3534, 0.3534, 0.2922, 0.2922, 0.3534, 0.3534, 0.2922, 0.2922, 0.3534, 0.3534, 0.2922, 0.2922, 0.3534, 0.3873, 0.2353, 0.2353, 0.3873, 0.3873, 0.2353, 0.2353, 0.3873, 0.3873, 0.2353, 0.2353, 0.3873, 0.3873, 0.2353, 0.2353, 0.3873, 0.3873, 0.2353, 0.2353, 0.3873, 0.3873, 0.2353, 0.2353, 0.3873, 0.3873, 0.2353, 0.2353, 0.3873, 0.3873, 0.2353, 0.2353, 0.3873, 0.3873, 0.2353, 0.2353, 0.3873, 0.3873, 0.2353, 0.2353, 0.3873, 0.3873, 0.2353, 0.2353, 0.3873, 0.3873, 0.2353, 0.2353, 0.3873, 0.3873, 0.2353, 0.2353, 0.3873, 0.3873, 0.2353, 0.2353, 0.3873, 0.3873, 0.2353, 0.2353, 0.3873, 0.3873, 0.2353, 0.2353, 0.3873, 0.3873, 0.2353, 0.2353, 0.3873, 0.3873, 0.3873, 0.3873, 0.3873, 0.3873, 0.3873, 0.4093, 0.4093, 0.4093, 0.4093, 0.3873, 0.2353, 0.2353, 0.3873, 0.3873, 0.2353, 0.2353, 0.3873, 0.3873, 0.2353, 0.2353, 0.3873, 0.3873, 0.2353, 0.2353, 0.3873, 0.3873, 0.2353, 0.2353, 0.3873, 0.3873, 0.2353, 0.2353, 0.3873, 0.3873, 0.2353, 0.2353, 0.3873, 0.3873, 0.2353, 0.2353, 0.3873, 0.3873, 0.2353, 0.2353, 0.3873, 0.3873, 0.2353, 0.2353, 0.3873, 0.3873, 0.2353, 0.2353, 0.3873, 0.2786, 0.3394, 0.3394, 0.2786, 0.2786, 0.3394, 0.3394, 0.2786, 0.2786, 0.3394, 0.3394, 0.2786, 0.2786, 0.3394, 0.3394, 0.2786, 0.2786, 0.3394, 0.3394, 0.2786, 0.2786, 0.3394, 0.3394, 0.2786, 0.2786, 0.3394, 0.3394, 0.2786, 0.2786, 0.3394, 0.3394, 0.2786, 0.2786, 0.3394, 0.3394, 0.2786, 0.2786, 0.3394, 0.3394, 0.2786, 0.2786, 0.3394, 0.3394, 0.2786, 0.2786, 0.3394, 0.3394, 0.2786, 0.2786, 0.3394, 0.3394, 0.2786, 0.2786, 0.3394, 0.3394, 0.2786, 0.2786, 0.3394, 0.3394, 0.2786, 0.2786, 0.3394, 0.3394, 0.2786, 0.2786, 0.3394, 0.3394, 0.2786, 0.2786, 0.3394, 0.3394, 0.2786, 0.2786, 0.3394, 0.3394, 0.2786, 0.2786, 0.3394, 0.3394, 0.2786, 0.2786, 0.3394, 0.3394, 0.2786, 0.2786, 0.3394, 0.3394, 0.2786, 0.2786, 0.3394, 0.3394, 0.2786, 0.2786, 0.3394, 0.3394, 0.2786, 0.2786, 0.3394, 0.3394, 0.2786, 0.2786, 0.3394, 0.3394, 0.2786, 0.2786, 0.3394, 0.3394, 0.2786, 0.2786, 0.3394, 0.3394, 0.2786, 0.2786, 0.3366, 0.3366, 0.2786, 0.2786, 0.3366, 0.3366, 0.2786, 0.2786, 0.3366, 0.3366, 0.2786, 0.2786, 0.3366, 0.3366, 0.2786, 0.4093, 0.4093, 0.3873, 0.3873, 0.3873, 0.3873, 0.4093, 0.4093, 0.3534, 0.3534, 0.3873, 0.3873, 0.4093, 0.4093, 0.3873, 0.3873, 0.4093, 0.4093, 0.4093, 0.4093, 0.3873, 0.3873, 0.4093, 0.4093, 0.3873, 0.3873, 0.2786, 0.2786, 0.3873, 0.3873, 0.4093, 0.4093, 0.3873, 0.3873, 0.3873, 0.3873, 0.4093, 0.4093, 0.4093, 0.4093, 0.4093, 0.4093, 0.3873, 0.3873, 0.4093, 0.4093, 0.4093, 0.4093, 0.4093, 0.4093, 0.4093, 0.4093, 0.3873, 0.3873, 0.3873, 0.3873, 0.4093, 0.4093, 0.3873, 0.3873, 0.4093, 0.4093, 0.4093, 0.4093, 0.4093, 0.4093, 0.4093, 0.4093, 0.3873, 0.3873, 0.3873, 0.3873, 0.3873, 0.3873, 0.4093, 0.4093, 0.4093, 0.4093, 0.4093, 0.4093, 0.4093, 0.4093, 0.4093, 0.4093, 0.4093, 0.4093, 0.3873, 0.3873, 0.4093, 0.4093, 0.3873, 0.3873, 0.3534, 0.5705, 0.5705, 0.3534, 0.3534, 0.5705, 0.5705, 0.3534, 0.3534, 0.5705, 0.5705, 0.3534, 0.3534, 0.5705, 0.5705, 0.3534, 0.3534, 0.5705, 0.5705, 0.3534, 0.3534, 0.5705, 0.5705, 0.3534, 0.3534, 0.5705, 0.5705, 0.3534, 0.3534, 0.5705, 0.5705, 0.3534, 0.4396, 0.4396, 0.4396, 0.4396, 0.4396, 0.4396, 0.4396, 0.4396, 0.4396, 0.4396, 0.4396, 0.4396, 0.4396, 0.4396, 0.4396, 0.4396, 0.4396, 0.4396, 0.4396, 0.4396, 0.4396, 0.4396, 0.4396, 0.4396, 0.4396, 0.4396, 0.4396, 0.4396, 0.4396, 0.4396, 0.4396, 0.4396, 0.4396, 0.4396, 0.4396, 0.4396, 0.4396, 0.4396, 0.4396, 0.4396, 0.4396, 0.4396, 0.4396, 0.4396, 0.4396, 0.4396, 0.4396, 0.4396, 0.4396, 0.4396, 0.4396, 0.4396, 0.4396, 0.4396, 0.4396, 0.4396, 0.4574, 0.4574, 0.4574, 0.4574, 0.4574, 0.4574, 0.4574, 0.4574, 0.4574, 0.4574, 0.4574, 0.4574, 0.4574, 0.4574, 0.4574, 0.4574, 0.4574, 0.4574, 0.4574, 0.4574, 0.4574, 0.4574, 0.4574, 0.4574, 0.4574, 0.4574, 0.4574, 0.4574, 0.4574, 0.4574, 0.4574, 0.4574, 0.4574, 0.4574, 0.4574, 0.4574, 0.4574, 0.4574, 0.4574, 0.4574, 0.4574, 0.4574, 0.4574, 0.4574, 0.4574, 0.4574, 0.4574, 0.4574, 0.4574, 0.4574, 0.4574, 0.4574, 0.4574, 0.4574, 0.4574, 0.4574, 0.3873, 0.1681, 0.1681, 0.3873, 0.3873, 0.1681, 0.1681, 0.3873, 0.3873, 0.1681, 0.1681, 0.3873, 0.3873, 0.1681, 0.1681, 0.3873, 0.3873, 0.1681, 0.1681, 0.3873, 0.3873, 0.1681, 0.1681, 0.3873, 0.3873, 0.1681, 0.1681, 0.3873, 0.3873, 0.1681, 0.1681, 0.3873, 0.3873, 0.1681, 0.1681, 0.3873, 0.3873, 0.1681, 0.1681, 0.3873, 0.3873, 0.1681, 0.1681, 0.3873, 0.3873, 0.1681, 0.1681, 0.3873, 0.3873, 0.1681, 0.1681, 0.3873, 0.3873, 0.1681, 0.1681, 0.3873, 0.3873, 0.1681, 0.1681, 0.3873, 0.3873, 0.1681, 0.1681, 0.3873, 0.3873, 0.1681, 0.1681, 0.3873, 0.3873, 0.1681, 0.1681, 0.3873, 0.3873, 0.1681, 0.1681, 0.3873, 0.3873, 0.1681, 0.1681, 0.3873, 0.3873, 0.1681, 0.1681, 0.3873, 0.3873, 0.1681, 0.1681, 0.3873, 0.3873, 0.1681, 0.1681, 0.3873, 0.3873, 0.1681, 0.1681, 0.3873, 0.3873, 0.1681, 0.1681, 0.3873, 0.3873, 0.1681, 0.1681, 0.3873, 0.3873, 0.1681, 0.1681, 0.3873, 0.3873, 0.1681, 0.1681, 0.3873, 0.2786, 0.3366, 0.3366, 0.2786, 0.2786, 0.3366, 0.3366, 0.2786, 0.2786, 0.3366, 0.3366, 0.2786, 0.2786, 0.3366, 0.3366, 0.2786, 0.2786, 0.3366, 0.3366, 0.2786, 0.2786, 0.3366, 0.3366, 0.2786, 0.2786, 0.3366, 0.3366, 0.2786, 0.2786, 0.3366, 0.3366, 0.2786, 0.2786, 0.3366, 0.3366, 0.2786, 0.2786, 0.3366, 0.3366, 0.2786, 0.2786, 0.3366, 0.3366, 0.2786, 0.2786, 0.3366, 0.3366, 0.2786, 0.2786, 0.3366, 0.3366, 0.2786, 0.2786, 0.3366, 0.3366, 0.2786, 0.2786, 0.3366, 0.3366, 0.2786, 0.2786, 0.3366, 0.3366, 0.2786, 0.2786, 0.3366, 0.3366, 0.2786, 0.2786, 0.3366, 0.3366, 0.2786, 0.2786, 0.3366, 0.3366, 0.2786, 0.2786, 0.3366, 0.3366, 0.2786, 0.2786, 0.3366, 0.3366, 0.2786, 0.2786, 0.3366, 0.3366, 0.2786, 0.2786, 0.3366, 0.3366, 0.2786, 0.2786, 0.3366, 0.3366, 0.2786, 0.3873, 0.3873, 0.3873, 0.3873, 0.3873, 0.3873, 0.3873, 0.3873, 0.3873, 0.3873, 0.3873, 0.3873, 0.3873, 0.3873, 0.3752, 0.3752, 0.3752, 0.3752, 0.3752, 0.3752, 0.3752, 0.3752, 0.3752, 0.3752, 0.3752, 0.3752, 0.3752, 0.3752, 0.3752, 0.3752, 0.3752, 0.3752, 0.3752, 0.3752, 0.3752, 0.3752, 0.3752, 0.3752, 0.3752, 0.3752, 0.3752, 0.3752, 0.3752, 0.3752, 0.3752, 0.3752, 0.3752, 0.3752, 0.3752, 0.3752, 0.3752, 0.3752, 0.3752, 0.3752, 0.3752, 0.3752, 0.3752, 0.3752, 0.3752, 0.3752, 0.3752, 0.3752, 0.3752, 0.3752, 0.3752, 0.3752, 0.3752, 0.3752, 0.3752, 0.3752, 0.3534, 0.3534, 0.3534, 0.3534, 0.3534, 0.3534, 0.3534, 0.3534, 0.3534, 0.3534, 0.3534, 0.3534, 0.3534, 0.3534, 0.3534, 0.3534, 0.3534, 0.3534, 0.3534, 0.3534, 0.3534, 0.3534, 0.3534, 0.3534, 0.3534, 0.3534, 0.3534, 0.3534, 0.3534, 0.3534, 0.3534, 0.3534, 0.3534, 0.3534, 0.3534, 0.3534, 0.3534, 0.3534, 0.3534, 0.3534, 0.3534, 0.3534, 0.3534, 0.3534, 0.3534, 0.3534, 0.3534, 0.3534, 0.3534, 0.3534, 0.3534, 0.3534, 0.3534, 0.3534, 0.2786, 0.2786, 0.2786, 0.2786, 0.2786, 0.2786, 0.2786, 0.2786, 0.2786, 0.2786, 0.2786, 0.2786, 0.2786, 0.2786, 0.2786, 0.2786, 0.2786, 0.2786, 0.2786, 0.2786, 0.2786, 0.2786, 0.2786, 0.2786, 0.2786, 0.2786, 0.2786, 0.2786, 0.2786, 0.2786, 0.2786, 0.2786, 0.2786, 0.2786, 0.2786, 0.2786, 0.2786, 0.2786, 0.2786, 0.2786, 0.2786, 0.2786, 0.2786, 0.2786, 0.2786, 0.2786, 0.2786, 0.2786, 0.2786, 0.2786, 0.3534, 0.2922, 0.2922, 0.3534, 0.2786, 0.5398, 0.5398, 0.2786, 0.2786, 0.5398, 0.5398, 0.2786, 0.2786, 0.5398, 0.5398, 0.2786, 0.3534, 0.2922, 0.2922, 0.3534, 0.2786, 0.5398, 0.5398, 0.2786]","[0.0, 16.7888, 16.7888, 0.0, 0.0, 16.7888, 16.7888, 0.0, 0.0, 34.5551, 34.5551, 0.0, 0.0, 34.5551, 34.5551, 0.0, 0.0, 34.5551, 34.5551, 0.0, 0.0, 34.5551, 34.5551, 0.0, 0.0, 34.5551, 34.5551, 0.0, 0.0, 11.1805, 11.1805, 0.0, 0.0, 11.1805, 11.1805, 0.0, 0.0, 16.7888, 16.7888, 0.0, 0.0, 11.1805, 11.1805, 0.0, 0.0, 16.7888, 16.7888, 0.0, 0.0, 34.5551, 34.5551, 0.0, 0.0, 34.5551, 34.5551, 0.0, 0.0, 34.5551, 34.5551, 0.0, 4.6711, 0.0, 0.0, 16.7888, 16.7888, 0.0, 0.0, 11.1805, 11.1805, 0.0, 0.0, 34.5551, 34.5551, 0.0, 0.0, 34.5551, 34.5551, 0.0, 0.0, 11.1805, 11.1805, 0.0, 0.0, 34.5551, 34.5551, 0.0, 0.0, 11.1805, 11.1805, 0.0, 0.0, 34.5551, 34.5551, 0.0, 0.0, 34.5551, 34.5551, 0.0, 0.0, 11.1805, 11.1805, 0.0, 0.0, 34.5551, 34.5551, 0.0, 0.0, 34.5551, 34.5551, 0.0, 0.0, 34.5551, 34.5551, 0.0, 0.0, 11.1805, 11.1805, 0.0, 4.6711, 0.0, 0.0, 11.1805, 11.1805, 0.0, 0.0, 11.1805, 11.1805, 0.0, 0.0, 11.1805, 11.1805, 0.0, 0.0, 11.1805, 11.1805, 0.0, 0.0, 11.1805, 11.1805, 0.0, 0.0, 34.5551, 34.5551, 0.0, 0.0, 11.1805, 11.1805, 0.0, 0.0, 11.1805, 11.1805, 0.0, 0.0, 11.1805, 11.1805, 0.0, 0.0, 11.1805, 11.1805, 0.0, 0.0, 11.1805, 11.1805, 0.0, 0.0, 11.1805, 11.1805, 0.0, 0.0, 11.1805, 11.1805, 0.0, 0.0, 34.5551, 34.5551, 0.0, 0.0, 34.5551, 34.5551, 0.0, 0.0, 11.1805, 11.1805, 0.0, 0.0, 11.1805, 11.1805, 0.0, 0.0, 16.7888, 16.7888, 0.0, 0.0, 34.5551, 34.5551, 0.0, 0.0, 11.1805, 11.1805, 0.0, 0.0, 11.1805, 11.1805, 0.0, 0.0, 16.7888, 16.7888, 0.0, 0.0, 16.7888, 16.7888, 0.0, 0.0, 16.7888, 16.7888, 0.0, 0.0, 16.7888, 16.7888, 0.0, 0.0, 16.7888, 16.7888, 0.0, 0.0, 16.7888, 16.7888, 0.0, 0.0, 16.7888, 16.7888, 0.0, 0.0, 16.7888, 16.7888, 0.0, 0.0, 16.7888, 16.7888, 0.0, 0.0, 16.7888, 16.7888, 0.0, 0.0, 16.7888, 16.7888, 0.0, 0.0, 16.7888, 16.7888, 0.0, 0.0, 16.7888, 16.7888, 0.0, 0.0, 16.7888, 16.7888, 0.0, 0.0, 16.7888, 16.7888, 0.0, 0.0, 16.7888, 16.7888, 0.0, 0.0, 16.7888, 16.7888, 0.0, 0.0, 16.7888, 16.7888, 0.0, 0.0, 16.7888, 16.7888, 0.0, 0.0, 16.7888, 16.7888, 0.0, 0.0, 15.6327, 15.6327, 0.0, 0.0, 15.6327, 15.6327, 0.0, 0.0, 15.6327, 15.6327, 0.0, 0.0, 15.6327, 15.6327, 0.0, 0.0, 15.6327, 15.6327, 0.0, 0.0, 15.6327, 15.6327, 0.0, 0.0, 15.6327, 15.6327, 0.0, 0.0, 15.6327, 15.6327, 0.0, 0.0, 15.6327, 15.6327, 0.0, 0.0, 15.6327, 15.6327, 0.0, 0.0, 15.6327, 15.6327, 0.0, 0.0, 15.6327, 15.6327, 0.0, 0.0, 15.6327, 15.6327, 0.0, 0.0, 15.6327, 15.6327, 0.0, 0.0, 15.6327, 15.6327, 0.0, 0.0, 15.6327, 15.6327, 0.0, 0.0, 15.6327, 15.6327, 0.0, 11.6607, 0.0, 11.6607, 0.0, 11.6607, 0.0, 26.6078, 0.0, 26.6078, 0.0, 0.0, 15.6327, 15.6327, 0.0, 0.0, 15.6327, 15.6327, 0.0, 0.0, 15.6327, 15.6327, 0.0, 0.0, 15.6327, 15.6327, 0.0, 0.0, 15.6327, 15.6327, 0.0, 0.0, 15.6327, 15.6327, 0.0, 0.0, 15.6327, 15.6327, 0.0, 0.0, 15.6327, 15.6327, 0.0, 0.0, 15.6327, 15.6327, 0.0, 0.0, 15.6327, 15.6327, 0.0, 0.0, 15.6327, 15.6327, 0.0, 0.0, 23.9337, 23.9337, 0.0, 0.0, 23.9337, 23.9337, 0.0, 0.0, 23.9337, 23.9337, 0.0, 0.0, 23.9337, 23.9337, 0.0, 0.0, 23.9337, 23.9337, 0.0, 0.0, 23.9337, 23.9337, 0.0, 0.0, 23.9337, 23.9337, 0.0, 0.0, 23.9337, 23.9337, 0.0, 0.0, 23.9337, 23.9337, 0.0, 0.0, 23.9337, 23.9337, 0.0, 0.0, 23.9337, 23.9337, 0.0, 0.0, 23.9337, 23.9337, 0.0, 0.0, 23.9337, 23.9337, 0.0, 0.0, 23.9337, 23.9337, 0.0, 0.0, 23.9337, 23.9337, 0.0, 0.0, 23.9337, 23.9337, 0.0, 0.0, 23.9337, 23.9337, 0.0, 0.0, 23.9337, 23.9337, 0.0, 0.0, 23.9337, 23.9337, 0.0, 0.0, 23.9337, 23.9337, 0.0, 0.0, 23.9337, 23.9337, 0.0, 0.0, 23.9337, 23.9337, 0.0, 0.0, 23.9337, 23.9337, 0.0, 0.0, 23.9337, 23.9337, 0.0, 0.0, 23.9337, 23.9337, 0.0, 0.0, 23.9337, 23.9337, 0.0, 0.0, 23.9337, 23.9337, 0.0, 0.0, 23.9337, 23.9337, 0.0, 0.0, 29.7445, 29.7445, 0.0, 0.0, 29.7445, 29.7445, 0.0, 0.0, 29.7445, 29.7445, 0.0, 0.0, 29.7445, 29.7445, 0.0, 26.6078, 0.0, 11.6607, 0.0, 11.6607, 0.0, 26.6078, 0.0, 6.7958, 0.0, 11.6607, 0.0, 26.6078, 0.0, 11.6607, 0.0, 26.6078, 0.0, 26.6078, 0.0, 11.6607, 0.0, 26.6078, 0.0, 11.6607, 0.0, 4.6711, 0.0, 11.6607, 0.0, 26.6078, 0.0, 11.6607, 0.0, 11.6607, 0.0, 26.6078, 0.0, 26.6078, 0.0, 26.6078, 0.0, 11.6607, 0.0, 26.6078, 0.0, 26.6078, 0.0, 26.6078, 0.0, 26.6078, 0.0, 11.6607, 0.0, 11.6607, 0.0, 26.6078, 0.0, 11.6607, 0.0, 26.6078, 0.0, 26.6078, 0.0, 26.6078, 0.0, 26.6078, 0.0, 11.6607, 0.0, 11.6607, 0.0, 11.6607, 0.0, 26.6078, 0.0, 26.6078, 0.0, 26.6078, 0.0, 26.6078, 0.0, 26.6078, 0.0, 26.6078, 0.0, 11.6607, 0.0, 26.6078, 0.0, 11.6607, 0.0, 0.0, 34.5551, 34.5551, 0.0, 0.0, 34.5551, 34.5551, 0.0, 0.0, 34.5551, 34.5551, 0.0, 0.0, 34.5551, 34.5551, 0.0, 0.0, 34.5551, 34.5551, 0.0, 0.0, 34.5551, 34.5551, 0.0, 0.0, 34.5551, 34.5551, 0.0, 0.0, 34.5551, 34.5551, 0.0, 17.0082, 0.0, 17.0082, 0.0, 17.0082, 0.0, 17.0082, 0.0, 17.0082, 0.0, 17.0082, 0.0, 17.0082, 0.0, 17.0082, 0.0, 17.0082, 0.0, 17.0082, 0.0, 17.0082, 0.0, 17.0082, 0.0, 17.0082, 0.0, 17.0082, 0.0, 17.0082, 0.0, 17.0082, 0.0, 17.0082, 0.0, 17.0082, 0.0, 17.0082, 0.0, 17.0082, 0.0, 17.0082, 0.0, 17.0082, 0.0, 17.0082, 0.0, 17.0082, 0.0, 17.0082, 0.0, 17.0082, 0.0, 17.0082, 0.0, 17.0082, 0.0, 25.0202, 0.0, 25.0202, 0.0, 25.0202, 0.0, 25.0202, 0.0, 25.0202, 0.0, 25.0202, 0.0, 25.0202, 0.0, 25.0202, 0.0, 25.0202, 0.0, 25.0202, 0.0, 25.0202, 0.0, 25.0202, 0.0, 25.0202, 0.0, 25.0202, 0.0, 25.0202, 0.0, 25.0202, 0.0, 25.0202, 0.0, 25.0202, 0.0, 25.0202, 0.0, 25.0202, 0.0, 25.0202, 0.0, 25.0202, 0.0, 25.0202, 0.0, 25.0202, 0.0, 25.0202, 0.0, 25.0202, 0.0, 25.0202, 0.0, 25.0202, 0.0, 0.0, 8.1315, 8.1315, 0.0, 0.0, 8.1315, 8.1315, 0.0, 0.0, 8.1315, 8.1315, 0.0, 0.0, 8.1315, 8.1315, 0.0, 0.0, 8.1315, 8.1315, 0.0, 0.0, 8.1315, 8.1315, 0.0, 0.0, 8.1315, 8.1315, 0.0, 0.0, 8.1315, 8.1315, 0.0, 0.0, 8.1315, 8.1315, 0.0, 0.0, 8.1315, 8.1315, 0.0, 0.0, 8.1315, 8.1315, 0.0, 0.0, 8.1315, 8.1315, 0.0, 0.0, 8.1315, 8.1315, 0.0, 0.0, 8.1315, 8.1315, 0.0, 0.0, 8.1315, 8.1315, 0.0, 0.0, 8.1315, 8.1315, 0.0, 0.0, 8.1315, 8.1315, 0.0, 0.0, 8.1315, 8.1315, 0.0, 0.0, 8.1315, 8.1315, 0.0, 0.0, 8.1315, 8.1315, 0.0, 0.0, 8.1315, 8.1315, 0.0, 0.0, 8.1315, 8.1315, 0.0, 0.0, 8.1315, 8.1315, 0.0, 0.0, 8.1315, 8.1315, 0.0, 0.0, 8.1315, 8.1315, 0.0, 0.0, 8.1315, 8.1315, 0.0, 0.0, 8.1315, 8.1315, 0.0, 0.0, 8.1315, 8.1315, 0.0, 0.0, 29.7445, 29.7445, 0.0, 0.0, 29.7445, 29.7445, 0.0, 0.0, 29.7445, 29.7445, 0.0, 0.0, 29.7445, 29.7445, 0.0, 0.0, 29.7445, 29.7445, 0.0, 0.0, 29.7445, 29.7445, 0.0, 0.0, 29.7445, 29.7445, 0.0, 0.0, 29.7445, 29.7445, 0.0, 0.0, 29.7445, 29.7445, 0.0, 0.0, 29.7445, 29.7445, 0.0, 0.0, 29.7445, 29.7445, 0.0, 0.0, 29.7445, 29.7445, 0.0, 0.0, 29.7445, 29.7445, 0.0, 0.0, 29.7445, 29.7445, 0.0, 0.0, 29.7445, 29.7445, 0.0, 0.0, 29.7445, 29.7445, 0.0, 0.0, 29.7445, 29.7445, 0.0, 0.0, 29.7445, 29.7445, 0.0, 0.0, 29.7445, 29.7445, 0.0, 0.0, 29.7445, 29.7445, 0.0, 0.0, 29.7445, 29.7445, 0.0, 0.0, 29.7445, 29.7445, 0.0, 0.0, 29.7445, 29.7445, 0.0, 0.0, 29.7445, 29.7445, 0.0, 11.6607, 0.0, 11.6607, 0.0, 11.6607, 0.0, 11.6607, 0.0, 11.6607, 0.0, 11.6607, 0.0, 11.6607, 0.0, 13.2532, 0.0, 13.2532, 0.0, 13.2532, 0.0, 13.2532, 0.0, 13.2532, 0.0, 13.2532, 0.0, 13.2532, 0.0, 13.2532, 0.0, 13.2532, 0.0, 13.2532, 0.0, 13.2532, 0.0, 13.2532, 0.0, 13.2532, 0.0, 13.2532, 0.0, 13.2532, 0.0, 13.2532, 0.0, 13.2532, 0.0, 13.2532, 0.0, 13.2532, 0.0, 13.2532, 0.0, 13.2532, 0.0, 13.2532, 0.0, 13.2532, 0.0, 13.2532, 0.0, 13.2532, 0.0, 13.2532, 0.0, 13.2532, 0.0, 13.2532, 0.0, 6.7958, 0.0, 6.7958, 0.0, 6.7958, 0.0, 6.7958, 0.0, 6.7958, 0.0, 6.7958, 0.0, 6.7958, 0.0, 6.7958, 0.0, 6.7958, 0.0, 6.7958, 0.0, 6.7958, 0.0, 6.7958, 0.0, 6.7958, 0.0, 6.7958, 0.0, 6.7958, 0.0, 6.7958, 0.0, 6.7958, 0.0, 6.7958, 0.0, 6.7958, 0.0, 6.7958, 0.0, 6.7958, 0.0, 6.7958, 0.0, 6.7958, 0.0, 6.7958, 0.0, 6.7958, 0.0, 6.7958, 0.0, 6.7958, 0.0, 4.6711, 0.0, 4.6711, 0.0, 4.6711, 0.0, 4.6711, 0.0, 4.6711, 0.0, 4.6711, 0.0, 4.6711, 0.0, 4.6711, 0.0, 4.6711, 0.0, 4.6711, 0.0, 4.6711, 0.0, 4.6711, 0.0, 4.6711, 0.0, 4.6711, 0.0, 4.6711, 0.0, 4.6711, 0.0, 4.6711, 0.0, 4.6711, 0.0, 4.6711, 0.0, 4.6711, 0.0, 4.6711, 0.0, 4.6711, 0.0, 4.6711, 0.0, 4.6711, 0.0, 4.6711, 0.0, 0.0, 16.7888, 16.7888, 0.0, 0.0, 11.1805, 11.1805, 0.0, 0.0, 11.1805, 11.1805, 0.0, 0.0, 11.1805, 11.1805, 0.0, 0.0, 16.7888, 16.7888, 0.0, 0.0, 11.1805, 11.1805, 0.0]",success,
0.5,10000,1e-10,15,1,1.9115,"[8, 7, 14, 2, 5, 6, 3, 1, 11, 9, 10, 12, 13, 4, 0]","[0.1976, 0.5398, 0.6069, 0.2809, 0.2922, 0.1229, 0.1318, 0.2256, 0.298, 0.2857, 0.1612, 0.3462, 0.5291, 0.3752]","[476.2292, 607.0208, 920.0751, 1887.6173, 2357.7036, 2547.9854, 2874.485, 3619.5024, 4057.2171, 4284.8996, 4955.0438, 5787.8893, 6488.4541, 6859.5434, 0.0]",success,
0.5,10000,1e-05,15,1,1.9141,"[8, 7, 13, 12, 10, 9, 11, 1, 3, 6, 2, 5, 14, 4, 0]","[0.1976, 0.1849, 0.3462, 0.1612, 0.2857, 0.298, 0.2256, 0.1318, 0.1229, 0.5705, 0.2809, 0.326, 0.8606, 0.3752]","[476.2292, 607.0208, 1307.5856, 2140.4312, 2810.5753, 3038.2578, 3475.9725, 4220.9899, 4547.4895, 4737.7714, 5705.3136, 6175.3998, 6488.4541, 6859.5434, 0.0]",success,
0.5,10000,0.001,15,1,1.9047,"[4, 13, 12, 10, 9, 11, 1, 3, 6, 5, 2, 14, 7, 8, 0]","[0.5291, 0.3462, 0.1612, 0.2857, 0.298, 0.2256, 0.1318, 0.1229, 0.2922, 0.2809, 0.6069, 0.5398, 0.1976, 0.4396]","[371.0892, 1071.6541, 1904.4996, 2574.6438, 2802.3262, 3240.041, 3985.0584, 4311.5579, 4501.8398, 4971.9261, 5939.4683, 6252.5226, 6383.3141, 6859.5434, 0.0]",success,
0.5,10000,0.1,15,5,1.5274,"[7, 8, 0, 9, 10, 12, 13, 0, 6, 3, 11, 1, 0, 14, 5, 2, 0, 4, 0]","[0.1976, 0.4396, 0.5554, 0.2857, 0.1612, 0.3462, 0.4574, 0.3534, 0.1229, 0.2353, 0.2256, 0.4093, 0.8183, 0.326, 0.2809, 0.9239, 0.3752, 0.3752]","[130.7916, 607.0208, 0.0, 227.6824, 897.8266, 1730.6721, 2431.237, 0.0, 190.2819, 516.7814, 954.4962, 1699.5136, 0.0, 313.0543, 783.1405, 1750.6828, 0.0, 371.0892, 0.0]",success,
0.5,10000,0.5,15,10,1.2847,"[8, 0, 6, 0, 10, 12, 0, 2, 0, 11, 1, 0, 14, 5, 0, 7, 0, 4, 0, 9, 3, 0, 13, 0]","[0.4396, 0.3534, 0.3534, 0.618, 0.1612, 0.6151, 0.9239, 0.9239, 0.6227, 0.2256, 0.4093, 0.8183, 0.326, 0.6456, 0.2786, 0.2786, 0.3752, 0.3752, 0.5554, 0.1681, 0.3873, 0.4574, 0.4574]","[476.2292, 0.0, 190.2819, 0.0, 670.1442, 1502.9897, 0.0, 967.5422, 0.0, 437.7148, 1182.7322, 0.0, 313.0543, 783.1405, 0.0, 130.7916, 0.0, 371.0892, 0.0, 227.6824, 554.182, 0.0, 700.5648, 0.0]",success,
0.5,10000,0.9,15,11,1.0516,"[7, 0, 2, 5, 0, 9, 3, 0, 6, 0, 12, 0, 10, 0, 14, 0, 4, 0, 8, 0, 11, 1, 0, 13, 0]","[0.2786, 0.9239, 0.2809, 0.6456, 0.5554, 0.1681, 0.3873, 0.3534, 0.3534, 0.6151, 0.6151, 0.618, 0.618, 0.8183, 0.8183, 0.3752, 0.3752, 0.4396, 0.4396, 0.6227, 0.2256, 0.4093, 0.4574, 0.4574]","[130.7916, 0.0, 967.5422, 1437.6285, 0.0, 227.6824, 554.182, 0.0, 190.2819, 0.0, 832.8455, 0.0, 670.1442, 0.0, 313.0543, 0.0, 371.0892, 0.0, 476.2292, 0.0, 437.7148, 1182.7322, 0.0, 700.5648, 0.0]",success,
0.5,10000,1.0,15,14,1.0,"[8, 0, 6, 0, 11, 0, 9, 0, 4, 0, 14, 0, 10, 0, 2, 0, 5, 0, 3, 0, 12, 0, 13, 0, 7, 0, 1, 0]","[0.4396, 0.3534, 0.3534, 0.6227, 0.6227, 0.5554, 0.5554, 0.3752, 0.3752, 0.8183, 0.8183, 0.618, 0.618, 0.9239, 0.9239, 0.6456, 0.6456, 0.3873, 0.3873, 0.6151, 0.6151, 0.4574, 0.4574, 0.2786, 0.2786, 0.4093, 0.4093]","[476.2292, 0.0, 190.2819, 0.0, 437.7148, 0.0, 227.6824, 0.0, 371.0892, 0.0, 313.0543, 0.0, 670.1442, 0.0, 967.5422, 0.0, 470.0863, 0.0, 326.4995, 0.0, 832.8455, 0.0, 700.5648, 0.0, 130.7916, 0.0, 745.0174, 0.0]",success,
0.5,10000,1.1,15,392,1.3955,"[8, 0, 8, 0, 3, 9, 3, 0, 7, 10, 7, 0, 7, 10, 7, 0, 7, 10, 7, 0, 7, 10, 7, 0, 7, 10, 7, 0, 7, 10, 7, 0, 7, 10, 7, 0, 7, 10, 7, 0, 7, 10, 7, 0, 7, 10, 7, 0, 7, 10, 7, 0, 7, 10, 7, 0, 7, 10, 7, 0, 7, 10, 7, 0, 7, 10, 7, 0, 7, 10, 7, 0, 7, 10, 7, 0, 7, 10, 7, 0, 7, 10, 7, 0, 7, 10, 7, 0, 7, 10, 7, 0, 7, 10, 7, 0, 7, 10, 7, 0, 7, 10, 7, 0, 7, 10, 7, 0, 7, 10, 7, 0, 3, 9, 3, 0, 3, 9, 3, 0, 3, 9, 3, 0, 3, 9, 3, 0, 3, 9, 3, 0, 3, 9, 3, 0, 3, 9, 3, 0, 3, 9, 3, 0, 3, 9, 3, 0, 3, 9, 3, 0, 3, 9, 3, 0, 3, 9, 3, 0, 3, 9, 3, 0, 3, 9, 3, 0, 3, 9, 3, 0, 3, 9, 3, 0, 3, 9, 3, 0, 3, 9, 3, 0, 3, 9, 3, 0, 3, 9, 3, 0, 3, 9, 3, 0, 3, 9, 3, 0, 3, 9, 3, 0, 3, 9, 3, 0, 8, 0, 8, 0, 8, 0, 8, 0, 8, 0, 8, 0, 8, 0, 8, 0, 8, 0, 8, 0, 8, 0, 8, 0, 6, 0, 3, 11, 3, 0, 6, 2, 6, 0, 13, 0, 7, 12, 7, 0, 6, 0, 1, 0, 1, 0, 6, 0, 6, 0, 1, 0, 7, 12, 7, 0, 7, 10, 7, 0, 13, 0, 6, 0, 7, 12, 7, 0, 1, 0, 1, 0, 1, 0, 6, 0, 6, 5, 6, 0, 3, 0, 1, 0, 3, 0, 7, 12, 7, 0, 1, 0, 7, 12, 7, 0, 3, 11, 3, 0, 3, 0, 3, 0, 13, 0, 6, 0, 6, 2, 6, 0, 7, 12, 7, 0, 3, 9, 3, 0, 6, 0, 1, 0, 7, 0, 1, 0, 1, 0, 6, 2, 6, 0, 6, 0, 3, 0, 6, 0, 6, 0, 6, 2, 6, 0, 6, 0, 3, 9, 3, 0, 1, 0, 3, 11, 3, 0, 6, 2, 6, 0, 6, 5, 6, 0, 7, 12, 7, 0, 6, 0, 7, 12, 7, 0, 6, 0, 3, 11, 3, 0, 3, 0, 6, 0, 6, 0, 6, 5, 6, 0, 3, 0, 6, 2, 6, 0, 6, 0, 3, 0, 3, 0, 3, 0, 7, 12, 7, 0, 1, 0, 3, 9, 3, 0, 7, 0, 1, 0, 6, 0, 3, 0, 1, 0, 6, 0, 7, 12, 7, 0, 1, 0, 7, 12, 7, 0, 3, 0, 6, 0, 3, 0, 6, 0, 3, 0, 3, 0, 3, 0, 6, 0, 6, 0, 7, 12, 7, 0, 6, 0, 13, 0, 1, 0, 7, 12, 7, 0, 3, 0, 6, 0, 1, 0, 6, 0, 1, 0, 13, 0, 13, 0, 6, 5, 6, 0, 3, 0, 3, 0, 3, 0, 1, 0, 1, 0, 6, 2, 6, 0, 6, 0, 6, 2, 6, 0, 1, 0, 7, 12, 7, 0, 7, 12, 7, 0, 7, 12, 7, 0, 3, 0, 3, 11, 3, 0, 3, 0, 1, 0, 1, 0, 1, 0, 3, 0, 13, 0, 7, 0, 3, 11, 3, 0, 7, 12, 7, 0, 6, 0, 3, 0, 7, 12, 7, 0, 3, 0, 3, 0, 1, 0, 6, 2, 6, 0, 7, 12, 7, 0, 3, 0, 1, 0, 7, 12, 7, 0, 3, 0, 1, 0, 6, 5, 6, 0, 6, 5, 6, 0, 6, 5, 6, 0, 6, 5, 6, 0, 6, 5, 6, 0, 6, 5, 6, 0, 6, 5, 6, 0, 6, 5, 6, 0, 6, 5, 6, 0, 6, 5, 6, 0, 6, 5, 6, 0, 6, 5, 6, 0, 6, 5, 6, 0, 6, 5, 6, 0, 6, 5, 6, 0, 6, 5, 6, 0, 6, 5, 6, 0, 6, 5, 6, 0, 6, 5, 6, 0, 8, 0, 8, 0, 8, 0, 8, 0, 8, 0, 8, 0, 8, 0, 8, 0, 8, 0, 8, 0, 8, 0, 6, 5, 6, 0, 6, 5, 6, 0, 6, 5, 6, 0, 6, 5, 6, 0, 6, 5, 6, 0, 3, 11, 3, 0, 3, 11, 3, 0, 3, 11, 3, 0, 3, 11, 3, 0, 3, 11, 3, 0, 3, 11, 3, 0, 3, 11, 3, 0, 3, 11, 3, 0, 3, 11, 3, 0, 3, 11, 3, 0, 3, 11, 3, 0, 3, 11, 3, 0, 3, 11, 3, 0, 3, 11, 3, 0, 3, 11, 3, 0, 3, 11, 3, 0, 3, 11, 3, 0, 3, 11, 3, 0, 3, 11, 3, 0, 3, 11, 3, 0, 3, 11, 3, 0, 3, 11, 3, 0, 4, 0, 4, 0, 6, 2, 6, 0, 6, 2, 6, 0, 6, 2, 6, 0, 6, 2, 6, 0, 6, 2, 6, 0, 6, 2, 6, 0, 6, 2, 6, 0, 6, 2, 6, 0, 6, 2, 6, 0, 6, 2, 6, 0, 6, 2, 6, 0, 6, 2, 6, 0, 6, 2, 6, 0, 6, 2, 6, 0, 6, 2, 6, 0, 6, 2, 6, 0, 6, 2, 6, 0, 6, 2, 6, 0, 6, 2, 6, 0, 7, 14, 7, 0, 7, 14, 7, 0, 7, 14, 7, 0, 7, 14, 7, 0, 7, 14, 7, 0, 7, 14, 7, 0, 7, 14, 7, 0, 7, 14, 7, 0, 7, 14, 7, 0, 7, 14, 7, 0, 7, 14, 7, 0, 7, 14, 7, 0, 7, 14, 7, 0, 7, 14, 7, 0, 7, 14, 7, 0, 7, 14, 7, 0, 7, 14, 7, 0, 7, 14, 7, 0, 7, 14, 7, 0, 7, 14, 7, 0, 7, 14, 7, 0, 7, 14, 7, 0, 7, 14, 7, 0, 7, 14, 7, 0, 7, 14, 7, 0, 7, 14, 7, 0, 7, 14, 7, 0, 7, 14, 7, 0, 13, 0, 13, 0, 13, 0, 13, 0, 13, 0, 13, 0, 13, 0, 13, 0, 13, 0, 13, 0, 13, 0, 13, 0, 13, 0, 13, 0, 13, 0, 13, 0, 13, 0, 13, 0, 13, 0, 13, 0, 13, 0, 7, 12, 7, 0, 7, 12, 7, 0, 7, 12, 7, 0, 7, 12, 7, 0, 7, 12, 7, 0, 7, 12, 7, 0, 7, 12, 7, 0, 7, 12, 7, 0, 4, 0, 4, 0, 4, 0, 4, 0, 4, 0, 4, 0, 4, 0, 4, 0, 4, 0, 4, 0, 4, 0, 4, 0, 4, 0, 4, 0, 4, 0, 4, 0, 4, 0, 4, 0, 4, 0, 4, 0, 4, 0, 4, 0, 4, 0, 4, 0, 4, 0, 4, 0, 7, 0, 7, 0, 7, 0, 7, 0, 7, 0, 7, 0, 7, 0, 7, 0, 7, 0, 7, 0, 7, 0, 7, 0, 7, 0, 7, 0, 7, 0, 7, 0, 7, 0, 7, 0, 7, 0, 7, 0, 7, 0, 7, 0, 7, 0, 7, 0, 7, 0, 8, 0, 8, 0, 8, 0, 7, 10, 7, 0]","[0.4396, 0.4396, 0.4396, 0.3873, 0.1681, 0.1681, 0.3873, 0.2786, 0.3394, 0.3394, 0.2786, 0.2786, 0.3394, 0.3394, 0.2786, 0.2786, 0.3394, 0.3394, 0.2786, 0.2786, 0.3394, 0.3394, 0.2786, 0.2786, 0.3394, 0.3394, 0.2786, 0.2786, 0.3394, 0.3394, 0.2786, 0.2786, 0.3394, 0.3394, 0.2786, 0.2786, 0.3394, 0.3394, 0.2786, 0.2786, 0.3394, 0.3394, 0.2786, 0.2786, 0.3394, 0.3394, 0.2786, 0.2786, 0.3394, 0.3394, 0.2786, 0.2786, 0.3394, 0.3394, 0.2786, 0.2786, 0.3394, 0.3394, 0.2786, 0.2786, 0.3394, 0.3394, 0.2786, 0.2786, 0.3394, 0.3394, 0.2786, 0.2786, 0.3394, 0.3394, 0.2786, 0.2786, 0.3394, 0.3394, 0.2786, 0.2786, 0.3394, 0.3394, 0.2786, 0.2786, 0.3394, 0.3394, 0.2786, 0.2786, 0.3394, 0.3394, 0.2786, 0.2786, 0.3394, 0.3394, 0.2786, 0.2786, 0.3394, 0.3394, 0.2786, 0.2786, 0.3394, 0.3394, 0.2786, 0.2786, 0.3394, 0.3394, 0.2786, 0.2786, 0.3394, 0.3394, 0.2786, 0.2786, 0.3394, 0.3394, 0.2786, 0.3873, 0.1681, 0.1681, 0.3873, 0.3873, 0.1681, 0.1681, 0.3873, 0.3873, 0.1681, 0.1681, 0.3873, 0.3873, 0.1681, 0.1681, 0.3873, 0.3873, 0.1681, 0.1681, 0.3873, 0.3873, 0.1681, 0.1681, 0.3873, 0.3873, 0.1681, 0.1681, 0.3873, 0.3873, 0.1681, 0.1681, 0.3873, 0.3873, 0.1681, 0.1681, 0.3873, 0.3873, 0.1681, 0.1681, 0.3873, 0.3873, 0.1681, 0.1681, 0.3873, 0.3873, 0.1681, 0.1681, 0.3873, 0.3873, 0.1681, 0.1681, 0.3873, 0.3873, 0.1681, 0.1681, 0.3873, 0.3873, 0.1681, 0.1681, 0.3873, 0.3873, 0.1681, 0.1681, 0.3873, 0.3873, 0.1681, 0.1681, 0.3873, 0.3873, 0.1681, 0.1681, 0.3873, 0.3873, 0.1681, 0.1681, 0.3873, 0.3873, 0.1681, 0.1681, 0.3873, 0.3873, 0.1681, 0.1681, 0.3873, 0.3873, 0.1681, 0.1681, 0.3873, 0.3873, 0.1681, 0.1681, 0.3873, 0.3873, 0.1681, 0.1681, 0.3873, 0.4396, 0.4396, 0.4396, 0.4396, 0.4396, 0.4396, 0.4396, 0.4396, 0.4396, 0.4396, 0.4396, 0.4396, 0.4396, 0.4396, 0.4396, 0.4396, 0.4396, 0.4396, 0.4396, 0.4396, 0.4396, 0.4396, 0.4396, 0.4396, 0.3534, 0.3534, 0.3873, 0.2353, 0.2353, 0.3873, 0.3534, 0.5705, 0.5705, 0.3534, 0.4574, 0.4574, 0.2786, 0.3366, 0.3366, 0.2786, 0.3534, 0.3534, 0.4093, 0.4093, 0.4093, 0.4093, 0.3534, 0.3534, 0.3534, 0.3534, 0.4093, 0.4093, 0.2786, 0.3366, 0.3366, 0.2786, 0.2786, 0.3394, 0.3394, 0.2786, 0.4574, 0.4574, 0.3534, 0.3534, 0.2786, 0.3366, 0.3366, 0.2786, 0.4093, 0.4093, 0.4093, 0.4093, 0.4093, 0.4093, 0.3534, 0.3534, 0.3534, 0.2922, 0.2922, 0.3534, 0.3873, 0.3873, 0.4093, 0.4093, 0.3873, 0.3873, 0.2786, 0.3366, 0.3366, 0.2786, 0.4093, 0.4093, 0.2786, 0.3366, 0.3366, 0.2786, 0.3873, 0.2353, 0.2353, 0.3873, 0.3873, 0.3873, 0.3873, 0.3873, 0.4574, 0.4574, 0.3534, 0.3534, 0.3534, 0.5705, 0.5705, 0.3534, 0.2786, 0.3366, 0.3366, 0.2786, 0.3873, 0.1681, 0.1681, 0.3873, 0.3534, 0.3534, 0.4093, 0.4093, 0.2786, 0.2786, 0.4093, 0.4093, 0.4093, 0.4093, 0.3534, 0.5705, 0.5705, 0.3534, 0.3534, 0.3534, 0.3873, 0.3873, 0.3534, 0.3534, 0.3534, 0.3534, 0.3534, 0.5705, 0.5705, 0.3534, 0.3534, 0.3534, 0.3873, 0.1681, 0.1681, 0.3873, 0.4093, 0.4093, 0.3873, 0.2353, 0.2353, 0.3873, 0.3534, 0.5705, 0.5705, 0.3534, 0.3534, 0.2922, 0.2922, 0.3534, 0.2786, 0.3366, 0.3366, 0.2786, 0.3534, 0.3534, 0.2786, 0.3366, 0.3366, 0.2786, 0.3534, 0.3534, 0.3873, 0.2353, 0.2353, 0.3873, 0.3873, 0.3873, 0.3534, 0.3534, 0.3534, 0.3534, 0.3534, 0.2922, 0.2922, 0.3534, 0.3873, 0.3873, 0.3534, 0.5705, 0.5705, 0.3534, 0.3534, 0.3534, 0.3873, 0.3873, 0.3873, 0.3873, 0.3873, 0.3873, 0.2786, 0.3366, 0.3366, 0.2786, 0.4093, 0.4093, 0.3873, 0.1681, 0.1681, 0.3873, 0.2786, 0.2786, 0.4093, 0.4093, 0.3534, 0.3534, 0.3873, 0.3873, 0.4093, 0.4093, 0.3534, 0.3534, 0.2786, 0.3366, 0.3366, 0.2786, 0.4093, 0.4093, 0.2786, 0.3366, 0.3366, 0.2786, 0.3873, 0.3873, 0.3534, 0.3534, 0.3873, 0.3873, 0.3534, 0.3534, 0.3873, 0.3873, 0.3873, 0.3873, 0.3873, 0.3873, 0.3534, 0.3534, 0.3534, 0.3534, 0.2786, 0.3366, 0.3366, 0.2786, 0.3534, 0.3534, 0.4574, 0.4574, 0.4093, 0.4093, 0.2786, 0.3366, 0.3366, 0.2786, 0.3873, 0.3873, 0.3534, 0.3534, 0.4093, 0.4093, 0.3534, 0.3534, 0.4093, 0.4093, 0.4574, 0.4574, 0.4574, 0.4574, 0.3534, 0.2922, 0.2922, 0.3534, 0.3873, 0.3873, 0.3873, 0.3873, 0.3873, 0.3873, 0.4093, 0.4093, 0.4093, 0.4093, 0.3534, 0.5705, 0.5705, 0.3534, 0.3534, 0.3534, 0.3534, 0.5705, 0.5705, 0.3534, 0.4093, 0.4093, 0.2786, 0.3366, 0.3366, 0.2786, 0.2786, 0.3366, 0.3366, 0.2786, 0.2786, 0.3366, 0.3366, 0.2786, 0.3873, 0.3873, 0.3873, 0.2353, 0.2353, 0.3873, 0.3873, 0.3873, 0.4093, 0.4093, 0.4093, 0.4093, 0.4093, 0.4093, 0.3873, 0.3873, 0.4574, 0.4574, 0.2786, 0.2786, 0.3873, 0.2353, 0.2353, 0.3873, 0.2786, 0.3366, 0.3366, 0.2786, 0.3534, 0.3534, 0.3873, 0.3873, 0.2786, 0.3366, 0.3366, 0.2786, 0.3873, 0.3873, 0.3873, 0.3873, 0.4093, 0.4093, 0.3534, 0.5705, 0.5705, 0.3534, 0.2786, 0.3366, 0.3366, 0.2786, 0.3873, 0.3873, 0.4093, 0.4093, 0.2786, 0.3366, 0.3366, 0.2786, 0.3873, 0.3873, 0.4093, 0.4093, 0.3534, 0.2922, 0.2922, 0.3534, 0.3534, 0.2922, 0.2922, 0.3534, 0.3534, 0.2922, 0.2922, 0.3534, 0.3534, 0.2922, 0.2922, 0.3534, 0.3534, 0.2922, 0.2922, 0.3534, 0.3534, 0.2922, 0.2922, 0.3534, 0.3534, 0.2922, 0.2922, 0.3534, 0.3534, 0.2922, 0.2922, 0.3534, 0.3534, 0.2922, 0.2922, 0.3534, 0.3534, 0.2922, 0.2922, 0.3534, 0.3534, 0.2922, 0.2922, 0.3534, 0.3534, 0.2922, 0.2922, 0.3534, 0.3534, 0.2922, 0.2922, 0.3534, 0.3534, 0.2922, 0.2922, 0.3534, 0.3534, 0.2922, 0.2922, 0.3534, 0.3534, 0.2922, 0.2922, 0.3534, 0.3534, 0.2922, 0.2922, 0.3534, 0.3534, 0.2922, 0.2922, 0.3534, 0.3534, 0.2922, 0.2922, 0.3534, 0.4396, 0.4396, 0.4396, 0.4396, 0.4396, 0.4396, 0.4396, 0.4396, 0.4396, 0.4396, 0.4396, 0.4396, 0.4396, 0.4396, 0.4396, 0.4396, 0.4396, 0.4396, 0.4396, 0.4396, 0.4396, 0.4396, 0.3534, 0.2922, 0.2922, 0.3534, 0.3534, 0.2922, 0.2922, 0.3534, 0.3534, 0.2922, 0.2922, 0.3534, 0.3534, 0.2922, 0.2922, 0.3534, 0.3534, 0.2922, 0.2922, 0.3534, 0.3873, 0.2353, 0.2353, 0.3873, 0.3873, 0.2353, 0.2353, 0.3873, 0.3873, 0.2353, 0.2353, 0.3873, 0.3873, 0.2353, 0.2353, 0.3873, 0.3873, 0.2353, 0.2353, 0.3873, 0.3873, 0.2353, 0.2353, 0.3873, 0.3873, 0.2353, 0.2353, 0.3873, 0.3873, 0.2353, 0.2353, 0.3873, 0.3873, 0.2353, 0.2353, 0.3873, 0.3873, 0.2353, 0.2353, 0.3873, 0.3873, 0.2353, 0.2353, 0.3873, 0.3873, 0.2353, 0.2353, 0.3873, 0.3873, 0.2353, 0.2353, 0.3873, 0.3873, 0.2353, 0.2353, 0.3873, 0.3873, 0.2353, 0.2353, 0.3873, 0.3873, 0.2353, 0.2353, 0.3873, 0.3873, 0.2353, 0.2353, 0.3873, 0.3873, 0.2353, 0.2353, 0.3873, 0.3873, 0.2353, 0.2353, 0.3873, 0.3873, 0.2353, 0.2353, 0.3873, 0.3873, 0.2353, 0.2353, 0.3873, 0.3873, 0.2353, 0.2353, 0.3873, 0.3752, 0.3752, 0.3752, 0.3752, 0.3534, 0.5705, 0.5705, 0.3534, 0.3534, 0.5705, 0.5705, 0.3534, 0.3534, 0.5705, 0.5705, 0.3534, 0.3534, 0.5705, 0.5705, 0.3534, 0.3534, 0.5705, 0.5705, 0.3534, 0.3534, 0.5705, 0.5705, 0.3534, 0.3534, 0.5705, 0.5705, 0.3534, 0.3534, 0.5705, 0.5705, 0.3534, 0.3534, 0.5705, 0.5705, 0.3534, 0.3534, 0.5705, 0.5705, 0.3534, 0.3534, 0.5705, 0.5705, 0.3534, 0.3534, 0.5705, 0.5705, 0.3534, 0.3534, 0.5705, 0.5705, 0.3534, 0.3534, 0.5705, 0.5705, 0.3534, 0.3534, 0.5705, 0.5705, 0.3534, 0.3534, 0.5705, 0.5705, 0.3534, 0.3534, 0.5705, 0.5705, 0.3534, 0.3534, 0.5705, 0.5705, 0.3534, 0.3534, 0.5705, 0.5705, 0.3534, 0.2786, 0.5398, 0.5398, 0.2786, 0.2786, 0.5398, 0.5398, 0.2786, 0.2786, 0.5398, 0.5398, 0.2786, 0.2786, 0.5398, 0.5398, 0.2786, 0.2786, 0.5398, 0.5398, 0.2786, 0.2786, 0.5398, 0.5398, 0.2786, 0.2786, 0.5398, 0.5398, 0.2786, 0.2786, 0.5398, 0.5398, 0.2786, 0.2786, 0.5398, 0.5398, 0.2786, 0.2786, 0.5398, 0.5398, 0.2786, 0.2786, 0.5398, 0.5398, 0.2786, 0.2786, 0.5398, 0.5398, 0.2786, 0.2786, 0.5398, 0.5398, 0.2786, 0.2786, 0.5398, 0.5398, 0.2786, 0.2786, 0.5398, 0.5398, 0.2786, 0.2786, 0.5398, 0.5398, 0.2786, 0.2786, 0.5398, 0.5398, 0.2786, 0.2786, 0.5398, 0.5398, 0.2786, 0.2786, 0.5398, 0.5398, 0.2786, 0.2786, 0.5398, 0.5398, 0.2786, 0.2786, 0.5398, 0.5398, 0.2786, 0.2786, 0.5398, 0.5398, 0.2786, 0.2786, 0.5398, 0.5398, 0.2786, 0.2786, 0.5398, 0.5398, 0.2786, 0.2786, 0.5398, 0.5398, 0.2786, 0.2786, 0.5398, 0.5398, 0.2786, 0.2786, 0.5398, 0.5398, 0.2786, 0.2786, 0.5398, 0.5398, 0.2786, 0.4574, 0.4574, 0.4574, 0.4574, 0.4574, 0.4574, 0.4574, 0.4574, 0.4574, 0.4574, 0.4574, 0.4574, 0.4574, 0.4574, 0.4574, 0.4574, 0.4574, 0.4574, 0.4574, 0.4574, 0.4574, 0.4574, 0.4574, 0.4574, 0.4574, 0.4574, 0.4574, 0.4574, 0.4574, 0.4574, 0.4574, 0.4574, 0.4574, 0.4574, 0.4574, 0.4574, 0.4574, 0.4574, 0.4574, 0.4574, 0.4574, 0.4574, 0.2786, 0.3366, 0.3366, 0.2786, 0.2786, 0.3366, 0.3366, 0.2786, 0.2786, 0.3366, 0.3366, 0.2786, 0.2786, 0.3366, 0.3366, 0.2786, 0.2786, 0.3366, 0.3366, 0.2786, 0.2786, 0.3366, 0.3366, 0.2786, 0.2786, 0.3366, 0.3366, 0.2786, 0.2786, 0.3366, 0.3366, 0.2786, 0.3752, 0.3752, 0.3752, 0.3752, 0.3752, 0.3752, 0.3752, 0.3752, 0.3752, 0.3752, 0.3752, 0.3752, 0.3752, 0.3752, 0.3752, 0.3752, 0.3752, 0.3752, 0.3752, 0.3752, 0.3752, 0.3752, 0.3752, 0.3752, 0.3752, 0.3752, 0.3752, 0.3752, 0.3752, 0.3752, 0.3752, 0.3752, 0.3752, 0.3752, 0.3752, 0.3752, 0.3752, 0.3752, 0.3752, 0.3752, 0.3752, 0.3752, 0.3752, 0.3752, 0.3752, 0.3752, 0.3752, 0.3752, 0.3752, 0.3752, 0.3752, 0.3752, 0.2786, 0.2786, 0.2786, 0.2786, 0.2786, 0.2786, 0.2786, 0.2786, 0.2786, 0.2786, 0.2786, 0.2786, 0.2786, 0.2786, 0.2786, 0.2786, 0.2786, 0.2786, 0.2786, 0.2786, 0.2786, 0.2786, 0.2786, 0.2786, 0.2786, 0.2786, 0.2786, 0.2786, 0.2786, 0.2786, 0.2786, 0.2786, 0.2786, 0.2786, 0.2786, 0.2786, 0.2786, 0.2786, 0.2786, 0.2786, 0.2786, 0.2786, 0.2786, 0.2786, 0.2786, 0.2786, 0.2786, 0.2786, 0.2786, 0.2786, 0.4396, 0.4396, 0.4396, 0.4396, 0.4396, 0.4396, 0.2786, 0.3394, 0.3394, 0.2786]","[17.0082, 0.0, 17.0082, 0.0, 0.0, 8.1315, 8.1315, 0.0, 0.0, 23.9337, 23.9337, 0.0, 0.0, 23.9337, 23.9337, 0.0, 0.0, 23.9337, 23.9337, 0.0, 0.0, 23.9337, 23.9337, 0.0, 0.0, 23.9337, 23.9337, 0.0, 0.0, 23.9337, 23.9337, 0.0, 0.0, 23.9337, 23.9337, 0.0, 0.0, 23.9337, 23.9337, 0.0, 0.0, 23.9337, 23.9337, 0.0, 0.0, 23.9337, 23.9337, 0.0, 0.0, 23.9337, 23.9337, 0.0, 0.0, 23.9337, 23.9337, 0.0, 0.0, 23.9337, 23.9337, 0.0, 0.0, 23.9337, 23.9337, 0.0, 0.0, 23.9337, 23.9337, 0.0, 0.0, 23.9337, 23.9337, 0.0, 0.0, 23.9337, 23.9337, 0.0, 0.0, 23.9337, 23.9337, 0.0, 0.0, 23.9337, 23.9337, 0.0, 0.0, 23.9337, 23.9337, 0.0, 0.0, 23.9337, 23.9337, 0.0, 0.0, 23.9337, 23.9337, 0.0, 0.0, 23.9337, 23.9337, 0.0, 0.0, 23.9337, 23.9337, 0.0, 0.0, 23.9337, 23.9337, 0.0, 0.0, 23.9337, 23.9337, 0.0, 0.0, 8.1315, 8.1315, 0.0, 0.0, 8.1315, 8.1315, 0.0, 0.0, 8.1315, 8.1315, 0.0, 0.0, 8.1315, 8.1315, 0.0, 0.0, 8.1315, 8.1315, 0.0, 0.0, 8.1315, 8.1315, 0.0, 0.0, 8.1315, 8.1315, 0.0, 0.0, 8.1315, 8.1315, 0.0, 0.0, 8.1315, 8.1315, 0.0, 0.0, 8.1315, 8.1315, 0.0, 0.0, 8.1315, 8.1315, 0.0, 0.0, 8.1315, 8.1315, 0.0, 0.0, 8.1315, 8.1315, 0.0, 0.0, 8.1315, 8.1315, 0.0, 0.0, 8.1315, 8.1315, 0.0, 0.0, 8.1315, 8.1315, 0.0, 0.0, 8.1315, 8.1315, 0.0, 0.0, 8.1315, 8.1315, 0.0, 0.0, 8.1315, 8.1315, 0.0, 0.0, 8.1315, 8.1315, 0.0, 0.0, 8.1315, 8.1315, 0.0, 0.0, 8.1315, 8.1315, 0.0, 0.0, 8.1315, 8.1315, 0.0, 0.0, 8.1315, 8.1315, 0.0, 17.0082, 0.0, 17.0082, 0.0, 17.0082, 0.0, 17.0082, 0.0, 17.0082, 0.0, 17.0082, 0.0, 17.0082, 0.0, 17.0082, 0.0, 17.0082, 0.0, 17.0082, 0.0, 17.0082, 0.0, 17.0082, 0.0, 6.7958, 0.0, 0.0, 15.6327, 15.6327, 0.0, 0.0, 34.5551, 34.5551, 0.0, 25.0202, 0.0, 0.0, 29.7445, 29.7445, 0.0, 6.7958, 0.0, 26.6078, 0.0, 26.6078, 0.0, 6.7958, 0.0, 6.7958, 0.0, 26.6078, 0.0, 0.0, 29.7445, 29.7445, 0.0, 0.0, 23.9337, 23.9337, 0.0, 25.0202, 0.0, 6.7958, 0.0, 0.0, 29.7445, 29.7445, 0.0, 26.6078, 0.0, 26.6078, 0.0, 26.6078, 0.0, 6.7958, 0.0, 0.0, 16.7888, 16.7888, 0.0, 11.6607, 0.0, 26.6078, 0.0, 11.6607, 0.0, 0.0, 29.7445, 29.7445, 0.0, 26.6078, 0.0, 0.0, 29.7445, 29.7445, 0.0, 0.0, 15.6327, 15.6327, 0.0, 11.6607, 0.0, 11.6607, 0.0, 25.0202, 0.0, 6.7958, 0.0, 0.0, 34.5551, 34.5551, 0.0, 0.0, 29.7445, 29.7445, 0.0, 0.0, 8.1315, 8.1315, 0.0, 6.7958, 0.0, 26.6078, 0.0, 4.6711, 0.0, 26.6078, 0.0, 26.6078, 0.0, 0.0, 34.5551, 34.5551, 0.0, 6.7958, 0.0, 11.6607, 0.0, 6.7958, 0.0, 6.7958, 0.0, 0.0, 34.5551, 34.5551, 0.0, 6.7958, 0.0, 0.0, 8.1315, 8.1315, 0.0, 26.6078, 0.0, 0.0, 15.6327, 15.6327, 0.0, 0.0, 34.5551, 34.5551, 0.0, 0.0, 16.7888, 16.7888, 0.0, 0.0, 29.7445, 29.7445, 0.0, 6.7958, 0.0, 0.0, 29.7445, 29.7445, 0.0, 6.7958, 0.0, 0.0, 15.6327, 15.6327, 0.0, 11.6607, 0.0, 6.7958, 0.0, 6.7958, 0.0, 0.0, 16.7888, 16.7888, 0.0, 11.6607, 0.0, 0.0, 34.5551, 34.5551, 0.0, 6.7958, 0.0, 11.6607, 0.0, 11.6607, 0.0, 11.6607, 0.0, 0.0, 29.7445, 29.7445, 0.0, 26.6078, 0.0, 0.0, 8.1315, 8.1315, 0.0, 4.6711, 0.0, 26.6078, 0.0, 6.7958, 0.0, 11.6607, 0.0, 26.6078, 0.0, 6.7958, 0.0, 0.0, 29.7445, 29.7445, 0.0, 26.6078, 0.0, 0.0, 29.7445, 29.7445, 0.0, 11.6607, 0.0, 6.7958, 0.0, 11.6607, 0.0, 6.7958, 0.0, 11.6607, 0.0, 11.6607, 0.0, 11.6607, 0.0, 6.7958, 0.0, 6.7958, 0.0, 0.0, 29.7445, 29.7445, 0.0, 6.7958, 0.0, 25.0202, 0.0, 26.6078, 0.0, 0.0, 29.7445, 29.7445, 0.0, 11.6607, 0.0, 6.7958, 0.0, 26.6078, 0.0, 6.7958, 0.0, 26.6078, 0.0, 25.0202, 0.0, 25.0202, 0.0, 0.0, 16.7888, 16.7888, 0.0, 11.6607, 0.0, 11.6607, 0.0, 11.6607, 0.0, 26.6078, 0.0, 26.6078, 0.0, 0.0, 34.5551, 34.5551, 0.0, 6.7958, 0.0, 0.0, 34.5551, 34.5551, 0.0, 26.6078, 0.0, 0.0, 29.7445, 29.7445, 0.0, 0.0, 29.7445, 29.7445, 0.0, 0.0, 29.7445, 29.7445, 0.0, 11.6607, 0.0, 0.0, 15.6327, 15.6327, 0.0, 11.6607, 0.0, 26.6078, 0.0, 26.6078, 0.0, 26.6078, 0.0, 11.6607, 0.0, 25.0202, 0.0, 4.6711, 0.0, 0.0, 15.6327, 15.6327, 0.0, 0.0, 29.7445, 29.7445, 0.0, 6.7958, 0.0, 11.6607, 0.0, 0.0, 29.7445, 29.7445, 0.0, 11.6607, 0.0, 11.6607, 0.0, 26.6078, 0.0, 0.0, 34.5551, 34.5551, 0.0, 0.0, 29.7445, 29.7445, 0.0, 11.6607, 0.0, 26.6078, 0.0, 0.0, 29.7445, 29.7445, 0.0, 11.6607, 0.0, 26.6078, 0.0, 0.0, 16.7888, 16.7888, 0.0, 0.0, 16.7888, 16.7888, 0.0, 0.0, 16.7888, 16.7888, 0.0, 0.0, 16.7888, 16.7888, 0.0, 0.0, 16.7888, 16.7888, 0.0, 0.0, 16.7888, 16.7888, 0.0, 0.0, 16.7888, 16.7888, 0.0, 0.0, 16.7888, 16.7888, 0.0, 0.0, 16.7888, 16.7888, 0.0, 0.0, 16.7888, 16.7888, 0.0, 0.0, 16.7888, 16.7888, 0.0, 0.0, 16.7888, 16.7888, 0.0, 0.0, 16.7888, 16.7888, 0.0, 0.0, 16.7888, 16.7888, 0.0, 0.0, 16.7888, 16.7888, 0.0, 0.0, 16.7888, 16.7888, 0.0, 0.0, 16.7888, 16.7888, 0.0, 0.0, 16.7888, 16.7888, 0.0, 0.0, 16.7888, 16.7888, 0.0, 17.0082, 0.0, 17.0082, 0.0, 17.0082, 0.0, 17.0082, 0.0, 17.0082, 0.0, 17.0082, 0.0, 17.0082, 0.0, 17.0082, 0.0, 17.0082, 0.0, 17.0082, 0.0, 17.0082, 0.0, 0.0, 16.7888, 16.7888, 0.0, 0.0, 16.7888, 16.7888, 0.0, 0.0, 16.7888, 16.7888, 0.0, 0.0, 16.7888, 16.7888, 0.0, 0.0, 16.7888, 16.7888, 0.0, 0.0, 15.6327, 15.6327, 0.0, 0.0, 15.6327, 15.6327, 0.0, 0.0, 15.6327, 15.6327, 0.0, 0.0, 15.6327, 15.6327, 0.0, 0.0, 15.6327, 15.6327, 0.0, 0.0, 15.6327, 15.6327, 0.0, 0.0, 15.6327, 15.6327, 0.0, 0.0, 15.6327, 15.6327, 0.0, 0.0, 15.6327, 15.6327, 0.0, 0.0, 15.6327, 15.6327, 0.0, 0.0, 15.6327, 15.6327, 0.0, 0.0, 15.6327, 15.6327, 0.0, 0.0, 15.6327, 15.6327, 0.0, 0.0, 15.6327, 15.6327, 0.0, 0.0, 15.6327, 15.6327, 0.0, 0.0, 15.6327, 15.6327, 0.0, 0.0, 15.6327, 15.6327, 0.0, 0.0, 15.6327, 15.6327, 0.0, 0.0, 15.6327, 15.6327, 0.0, 0.0, 15.6327, 15.6327, 0.0, 0.0, 15.6327, 15.6327, 0.0, 0.0, 15.6327, 15.6327, 0.0, 13.2532, 0.0, 13.2532, 0.0, 0.0, 34.5551, 34.5551, 0.0, 0.0, 34.5551, 34.5551, 0.0, 0.0, 34.5551, 34.5551, 0.0, 0.0, 34.5551, 34.5551, 0.0, 0.0, 34.5551, 34.5551, 0.0, 0.0, 34.5551, 34.5551, 0.0, 0.0, 34.5551, 34.5551, 0.0, 0.0, 34.5551, 34.5551, 0.0, 0.0, 34.5551, 34.5551, 0.0, 0.0, 34.5551, 34.5551, 0.0, 0.0, 34.5551, 34.5551, 0.0, 0.0, 34.5551, 34.5551, 0.0, 0.0, 34.5551, 34.5551, 0.0, 0.0, 34.5551, 34.5551, 0.0, 0.0, 34.5551, 34.5551, 0.0, 0.0, 34.5551, 34.5551, 0.0, 0.0, 34.5551, 34.5551, 0.0, 0.0, 34.5551, 34.5551, 0.0, 0.0, 34.5551, 34.5551, 0.0, 0.0, 11.1805, 11.1805, 0.0, 0.0, 11.1805, 11.1805, 0.0, 0.0, 11.1805, 11.1805, 0.0, 0.0, 11.1805, 11.1805, 0.0, 0.0, 11.1805, 11.1805, 0.0, 0.0, 11.1805, 11.1805, 0.0, 0.0, 11.1805, 11.1805, 0.0, 0.0, 11.1805, 11.1805, 0.0, 0.0, 11.1805, 11.1805, 0.0, 0.0, 11.1805, 11.1805, 0.0, 0.0, 11.1805, 11.1805, 0.0, 0.0, 11.1805, 11.1805, 0.0, 0.0, 11.1805, 11.1805, 0.0, 0.0, 11.1805, 11.1805, 0.0, 0.0, 11.1805, 11.1805, 0.0, 0.0, 11.1805, 11.1805, 0.0, 0.0, 11.1805, 11.1805, 0.0, 0.0, 11.1805, 11.1805, 0.0, 0.0, 11.1805, 11.1805, 0.0, 0.0, 11.1805, 11.1805, 0.0, 0.0, 11.1805, 11.1805, 0.0, 0.0, 11.1805, 11.1805, 0.0, 0.0, 11.1805, 11.1805, 0.0, 0.0, 11.1805, 11.1805, 0.0, 0.0, 11.1805, 11.1805, 0.0, 0.0, 11.1805, 11.1805, 0.0, 0.0, 11.1805, 11.1805, 0.0, 0.0, 11.1805, 11.1805, 0.0, 25.0202, 0.0, 25.0202, 0.0, 25.0202, 0.0, 25.0202, 0.0, 25.0202, 0.0, 25.0202, 0.0, 25.0202, 0.0, 25.0202, 0.0, 25.0202, 0.0, 25.0202, 0.0, 25.0202, 0.0, 25.0202, 0.0, 25.0202, 0.0, 25.0202, 0.0, 25.0202, 0.0, 25.0202, 0.0, 25.0202, 0.0, 25.0202, 0.0, 25.0202, 0.0, 25.0202, 0.0, 25.0202, 0.0, 0.0, 29.7445, 29.7445, 0.0, 0.0, 29.7445, 29.7445, 0.0, 0.0, 29.7445, 29.7445, 0.0, 0.0, 29.7445, 29.7445, 0.0, 0.0, 29.7445, 29.7445, 0.0, 0.0, 29.7445, 29.7445, 0.0, 0.0, 29.7445, 29.7445, 0.0, 0.0, 29.7445, 29.7445, 0.0, 13.2532, 0.0, 13.2532, 0.0, 13.2532, 0.0, 13.2532, 0.0, 13.2532, 0.0, 13.2532, 0.0, 13.2532, 0.0, 13.2532, 0.0, 13.2532, 0.0, 13.2532, 0.0, 13.2532, 0.0, 13.2532, 0.0, 13.2532, 0.0, 13.2532, 0.0, 13.2532, 0.0, 13.2532, 0.0, 13.2532, 0.0, 13.2532, 0.0, 13.2532, 0.0, 13.2532, 0.0, 13.2532, 0.0, 13.2532, 0.0, 13.2532, 0.0, 13.2532, 0.0, 13.2532, 0.0, 13.2532, 0.0, 4.6711, 0.0, 4.6711, 0.0, 4.6711, 0.0, 4.6711, 0.0, 4.6711, 0.0, 4.6711, 0.0, 4.6711, 0.0, 4.6711, 0.0, 4.6711, 0.0, 4.6711, 0.0, 4.6711, 0.0, 4.6711, 0.0, 4.6711, 0.0, 4.6711, 0.0, 4.6711, 0.0, 4.6711, 0.0, 4.6711, 0.0, 4.6711, 0.0, 4.6711, 0.0, 4.6711, 0.0, 4.6711, 0.0, 4.6711, 0.0, 4.6711, 0.0, 4.6711, 0.0, 4.6711, 0.0, 17.0082, 0.0, 17.0082, 0.0, 17.0082, 0.0, 0.0, 23.9337, 23.9337, 0.0]",success,
0.5,10000,1.2,15,392,1.9473,"[6, 2, 6, 0, 6, 5, 6, 0, 6, 5, 6, 0, 7, 14, 7, 0, 7, 14, 7, 0, 7, 14, 7, 0, 7, 14, 7, 0, 7, 14, 7, 0, 7, 14, 7, 0, 7, 14, 7, 0, 7, 14, 7, 0, 7, 14, 7, 0, 7, 14, 7, 0, 7, 14, 7, 0, 7, 14, 7, 0, 7, 14, 7, 0, 7, 14, 7, 0, 7, 14, 7, 0, 7, 14, 7, 0, 7, 14, 7, 0, 7, 14, 7, 0, 7, 14, 7, 0, 7, 14, 7, 0, 7, 14, 7, 0, 7, 14, 7, 0, 7, 14, 7, 0, 7, 14, 7, 0, 7, 14, 7, 0, 7, 14, 7, 0, 6, 2, 6, 0, 6, 2, 6, 0, 6, 2, 6, 0, 6, 2, 6, 0, 6, 2, 6, 0, 6, 2, 6, 0, 6, 2, 6, 0, 6, 2, 6, 0, 6, 2, 6, 0, 6, 2, 6, 0, 3, 11, 3, 0, 6, 2, 6, 0, 6, 2, 6, 0, 6, 2, 6, 0, 6, 2, 6, 0, 6, 2, 6, 0, 6, 2, 6, 0, 6, 2, 6, 0, 6, 2, 6, 0, 6, 2, 6, 0, 6, 2, 6, 0, 6, 2, 6, 0, 6, 2, 6, 0, 3, 11, 3, 0, 3, 11, 3, 0, 3, 11, 3, 0, 3, 11, 3, 0, 1, 0, 1, 0, 1, 0, 6, 0, 6, 0, 6, 0, 6, 0, 6, 0, 6, 0, 6, 5, 6, 0, 7, 14, 7, 0, 6, 5, 6, 0, 1, 0, 3, 9, 3, 0, 3, 9, 3, 0, 3, 11, 3, 0, 6, 2, 6, 0, 3, 0, 3, 0, 7, 12, 7, 0, 6, 2, 6, 0, 3, 0, 7, 10, 7, 0, 3, 11, 3, 0, 6, 2, 6, 0, 13, 0, 3, 0, 3, 0, 3, 0, 1, 0, 1, 0, 6, 0, 6, 0, 1, 0, 1, 0, 3, 0, 1, 0, 6, 0, 1, 0, 1, 0, 4, 0, 6, 0, 1, 0, 3, 0, 3, 0, 3, 0, 3, 0, 3, 0, 3, 0, 3, 0, 3, 0, 3, 0, 1, 0, 1, 0, 1, 0, 1, 0, 1, 0, 3, 0, 1, 0, 6, 0, 3, 0, 1, 0, 6, 0, 6, 0, 1, 0, 1, 0, 1, 0, 1, 0, 1, 0, 8, 0, 3, 9, 3, 0, 7, 12, 7, 0, 7, 12, 7, 0, 6, 0, 6, 0, 6, 0, 6, 0, 6, 0, 6, 0, 6, 0, 6, 0, 6, 0, 6, 0, 6, 0, 6, 0, 6, 0, 6, 0, 6, 0, 3, 0, 3, 0, 3, 0, 3, 0, 3, 0, 3, 0, 3, 0, 1, 0, 1, 0, 6, 2, 6, 0, 6, 2, 6, 0, 8, 0, 3, 11, 3, 0, 3, 11, 3, 0, 3, 11, 3, 0, 3, 11, 3, 0, 3, 11, 3, 0, 3, 11, 3, 0, 3, 11, 3, 0, 3, 11, 3, 0, 3, 11, 3, 0, 3, 11, 3, 0, 3, 11, 3, 0, 3, 11, 3, 0, 3, 11, 3, 0, 3, 11, 3, 0, 3, 11, 3, 0, 3, 11, 3, 0, 6, 5, 6, 0, 6, 5, 6, 0, 6, 5, 6, 0, 6, 5, 6, 0, 6, 5, 6, 0, 6, 5, 6, 0, 6, 5, 6, 0, 6, 5, 6, 0, 6, 5, 6, 0, 6, 5, 6, 0, 6, 5, 6, 0, 6, 5, 6, 0, 6, 5, 6, 0, 6, 5, 6, 0, 6, 5, 6, 0, 6, 5, 6, 0, 6, 5, 6, 0, 6, 5, 6, 0, 6, 5, 6, 0, 6, 5, 6, 0, 6, 5, 6, 0, 6, 5, 6, 0, 7, 12, 7, 0, 6, 5, 6, 0, 13, 0, 1, 0, 13, 0, 3, 0, 1, 0, 13, 0, 3, 0, 4, 0, 6, 5, 6, 0, 7, 14, 7, 0, 13, 0, 13, 0, 13, 0, 13, 0, 13, 0, 13, 0, 13, 0, 13, 0, 13, 0, 13, 0, 13, 0, 13, 0, 13, 0, 13, 0, 13, 0, 13, 0, 13, 0, 13, 0, 13, 0, 13, 0, 13, 0, 13, 0, 13, 0, 13, 0, 7, 12, 7, 0, 7, 12, 7, 0, 7, 12, 7, 0, 7, 12, 7, 0, 7, 12, 7, 0, 7, 12, 7, 0, 7, 12, 7, 0, 7, 12, 7, 0, 7, 12, 7, 0, 7, 12, 7, 0, 7, 12, 7, 0, 7, 12, 7, 0, 7, 12, 7, 0, 7, 12, 7, 0, 7, 12, 7, 0, 7, 12, 7, 0, 7, 12, 7, 0, 7, 12, 7, 0, 7, 12, 7, 0, 7, 12, 7, 0, 7, 12, 7, 0, 7, 12, 7, 0, 7, 12, 7, 0, 7, 12, 7, 0, 4, 0, 4, 0, 4, 0, 4, 0, 4, 0, 4, 0, 4, 0, 4, 0, 4, 0, 4, 0, 4, 0, 4, 0, 4, 0, 4, 0, 4, 0, 7, 0, 7, 0, 7, 0, 7, 0, 7, 0, 7, 0, 7, 0, 7, 0, 8, 0, 3, 9, 3, 0, 8, 0, 8, 0, 8, 0, 8, 0, 8, 0, 8, 0, 8, 0, 8, 0, 8, 0, 8, 0, 4, 0, 4, 0, 4, 0, 4, 0, 4, 0, 4, 0, 4, 0, 4, 0, 4, 0, 4, 0, 4, 0, 7, 0, 7, 0, 7, 0, 7, 0, 7, 0, 7, 0, 7, 0, 7, 0, 7, 0, 7, 0, 7, 0, 7, 0, 7, 0, 7, 0, 7, 0, 7, 0, 7, 0, 7, 0, 7, 0, 8, 0, 3, 9, 3, 0, 8, 0, 8, 0, 8, 0, 8, 0, 8, 0, 8, 0, 8, 0, 8, 0, 8, 0, 8, 0, 8, 0, 8, 0, 8, 0, 7, 10, 7, 0, 7, 10, 7, 0, 7, 10, 7, 0, 7, 10, 7, 0, 7, 10, 7, 0, 7, 10, 7, 0, 7, 10, 7, 0, 7, 10, 7, 0, 7, 10, 7, 0, 7, 10, 7, 0, 7, 10, 7, 0, 7, 10, 7, 0, 7, 10, 7, 0, 7, 10, 7, 0, 7, 10, 7, 0, 7, 10, 7, 0, 7, 10, 7, 0, 7, 10, 7, 0, 7, 10, 7, 0, 7, 10, 7, 0, 7, 10, 7, 0, 7, 10, 7, 0, 7, 10, 7, 0, 7, 10, 7, 0, 7, 10, 7, 0, 7, 10, 7, 0, 7, 10, 7, 0, 3, 9, 3, 0, 3, 9, 3, 0, 3, 9, 3, 0, 3, 9, 3, 0, 3, 9, 3, 0, 3, 9, 3, 0, 3, 9, 3, 0, 3, 9, 3, 0, 3, 9, 3, 0, 3, 9, 3, 0, 3, 9, 3, 0, 3, 9, 3, 0, 3, 9, 3, 0, 3, 9, 3, 0, 3, 9, 3, 0, 3, 9, 3, 0, 3, 9, 3, 0, 3, 9, 3, 0, 3, 9, 3, 0, 3, 9, 3, 0, 3, 9, 3, 0, 3, 9, 3, 0, 3, 0, 7, 0, 3, 11, 3, 0, 3, 11, 3, 0, 3, 11, 3, 0, 3, 11, 3, 0, 3, 11, 3, 0, 3, 9, 3, 0, 8, 0]","[0.5705, 0.5705, 0.3534, 0.3534, 0.2922, 0.2922, 0.3534, 0.3534, 0.2922, 0.2922, 0.3534, 0.2786, 0.5398, 0.5398, 0.2786, 0.2786, 0.5398, 0.5398, 0.2786, 0.2786, 0.5398, 0.5398, 0.2786, 0.2786, 0.5398, 0.5398, 0.2786, 0.2786, 0.5398, 0.5398, 0.2786, 0.2786, 0.5398, 0.5398, 0.2786, 0.2786, 0.5398, 0.5398, 0.2786, 0.2786, 0.5398, 0.5398, 0.2786, 0.2786, 0.5398, 0.5398, 0.2786, 0.2786, 0.5398, 0.5398, 0.2786, 0.2786, 0.5398, 0.5398, 0.2786, 0.2786, 0.5398, 0.5398, 0.2786, 0.2786, 0.5398, 0.5398, 0.2786, 0.2786, 0.5398, 0.5398, 0.2786, 0.2786, 0.5398, 0.5398, 0.2786, 0.2786, 0.5398, 0.5398, 0.2786, 0.2786, 0.5398, 0.5398, 0.2786, 0.2786, 0.5398, 0.5398, 0.2786, 0.2786, 0.5398, 0.5398, 0.2786, 0.2786, 0.5398, 0.5398, 0.2786, 0.2786, 0.5398, 0.5398, 0.2786, 0.2786, 0.5398, 0.5398, 0.2786, 0.2786, 0.5398, 0.5398, 0.2786, 0.2786, 0.5398, 0.5398, 0.2786, 0.2786, 0.5398, 0.5398, 0.2786, 0.2786, 0.5398, 0.5398, 0.2786, 0.3534, 0.5705, 0.5705, 0.3534, 0.3534, 0.5705, 0.5705, 0.3534, 0.3534, 0.5705, 0.5705, 0.3534, 0.3534, 0.5705, 0.5705, 0.3534, 0.3534, 0.5705, 0.5705, 0.3534, 0.3534, 0.5705, 0.5705, 0.3534, 0.3534, 0.5705, 0.5705, 0.3534, 0.3534, 0.5705, 0.5705, 0.3534, 0.3534, 0.5705, 0.5705, 0.3534, 0.3534, 0.5705, 0.5705, 0.3534, 0.3873, 0.2353, 0.2353, 0.3873, 0.3534, 0.5705, 0.5705, 0.3534, 0.3534, 0.5705, 0.5705, 0.3534, 0.3534, 0.5705, 0.5705, 0.3534, 0.3534, 0.5705, 0.5705, 0.3534, 0.3534, 0.5705, 0.5705, 0.3534, 0.3534, 0.5705, 0.5705, 0.3534, 0.3534, 0.5705, 0.5705, 0.3534, 0.3534, 0.5705, 0.5705, 0.3534, 0.3534, 0.5705, 0.5705, 0.3534, 0.3534, 0.5705, 0.5705, 0.3534, 0.3534, 0.5705, 0.5705, 0.3534, 0.3534, 0.5705, 0.5705, 0.3534, 0.3873, 0.2353, 0.2353, 0.3873, 0.3873, 0.2353, 0.2353, 0.3873, 0.3873, 0.2353, 0.2353, 0.3873, 0.3873, 0.2353, 0.2353, 0.3873, 0.4093, 0.4093, 0.4093, 0.4093, 0.4093, 0.4093, 0.3534, 0.3534, 0.3534, 0.3534, 0.3534, 0.3534, 0.3534, 0.3534, 0.3534, 0.3534, 0.3534, 0.3534, 0.3534, 0.2922, 0.2922, 0.3534, 0.2786, 0.5398, 0.5398, 0.2786, 0.3534, 0.2922, 0.2922, 0.3534, 0.4093, 0.4093, 0.3873, 0.1681, 0.1681, 0.3873, 0.3873, 0.1681, 0.1681, 0.3873, 0.3873, 0.2353, 0.2353, 0.3873, 0.3534, 0.5705, 0.5705, 0.3534, 0.3873, 0.3873, 0.3873, 0.3873, 0.2786, 0.3366, 0.3366, 0.2786, 0.3534, 0.5705, 0.5705, 0.3534, 0.3873, 0.3873, 0.2786, 0.3394, 0.3394, 0.2786, 0.3873, 0.2353, 0.2353, 0.3873, 0.3534, 0.5705, 0.5705, 0.3534, 0.4574, 0.4574, 0.3873, 0.3873, 0.3873, 0.3873, 0.3873, 0.3873, 0.4093, 0.4093, 0.4093, 0.4093, 0.3534, 0.3534, 0.3534, 0.3534, 0.4093, 0.4093, 0.4093, 0.4093, 0.3873, 0.3873, 0.4093, 0.4093, 0.3534, 0.3534, 0.4093, 0.4093, 0.4093, 0.4093, 0.3752, 0.3752, 0.3534, 0.3534, 0.4093, 0.4093, 0.3873, 0.3873, 0.3873, 0.3873, 0.3873, 0.3873, 0.3873, 0.3873, 0.3873, 0.3873, 0.3873, 0.3873, 0.3873, 0.3873, 0.3873, 0.3873, 0.3873, 0.3873, 0.4093, 0.4093, 0.4093, 0.4093, 0.4093, 0.4093, 0.4093, 0.4093, 0.4093, 0.4093, 0.3873, 0.3873, 0.4093, 0.4093, 0.3534, 0.3534, 0.3873, 0.3873, 0.4093, 0.4093, 0.3534, 0.3534, 0.3534, 0.3534, 0.4093, 0.4093, 0.4093, 0.4093, 0.4093, 0.4093, 0.4093, 0.4093, 0.4093, 0.4093, 0.4396, 0.4396, 0.3873, 0.1681, 0.1681, 0.3873, 0.2786, 0.3366, 0.3366, 0.2786, 0.2786, 0.3366, 0.3366, 0.2786, 0.3534, 0.3534, 0.3534, 0.3534, 0.3534, 0.3534, 0.3534, 0.3534, 0.3534, 0.3534, 0.3534, 0.3534, 0.3534, 0.3534, 0.3534, 0.3534, 0.3534, 0.3534, 0.3534, 0.3534, 0.3534, 0.3534, 0.3534, 0.3534, 0.3534, 0.3534, 0.3534, 0.3534, 0.3534, 0.3534, 0.3873, 0.3873, 0.3873, 0.3873, 0.3873, 0.3873, 0.3873, 0.3873, 0.3873, 0.3873, 0.3873, 0.3873, 0.3873, 0.3873, 0.4093, 0.4093, 0.4093, 0.4093, 0.3534, 0.5705, 0.5705, 0.3534, 0.3534, 0.5705, 0.5705, 0.3534, 0.4396, 0.4396, 0.3873, 0.2353, 0.2353, 0.3873, 0.3873, 0.2353, 0.2353, 0.3873, 0.3873, 0.2353, 0.2353, 0.3873, 0.3873, 0.2353, 0.2353, 0.3873, 0.3873, 0.2353, 0.2353, 0.3873, 0.3873, 0.2353, 0.2353, 0.3873, 0.3873, 0.2353, 0.2353, 0.3873, 0.3873, 0.2353, 0.2353, 0.3873, 0.3873, 0.2353, 0.2353, 0.3873, 0.3873, 0.2353, 0.2353, 0.3873, 0.3873, 0.2353, 0.2353, 0.3873, 0.3873, 0.2353, 0.2353, 0.3873, 0.3873, 0.2353, 0.2353, 0.3873, 0.3873, 0.2353, 0.2353, 0.3873, 0.3873, 0.2353, 0.2353, 0.3873, 0.3873, 0.2353, 0.2353, 0.3873, 0.3534, 0.2922, 0.2922, 0.3534, 0.3534, 0.2922, 0.2922, 0.3534, 0.3534, 0.2922, 0.2922, 0.3534, 0.3534, 0.2922, 0.2922, 0.3534, 0.3534, 0.2922, 0.2922, 0.3534, 0.3534, 0.2922, 0.2922, 0.3534, 0.3534, 0.2922, 0.2922, 0.3534, 0.3534, 0.2922, 0.2922, 0.3534, 0.3534, 0.2922, 0.2922, 0.3534, 0.3534, 0.2922, 0.2922, 0.3534, 0.3534, 0.2922, 0.2922, 0.3534, 0.3534, 0.2922, 0.2922, 0.3534, 0.3534, 0.2922, 0.2922, 0.3534, 0.3534, 0.2922, 0.2922, 0.3534, 0.3534, 0.2922, 0.2922, 0.3534, 0.3534, 0.2922, 0.2922, 0.3534, 0.3534, 0.2922, 0.2922, 0.3534, 0.3534, 0.2922, 0.2922, 0.3534, 0.3534, 0.2922, 0.2922, 0.3534, 0.3534, 0.2922, 0.2922, 0.3534, 0.3534, 0.2922, 0.2922, 0.3534, 0.3534, 0.2922, 0.2922, 0.3534, 0.2786, 0.3366, 0.3366, 0.2786, 0.3534, 0.2922, 0.2922, 0.3534, 0.4574, 0.4574, 0.4093, 0.4093, 0.4574, 0.4574, 0.3873, 0.3873, 0.4093, 0.4093, 0.4574, 0.4574, 0.3873, 0.3873, 0.3752, 0.3752, 0.3534, 0.2922, 0.2922, 0.3534, 0.2786, 0.5398, 0.5398, 0.2786, 0.4574, 0.4574, 0.4574, 0.4574, 0.4574, 0.4574, 0.4574, 0.4574, 0.4574, 0.4574, 0.4574, 0.4574, 0.4574, 0.4574, 0.4574, 0.4574, 0.4574, 0.4574, 0.4574, 0.4574, 0.4574, 0.4574, 0.4574, 0.4574, 0.4574, 0.4574, 0.4574, 0.4574, 0.4574, 0.4574, 0.4574, 0.4574, 0.4574, 0.4574, 0.4574, 0.4574, 0.4574, 0.4574, 0.4574, 0.4574, 0.4574, 0.4574, 0.4574, 0.4574, 0.4574, 0.4574, 0.4574, 0.4574, 0.2786, 0.3366, 0.3366, 0.2786, 0.2786, 0.3366, 0.3366, 0.2786, 0.2786, 0.3366, 0.3366, 0.2786, 0.2786, 0.3366, 0.3366, 0.2786, 0.2786, 0.3366, 0.3366, 0.2786, 0.2786, 0.3366, 0.3366, 0.2786, 0.2786, 0.3366, 0.3366, 0.2786, 0.2786, 0.3366, 0.3366, 0.2786, 0.2786, 0.3366, 0.3366, 0.2786, 0.2786, 0.3366, 0.3366, 0.2786, 0.2786, 0.3366, 0.3366, 0.2786, 0.2786, 0.3366, 0.3366, 0.2786, 0.2786, 0.3366, 0.3366, 0.2786, 0.2786, 0.3366, 0.3366, 0.2786, 0.2786, 0.3366, 0.3366, 0.2786, 0.2786, 0.3366, 0.3366, 0.2786, 0.2786, 0.3366, 0.3366, 0.2786, 0.2786, 0.3366, 0.3366, 0.2786, 0.2786, 0.3366, 0.3366, 0.2786, 0.2786, 0.3366, 0.3366, 0.2786, 0.2786, 0.3366, 0.3366, 0.2786, 0.2786, 0.3366, 0.3366, 0.2786, 0.2786, 0.3366, 0.3366, 0.2786, 0.2786, 0.3366, 0.3366, 0.2786, 0.3752, 0.3752, 0.3752, 0.3752, 0.3752, 0.3752, 0.3752, 0.3752, 0.3752, 0.3752, 0.3752, 0.3752, 0.3752, 0.3752, 0.3752, 0.3752, 0.3752, 0.3752, 0.3752, 0.3752, 0.3752, 0.3752, 0.3752, 0.3752, 0.3752, 0.3752, 0.3752, 0.3752, 0.3752, 0.3752, 0.2786, 0.2786, 0.2786, 0.2786, 0.2786, 0.2786, 0.2786, 0.2786, 0.2786, 0.2786, 0.2786, 0.2786, 0.2786, 0.2786, 0.2786, 0.2786, 0.4396, 0.4396, 0.3873, 0.1681, 0.1681, 0.3873, 0.4396, 0.4396, 0.4396, 0.4396, 0.4396, 0.4396, 0.4396, 0.4396, 0.4396, 0.4396, 0.4396, 0.4396, 0.4396, 0.4396, 0.4396, 0.4396, 0.4396, 0.4396, 0.4396, 0.4396, 0.3752, 0.3752, 0.3752, 0.3752, 0.3752, 0.3752, 0.3752, 0.3752, 0.3752, 0.3752, 0.3752, 0.3752, 0.3752, 0.3752, 0.3752, 0.3752, 0.3752, 0.3752, 0.3752, 0.3752, 0.3752, 0.3752, 0.2786, 0.2786, 0.2786, 0.2786, 0.2786, 0.2786, 0.2786, 0.2786, 0.2786, 0.2786, 0.2786, 0.2786, 0.2786, 0.2786, 0.2786, 0.2786, 0.2786, 0.2786, 0.2786, 0.2786, 0.2786, 0.2786, 0.2786, 0.2786, 0.2786, 0.2786, 0.2786, 0.2786, 0.2786, 0.2786, 0.2786, 0.2786, 0.2786, 0.2786, 0.2786, 0.2786, 0.2786, 0.2786, 0.4396, 0.4396, 0.3873, 0.1681, 0.1681, 0.3873, 0.4396, 0.4396, 0.4396, 0.4396, 0.4396, 0.4396, 0.4396, 0.4396, 0.4396, 0.4396, 0.4396, 0.4396, 0.4396, 0.4396, 0.4396, 0.4396, 0.4396, 0.4396, 0.4396, 0.4396, 0.4396, 0.4396, 0.4396, 0.4396, 0.4396, 0.4396, 0.2786, 0.3394, 0.3394, 0.2786, 0.2786, 0.3394, 0.3394, 0.2786, 0.2786, 0.3394, 0.3394, 0.2786, 0.2786, 0.3394, 0.3394, 0.2786, 0.2786, 0.3394, 0.3394, 0.2786, 0.2786, 0.3394, 0.3394, 0.2786, 0.2786, 0.3394, 0.3394, 0.2786, 0.2786, 0.3394, 0.3394, 0.2786, 0.2786, 0.3394, 0.3394, 0.2786, 0.2786, 0.3394, 0.3394, 0.2786, 0.2786, 0.3394, 0.3394, 0.2786, 0.2786, 0.3394, 0.3394, 0.2786, 0.2786, 0.3394, 0.3394, 0.2786, 0.2786, 0.3394, 0.3394, 0.2786, 0.2786, 0.3394, 0.3394, 0.2786, 0.2786, 0.3394, 0.3394, 0.2786, 0.2786, 0.3394, 0.3394, 0.2786, 0.2786, 0.3394, 0.3394, 0.2786, 0.2786, 0.3394, 0.3394, 0.2786, 0.2786, 0.3394, 0.3394, 0.2786, 0.2786, 0.3394, 0.3394, 0.2786, 0.2786, 0.3394, 0.3394, 0.2786, 0.2786, 0.3394, 0.3394, 0.2786, 0.2786, 0.3394, 0.3394, 0.2786, 0.2786, 0.3394, 0.3394, 0.2786, 0.2786, 0.3394, 0.3394, 0.2786, 0.2786, 0.3394, 0.3394, 0.2786, 0.3873, 0.1681, 0.1681, 0.3873, 0.3873, 0.1681, 0.1681, 0.3873, 0.3873, 0.1681, 0.1681, 0.3873, 0.3873, 0.1681, 0.1681, 0.3873, 0.3873, 0.1681, 0.1681, 0.3873, 0.3873, 0.1681, 0.1681, 0.3873, 0.3873, 0.1681, 0.1681, 0.3873, 0.3873, 0.1681, 0.1681, 0.3873, 0.3873, 0.1681, 0.1681, 0.3873, 0.3873, 0.1681, 0.1681, 0.3873, 0.3873, 0.1681, 0.1681, 0.3873, 0.3873, 0.1681, 0.1681, 0.3873, 0.3873, 0.1681, 0.1681, 0.3873, 0.3873, 0.1681, 0.1681, 0.3873, 0.3873, 0.1681, 0.1681, 0.3873, 0.3873, 0.1681, 0.1681, 0.3873, 0.3873, 0.1681, 0.1681, 0.3873, 0.3873, 0.1681, 0.1681, 0.3873, 0.3873, 0.1681, 0.1681, 0.3873, 0.3873, 0.1681, 0.1681, 0.3873, 0.3873, 0.1681, 0.1681, 0.3873, 0.3873, 0.1681, 0.1681, 0.3873, 0.3873, 0.3873, 0.2786, 0.2786, 0.3873, 0.2353, 0.2353, 0.3873, 0.3873, 0.2353, 0.2353, 0.3873, 0.3873, 0.2353, 0.2353, 0.3873, 0.3873, 0.2353, 0.2353, 0.3873, 0.3873, 0.2353, 0.2353, 0.3873, 0.3873, 0.1681, 0.1681, 0.3873, 0.4396, 0.4396]","[0.0, 34.5551, 34.5551, 0.0, 0.0, 16.7888, 16.7888, 0.0, 0.0, 16.7888, 16.7888, 0.0, 0.0, 11.1805, 11.1805, 0.0, 0.0, 11.1805, 11.1805, 0.0, 0.0, 11.1805, 11.1805, 0.0, 0.0, 11.1805, 11.1805, 0.0, 0.0, 11.1805, 11.1805, 0.0, 0.0, 11.1805, 11.1805, 0.0, 0.0, 11.1805, 11.1805, 0.0, 0.0, 11.1805, 11.1805, 0.0, 0.0, 11.1805, 11.1805, 0.0, 0.0, 11.1805, 11.1805, 0.0, 0.0, 11.1805, 11.1805, 0.0, 0.0, 11.1805, 11.1805, 0.0, 0.0, 11.1805, 11.1805, 0.0, 0.0, 11.1805, 11.1805, 0.0, 0.0, 11.1805, 11.1805, 0.0, 0.0, 11.1805, 11.1805, 0.0, 0.0, 11.1805, 11.1805, 0.0, 0.0, 11.1805, 11.1805, 0.0, 0.0, 11.1805, 11.1805, 0.0, 0.0, 11.1805, 11.1805, 0.0, 0.0, 11.1805, 11.1805, 0.0, 0.0, 11.1805, 11.1805, 0.0, 0.0, 11.1805, 11.1805, 0.0, 0.0, 11.1805, 11.1805, 0.0, 0.0, 11.1805, 11.1805, 0.0, 0.0, 11.1805, 11.1805, 0.0, 0.0, 34.5551, 34.5551, 0.0, 0.0, 34.5551, 34.5551, 0.0, 0.0, 34.5551, 34.5551, 0.0, 0.0, 34.5551, 34.5551, 0.0, 0.0, 34.5551, 34.5551, 0.0, 0.0, 34.5551, 34.5551, 0.0, 0.0, 34.5551, 34.5551, 0.0, 0.0, 34.5551, 34.5551, 0.0, 0.0, 34.5551, 34.5551, 0.0, 0.0, 34.5551, 34.5551, 0.0, 0.0, 15.6327, 15.6327, 0.0, 0.0, 34.5551, 34.5551, 0.0, 0.0, 34.5551, 34.5551, 0.0, 0.0, 34.5551, 34.5551, 0.0, 0.0, 34.5551, 34.5551, 0.0, 0.0, 34.5551, 34.5551, 0.0, 0.0, 34.5551, 34.5551, 0.0, 0.0, 34.5551, 34.5551, 0.0, 0.0, 34.5551, 34.5551, 0.0, 0.0, 34.5551, 34.5551, 0.0, 0.0, 34.5551, 34.5551, 0.0, 0.0, 34.5551, 34.5551, 0.0, 0.0, 34.5551, 34.5551, 0.0, 0.0, 15.6327, 15.6327, 0.0, 0.0, 15.6327, 15.6327, 0.0, 0.0, 15.6327, 15.6327, 0.0, 0.0, 15.6327, 15.6327, 0.0, 26.6078, 0.0, 26.6078, 0.0, 26.6078, 0.0, 6.7958, 0.0, 6.7958, 0.0, 6.7958, 0.0, 6.7958, 0.0, 6.7958, 0.0, 6.7958, 0.0, 0.0, 16.7888, 16.7888, 0.0, 0.0, 11.1805, 11.1805, 0.0, 0.0, 16.7888, 16.7888, 0.0, 26.6078, 0.0, 0.0, 8.1315, 8.1315, 0.0, 0.0, 8.1315, 8.1315, 0.0, 0.0, 15.6327, 15.6327, 0.0, 0.0, 34.5551, 34.5551, 0.0, 11.6607, 0.0, 11.6607, 0.0, 0.0, 29.7445, 29.7445, 0.0, 0.0, 34.5551, 34.5551, 0.0, 11.6607, 0.0, 0.0, 23.9337, 23.9337, 0.0, 0.0, 15.6327, 15.6327, 0.0, 0.0, 34.5551, 34.5551, 0.0, 25.0202, 0.0, 11.6607, 0.0, 11.6607, 0.0, 11.6607, 0.0, 26.6078, 0.0, 26.6078, 0.0, 6.7958, 0.0, 6.7958, 0.0, 26.6078, 0.0, 26.6078, 0.0, 11.6607, 0.0, 26.6078, 0.0, 6.7958, 0.0, 26.6078, 0.0, 26.6078, 0.0, 13.2532, 0.0, 6.7958, 0.0, 26.6078, 0.0, 11.6607, 0.0, 11.6607, 0.0, 11.6607, 0.0, 11.6607, 0.0, 11.6607, 0.0, 11.6607, 0.0, 11.6607, 0.0, 11.6607, 0.0, 11.6607, 0.0, 26.6078, 0.0, 26.6078, 0.0, 26.6078, 0.0, 26.6078, 0.0, 26.6078, 0.0, 11.6607, 0.0, 26.6078, 0.0, 6.7958, 0.0, 11.6607, 0.0, 26.6078, 0.0, 6.7958, 0.0, 6.7958, 0.0, 26.6078, 0.0, 26.6078, 0.0, 26.6078, 0.0, 26.6078, 0.0, 26.6078, 0.0, 17.0082, 0.0, 0.0, 8.1315, 8.1315, 0.0, 0.0, 29.7445, 29.7445, 0.0, 0.0, 29.7445, 29.7445, 0.0, 6.7958, 0.0, 6.7958, 0.0, 6.7958, 0.0, 6.7958, 0.0, 6.7958, 0.0, 6.7958, 0.0, 6.7958, 0.0, 6.7958, 0.0, 6.7958, 0.0, 6.7958, 0.0, 6.7958, 0.0, 6.7958, 0.0, 6.7958, 0.0, 6.7958, 0.0, 6.7958, 0.0, 11.6607, 0.0, 11.6607, 0.0, 11.6607, 0.0, 11.6607, 0.0, 11.6607, 0.0, 11.6607, 0.0, 11.6607, 0.0, 26.6078, 0.0, 26.6078, 0.0, 0.0, 34.5551, 34.5551, 0.0, 0.0, 34.5551, 34.5551, 0.0, 17.0082, 0.0, 0.0, 15.6327, 15.6327, 0.0, 0.0, 15.6327, 15.6327, 0.0, 0.0, 15.6327, 15.6327, 0.0, 0.0, 15.6327, 15.6327, 0.0, 0.0, 15.6327, 15.6327, 0.0, 0.0, 15.6327, 15.6327, 0.0, 0.0, 15.6327, 15.6327, 0.0, 0.0, 15.6327, 15.6327, 0.0, 0.0, 15.6327, 15.6327, 0.0, 0.0, 15.6327, 15.6327, 0.0, 0.0, 15.6327, 15.6327, 0.0, 0.0, 15.6327, 15.6327, 0.0, 0.0, 15.6327, 15.6327, 0.0, 0.0, 15.6327, 15.6327, 0.0, 0.0, 15.6327, 15.6327, 0.0, 0.0, 15.6327, 15.6327, 0.0, 0.0, 16.7888, 16.7888, 0.0, 0.0, 16.7888, 16.7888, 0.0, 0.0, 16.7888, 16.7888, 0.0, 0.0, 16.7888, 16.7888, 0.0, 0.0, 16.7888, 16.7888, 0.0, 0.0, 16.7888, 16.7888, 0.0, 0.0, 16.7888, 16.7888, 0.0, 0.0, 16.7888, 16.7888, 0.0, 0.0, 16.7888, 16.7888, 0.0, 0.0, 16.7888, 16.7888, 0.0, 0.0, 16.7888, 16.7888, 0.0, 0.0, 16.7888, 16.7888, 0.0, 0.0, 16.7888, 16.7888, 0.0, 0.0, 16.7888, 16.7888, 0.0, 0.0, 16.7888, 16.7888, 0.0, 0.0, 16.7888, 16.7888, 0.0, 0.0, 16.7888, 16.7888, 0.0, 0.0, 16.7888, 16.7888, 0.0, 0.0, 16.7888, 16.7888, 0.0, 0.0, 16.7888, 16.7888, 0.0, 0.0, 16.7888, 16.7888, 0.0, 0.0, 16.7888, 16.7888, 0.0, 0.0, 29.7445, 29.7445, 0.0, 0.0, 16.7888, 16.7888, 0.0, 25.0202, 0.0, 26.6078, 0.0, 25.0202, 0.0, 11.6607, 0.0, 26.6078, 0.0, 25.0202, 0.0, 11.6607, 0.0, 13.2532, 0.0, 0.0, 16.7888, 16.7888, 0.0, 0.0, 11.1805, 11.1805, 0.0, 25.0202, 0.0, 25.0202, 0.0, 25.0202, 0.0, 25.0202, 0.0, 25.0202, 0.0, 25.0202, 0.0, 25.0202, 0.0, 25.0202, 0.0, 25.0202, 0.0, 25.0202, 0.0, 25.0202, 0.0, 25.0202, 0.0, 25.0202, 0.0, 25.0202, 0.0, 25.0202, 0.0, 25.0202, 0.0, 25.0202, 0.0, 25.0202, 0.0, 25.0202, 0.0, 25.0202, 0.0, 25.0202, 0.0, 25.0202, 0.0, 25.0202, 0.0, 25.0202, 0.0, 0.0, 29.7445, 29.7445, 0.0, 0.0, 29.7445, 29.7445, 0.0, 0.0, 29.7445, 29.7445, 0.0, 0.0, 29.7445, 29.7445, 0.0, 0.0, 29.7445, 29.7445, 0.0, 0.0, 29.7445, 29.7445, 0.0, 0.0, 29.7445, 29.7445, 0.0, 0.0, 29.7445, 29.7445, 0.0, 0.0, 29.7445, 29.7445, 0.0, 0.0, 29.7445, 29.7445, 0.0, 0.0, 29.7445, 29.7445, 0.0, 0.0, 29.7445, 29.7445, 0.0, 0.0, 29.7445, 29.7445, 0.0, 0.0, 29.7445, 29.7445, 0.0, 0.0, 29.7445, 29.7445, 0.0, 0.0, 29.7445, 29.7445, 0.0, 0.0, 29.7445, 29.7445, 0.0, 0.0, 29.7445, 29.7445, 0.0, 0.0, 29.7445, 29.7445, 0.0, 0.0, 29.7445, 29.7445, 0.0, 0.0, 29.7445, 29.7445, 0.0, 0.0, 29.7445, 29.7445, 0.0, 0.0, 29.7445, 29.7445, 0.0, 0.0, 29.7445, 29.7445, 0.0, 13.2532, 0.0, 13.2532, 0.0, 13.2532, 0.0, 13.2532, 0.0, 13.2532, 0.0, 13.2532, 0.0, 13.2532, 0.0, 13.2532, 0.0, 13.2532, 0.0, 13.2532, 0.0, 13.2532, 0.0, 13.2532, 0.0, 13.2532, 0.0, 13.2532, 0.0, 13.2532, 0.0, 4.6711, 0.0, 4.6711, 0.0, 4.6711, 0.0, 4.6711, 0.0, 4.6711, 0.0, 4.6711, 0.0, 4.6711, 0.0, 4.6711, 0.0, 17.0082, 0.0, 0.0, 8.1315, 8.1315, 0.0, 17.0082, 0.0, 17.0082, 0.0, 17.0082, 0.0, 17.0082, 0.0, 17.0082, 0.0, 17.0082, 0.0, 17.0082, 0.0, 17.0082, 0.0, 17.0082, 0.0, 17.0082, 0.0, 13.2532, 0.0, 13.2532, 0.0, 13.2532, 0.0, 13.2532, 0.0, 13.2532, 0.0, 13.2532, 0.0, 13.2532, 0.0, 13.2532, 0.0, 13.2532, 0.0, 13.2532, 0.0, 13.2532, 0.0, 4.6711, 0.0, 4.6711, 0.0, 4.6711, 0.0, 4.6711, 0.0, 4.6711, 0.0, 4.6711, 0.0, 4.6711, 0.0, 4.6711, 0.0, 4.6711, 0.0, 4.6711, 0.0, 4.6711, 0.0, 4.6711, 0.0, 4.6711, 0.0, 4.6711, 0.0, 4.6711, 0.0, 4.6711, 0.0, 4.6711, 0.0, 4.6711, 0.0, 4.6711, 0.0, 17.0082, 0.0, 0.0, 8.1315, 8.1315, 0.0, 17.0082, 0.0, 17.0082, 0.0, 17.0082, 0.0, 17.0082, 0.0, 17.0082, 0.0, 17.0082, 0.0, 17.0082, 0.0, 17.0082, 0.0, 17.0082, 0.0, 17.0082, 0.0, 17.0082, 0.0, 17.0082, 0.0, 17.0082, 0.0, 0.0, 23.9337, 23.9337, 0.0, 0.0, 23.9337, 23.9337, 0.0, 0.0, 23.9337, 23.9337, 0.0, 0.0, 23.9337, 23.9337, 0.0, 0.0, 23.9337, 23.9337, 0.0, 0.0, 23.9337, 23.9337, 0.0, 0.0, 23.9337, 23.9337, 0.0, 0.0, 23.9337, 23.9337, 0.0, 0.0, 23.9337, 23.9337, 0.0, 0.0, 23.9337, 23.9337, 0.0, 0.0, 23.9337, 23.9337, 0.0, 0.0, 23.9337, 23.9337, 0.0, 0.0, 23.9337, 23.9337, 0.0, 0.0, 23.9337, 23.9337, 0.0, 0.0, 23.9337, 23.9337, 0.0, 0.0, 23.9337, 23.9337, 0.0, 0.0, 23.9337, 23.9337, 0.0, 0.0, 23.9337, 23.9337, 0.0, 0.0, 23.9337, 23.9337, 0.0, 0.0, 23.9337, 23.9337, 0.0, 0.0, 23.9337, 23.9337, 0.0, 0.0, 23.9337, 23.9337, 0.0, 0.0, 23.9337, 23.9337, 0.0, 0.0, 23.9337, 23.9337, 0.0, 0.0, 23.9337, 23.9337, 0.0, 0.0, 23.9337, 23.9337, 0.0, 0.0, 23.9337, 23.9337, 0.0, 0.0, 8.1315, 8.1315, 0.0, 0.0, 8.1315, 8.1315, 0.0, 0.0, 8.1315, 8.1315, 0.0, 0.0, 8.1315, 8.1315, 0.0, 0.0, 8.1315, 8.1315, 0.0, 0.0, 8.1315, 8.1315, 0.0, 0.0, 8.1315, 8.1315, 0.0, 0.0, 8.1315, 8.1315, 0.0, 0.0, 8.1315, 8.1315, 0.0, 0.0, 8.1315, 8.1315, 0.0, 0.0, 8.1315, 8.1315, 0.0, 0.0, 8.1315, 8.1315, 0.0, 0.0, 8.1315, 8.1315, 0.0, 0.0, 8.1315, 8.1315, 0.0, 0.0, 8.1315, 8.1315, 0.0, 0.0, 8.1315, 8.1315, 0.0, 0.0, 8.1315, 8.1315, 0.0, 0.0, 8.1315, 8.1315, 0.0, 0.0, 8.1315, 8.1315, 0.0, 0.0, 8.1315, 8.1315, 0.0, 0.0, 8.1315, 8.1315, 0.0, 0.0, 8.1315, 8.1315, 0.0, 11.6607, 0.0, 4.6711, 0.0, 0.0, 15.6327, 15.6327, 0.0, 0.0, 15.6327, 15.6327, 0.0, 0.0, 15.6327, 15.6327, 0.0, 0.0, 15.6327, 15.6327, 0.0, 0.0, 15.6327, 15.6327, 0.0, 0.0, 8.1315, 8.1315, 0.0, 17.0082, 0.0]",success,
0.5,10000,1.3,15,392,2.7174,"[1, 0, 6, 2, 6, 0, 7, 14, 7, 0, 3, 0, 1, 0, 6, 2, 6, 0, 3, 0, 13, 0, 13, 0, 4, 0, 3, 9, 3, 0, 1, 0, 13, 0, 4, 0, 7, 0, 1, 0, 7, 0, 1, 0, 4, 0, 3, 11, 3, 0, 1, 0, 8, 0, 6, 2, 6, 0, 3, 11, 3, 0, 3, 9, 3, 0, 3, 9, 3, 0, 7, 14, 7, 0, 7, 0, 6, 2, 6, 0, 6, 2, 6, 0, 6, 2, 6, 0, 3, 11, 3, 0, 1, 0, 1, 0, 3, 0, 1, 0, 7, 14, 7, 0, 6, 2, 6, 0, 3, 0, 6, 2, 6, 0, 1, 0, 1, 0, 7, 14, 7, 0, 7, 14, 7, 0, 7, 14, 7, 0, 13, 0, 1, 0, 13, 0, 6, 5, 6, 0, 6, 5, 6, 0, 4, 0, 3, 11, 3, 0, 7, 14, 7, 0, 1, 0, 8, 0, 6, 2, 6, 0, 3, 0, 6, 5, 6, 0, 3, 11, 3, 0, 3, 0, 3, 11, 3, 0, 4, 0, 3, 0, 6, 2, 6, 0, 13, 0, 13, 0, 13, 0, 13, 0, 13, 0, 13, 0, 13, 0, 8, 0, 8, 0, 8, 0, 8, 0, 8, 0, 8, 0, 8, 0, 3, 0, 8, 0, 8, 0, 8, 0, 8, 0, 8, 0, 8, 0, 8, 0, 8, 0, 8, 0, 8, 0, 8, 0, 8, 0, 8, 0, 8, 0, 8, 0, 8, 0, 8, 0, 7, 12, 7, 0, 7, 12, 7, 0, 7, 12, 7, 0, 7, 12, 7, 0, 7, 12, 7, 0, 7, 12, 7, 0, 7, 12, 7, 0, 7, 12, 7, 0, 7, 12, 7, 0, 7, 12, 7, 0, 7, 12, 7, 0, 7, 12, 7, 0, 7, 12, 7, 0, 7, 12, 7, 0, 7, 12, 7, 0, 7, 12, 7, 0, 7, 12, 7, 0, 7, 12, 7, 0, 7, 12, 7, 0, 7, 12, 7, 0, 7, 12, 7, 0, 7, 12, 7, 0, 7, 12, 7, 0, 7, 12, 7, 0, 7, 12, 7, 0, 7, 12, 7, 0, 7, 12, 7, 0, 7, 10, 7, 0, 7, 10, 7, 0, 7, 10, 7, 0, 7, 10, 7, 0, 7, 10, 7, 0, 7, 10, 7, 0, 7, 10, 7, 0, 7, 10, 7, 0, 7, 10, 7, 0, 7, 10, 7, 0, 7, 10, 7, 0, 4, 0, 7, 10, 7, 0, 7, 0, 3, 0, 6, 0, 7, 0, 7, 10, 7, 0, 13, 0, 7, 10, 7, 0, 7, 10, 7, 0, 4, 0, 13, 0, 7, 0, 7, 14, 7, 0, 1, 0, 3, 0, 6, 0, 6, 2, 6, 0, 4, 0, 1, 0, 7, 0, 7, 0, 6, 2, 6, 0, 3, 9, 3, 0, 7, 0, 1, 0, 3, 11, 3, 0, 3, 9, 3, 0, 3, 0, 7, 10, 7, 0, 3, 0, 6, 2, 6, 0, 7, 10, 7, 0, 4, 0, 3, 0, 7, 14, 7, 0, 7, 0, 6, 0, 6, 0, 4, 0, 4, 0, 7, 0, 7, 14, 7, 0, 3, 9, 3, 0, 3, 9, 3, 0, 4, 0, 4, 0, 6, 0, 4, 0, 6, 5, 6, 0, 3, 9, 3, 0, 13, 0, 6, 5, 6, 0, 13, 0, 7, 14, 7, 0, 3, 0, 6, 5, 6, 0, 6, 0, 7, 0, 7, 0, 3, 11, 3, 0, 7, 0, 7, 14, 7, 0, 6, 5, 6, 0, 3, 11, 3, 0, 3, 0, 3, 11, 3, 0, 6, 5, 6, 0, 3, 11, 3, 0, 13, 0, 6, 0, 3, 0, 3, 11, 3, 0, 1, 0, 6, 5, 6, 0, 6, 2, 6, 0, 7, 14, 7, 0, 3, 0, 4, 0, 7, 14, 7, 0, 1, 0, 7, 14, 7, 0, 7, 0, 6, 5, 6, 0, 6, 2, 6, 0, 4, 0, 6, 0, 3, 0, 7, 14, 7, 0, 4, 0, 6, 2, 6, 0, 6, 5, 6, 0, 6, 0, 13, 0, 7, 0, 6, 0, 7, 0, 4, 0, 6, 2, 6, 0, 3, 11, 3, 0, 7, 0, 3, 9, 3, 0, 1, 0, 7, 10, 7, 0, 6, 5, 6, 0, 7, 10, 7, 0, 6, 0, 7, 14, 7, 0, 3, 9, 3, 0, 3, 11, 3, 0, 7, 0, 6, 5, 6, 0, 7, 0, 7, 14, 7, 0, 4, 0, 4, 0, 7, 10, 7, 0, 13, 0, 13, 0, 13, 0, 6, 2, 6, 0, 1, 0, 6, 2, 6, 0, 6, 5, 6, 0, 3, 9, 3, 0, 7, 10, 7, 0, 3, 9, 3, 0, 7, 0, 3, 9, 3, 0, 3, 0, 3, 11, 3, 0, 6, 2, 6, 0, 3, 9, 3, 0, 6, 0, 6, 0, 3, 9, 3, 0, 3, 11, 3, 0, 7, 14, 7, 0, 3, 9, 3, 0, 1, 0, 3, 9, 3, 0, 6, 5, 6, 0, 7, 14, 7, 0, 7, 10, 7, 0, 7, 10, 7, 0, 6, 5, 6, 0, 6, 5, 6, 0, 6, 5, 6, 0, 3, 11, 3, 0, 3, 9, 3, 0, 7, 14, 7, 0, 6, 5, 6, 0, 6, 2, 6, 0, 7, 14, 7, 0, 3, 9, 3, 0, 6, 0, 7, 0, 6, 2, 6, 0, 3, 0, 6, 5, 6, 0, 6, 0, 13, 0, 6, 5, 6, 0, 6, 0, 4, 0, 4, 0, 3, 11, 3, 0, 6, 2, 6, 0, 7, 12, 7, 0, 3, 11, 3, 0, 3, 11, 3, 0, 3, 11, 3, 0, 6, 0, 1, 0, 3, 0, 7, 0, 6, 2, 6, 0, 7, 10, 7, 0, 7, 10, 7, 0, 3, 11, 3, 0, 3, 0, 6, 5, 6, 0, 6, 0, 6, 5, 6, 0, 4, 0, 3, 9, 3, 0, 3, 0, 7, 10, 7, 0, 7, 0, 13, 0, 7, 0, 1, 0, 7, 10, 7, 0, 3, 11, 3, 0, 7, 14, 7, 0, 3, 9, 3, 0, 13, 0, 8, 0, 13, 0, 6, 0, 3, 0, 6, 5, 6, 0, 7, 10, 7, 0, 6, 5, 6, 0, 7, 14, 7, 0, 4, 0, 6, 0, 1, 0, 3, 9, 3, 0, 4, 0, 1, 0, 6, 0, 1, 0, 6, 0, 3, 0, 8, 0, 4, 0, 7, 0, 7, 14, 7, 0, 13, 0, 6, 0, 3, 11, 3, 0, 3, 9, 3, 0, 3, 0, 6, 5, 6, 0, 3, 11, 3, 0, 3, 0, 6, 2, 6, 0, 7, 14, 7, 0, 3, 11, 3, 0, 4, 0, 7, 14, 7, 0, 6, 5, 6, 0, 7, 0, 3, 9, 3, 0, 6, 2, 6, 0, 3, 11, 3, 0, 1, 0, 3, 9, 3, 0, 6, 5, 6, 0, 3, 11, 3, 0, 6, 0, 3, 0, 6, 0, 1, 0, 6, 2, 6, 0, 6, 0, 13, 0, 7, 0, 6, 2, 6, 0, 3, 9, 3, 0, 6, 0, 7, 14, 7, 0, 3, 9, 3, 0, 6, 0, 13, 0, 4, 0, 3, 9, 3, 0]","[0.4093, 0.3534, 0.5705, 0.5705, 0.3534, 0.2786, 0.5398, 0.5398, 0.2786, 0.3873, 0.3873, 0.4093, 0.4093, 0.3534, 0.5705, 0.5705, 0.3534, 0.3873, 0.3873, 0.4574, 0.4574, 0.4574, 0.4574, 0.3752, 0.3752, 0.3873, 0.1681, 0.1681, 0.3873, 0.4093, 0.4093, 0.4574, 0.4574, 0.3752, 0.3752, 0.2786, 0.2786, 0.4093, 0.4093, 0.2786, 0.2786, 0.4093, 0.4093, 0.3752, 0.3752, 0.3873, 0.2353, 0.2353, 0.3873, 0.4093, 0.4093, 0.4396, 0.4396, 0.3534, 0.5705, 0.5705, 0.3534, 0.3873, 0.2353, 0.2353, 0.3873, 0.3873, 0.1681, 0.1681, 0.3873, 0.3873, 0.1681, 0.1681, 0.3873, 0.2786, 0.5398, 0.5398, 0.2786, 0.2786, 0.2786, 0.3534, 0.5705, 0.5705, 0.3534, 0.3534, 0.5705, 0.5705, 0.3534, 0.3534, 0.5705, 0.5705, 0.3534, 0.3873, 0.2353, 0.2353, 0.3873, 0.4093, 0.4093, 0.4093, 0.4093, 0.3873, 0.3873, 0.4093, 0.4093, 0.2786, 0.5398, 0.5398, 0.2786, 0.3534, 0.5705, 0.5705, 0.3534, 0.3873, 0.3873, 0.3534, 0.5705, 0.5705, 0.3534, 0.4093, 0.4093, 0.4093, 0.4093, 0.2786, 0.5398, 0.5398, 0.2786, 0.2786, 0.5398, 0.5398, 0.2786, 0.2786, 0.5398, 0.5398, 0.2786, 0.4574, 0.4574, 0.4093, 0.4093, 0.4574, 0.4574, 0.3534, 0.2922, 0.2922, 0.3534, 0.3534, 0.2922, 0.2922, 0.3534, 0.3752, 0.3752, 0.3873, 0.2353, 0.2353, 0.3873, 0.2786, 0.5398, 0.5398, 0.2786, 0.4093, 0.4093, 0.4396, 0.4396, 0.3534, 0.5705, 0.5705, 0.3534, 0.3873, 0.3873, 0.3534, 0.2922, 0.2922, 0.3534, 0.3873, 0.2353, 0.2353, 0.3873, 0.3873, 0.3873, 0.3873, 0.2353, 0.2353, 0.3873, 0.3752, 0.3752, 0.3873, 0.3873, 0.3534, 0.5705, 0.5705, 0.3534, 0.4574, 0.4574, 0.4574, 0.4574, 0.4574, 0.4574, 0.4574, 0.4574, 0.4574, 0.4574, 0.4574, 0.4574, 0.4574, 0.4574, 0.4396, 0.4396, 0.4396, 0.4396, 0.4396, 0.4396, 0.4396, 0.4396, 0.4396, 0.4396, 0.4396, 0.4396, 0.4396, 0.4396, 0.3873, 0.3873, 0.4396, 0.4396, 0.4396, 0.4396, 0.4396, 0.4396, 0.4396, 0.4396, 0.4396, 0.4396, 0.4396, 0.4396, 0.4396, 0.4396, 0.4396, 0.4396, 0.4396, 0.4396, 0.4396, 0.4396, 0.4396, 0.4396, 0.4396, 0.4396, 0.4396, 0.4396, 0.4396, 0.4396, 0.4396, 0.4396, 0.4396, 0.4396, 0.4396, 0.4396, 0.2786, 0.3366, 0.3366, 0.2786, 0.2786, 0.3366, 0.3366, 0.2786, 0.2786, 0.3366, 0.3366, 0.2786, 0.2786, 0.3366, 0.3366, 0.2786, 0.2786, 0.3366, 0.3366, 0.2786, 0.2786, 0.3366, 0.3366, 0.2786, 0.2786, 0.3366, 0.3366, 0.2786, 0.2786, 0.3366, 0.3366, 0.2786, 0.2786, 0.3366, 0.3366, 0.2786, 0.2786, 0.3366, 0.3366, 0.2786, 0.2786, 0.3366, 0.3366, 0.2786, 0.2786, 0.3366, 0.3366, 0.2786, 0.2786, 0.3366, 0.3366, 0.2786, 0.2786, 0.3366, 0.3366, 0.2786, 0.2786, 0.3366, 0.3366, 0.2786, 0.2786, 0.3366, 0.3366, 0.2786, 0.2786, 0.3366, 0.3366, 0.2786, 0.2786, 0.3366, 0.3366, 0.2786, 0.2786, 0.3366, 0.3366, 0.2786, 0.2786, 0.3366, 0.3366, 0.2786, 0.2786, 0.3366, 0.3366, 0.2786, 0.2786, 0.3366, 0.3366, 0.2786, 0.2786, 0.3366, 0.3366, 0.2786, 0.2786, 0.3366, 0.3366, 0.2786, 0.2786, 0.3366, 0.3366, 0.2786, 0.2786, 0.3366, 0.3366, 0.2786, 0.2786, 0.3366, 0.3366, 0.2786, 0.2786, 0.3394, 0.3394, 0.2786, 0.2786, 0.3394, 0.3394, 0.2786, 0.2786, 0.3394, 0.3394, 0.2786, 0.2786, 0.3394, 0.3394, 0.2786, 0.2786, 0.3394, 0.3394, 0.2786, 0.2786, 0.3394, 0.3394, 0.2786, 0.2786, 0.3394, 0.3394, 0.2786, 0.2786, 0.3394, 0.3394, 0.2786, 0.2786, 0.3394, 0.3394, 0.2786, 0.2786, 0.3394, 0.3394, 0.2786, 0.2786, 0.3394, 0.3394, 0.2786, 0.3752, 0.3752, 0.2786, 0.3394, 0.3394, 0.2786, 0.2786, 0.2786, 0.3873, 0.3873, 0.3534, 0.3534, 0.2786, 0.2786, 0.2786, 0.3394, 0.3394, 0.2786, 0.4574, 0.4574, 0.2786, 0.3394, 0.3394, 0.2786, 0.2786, 0.3394, 0.3394, 0.2786, 0.3752, 0.3752, 0.4574, 0.4574, 0.2786, 0.2786, 0.2786, 0.5398, 0.5398, 0.2786, 0.4093, 0.4093, 0.3873, 0.3873, 0.3534, 0.3534, 0.3534, 0.5705, 0.5705, 0.3534, 0.3752, 0.3752, 0.4093, 0.4093, 0.2786, 0.2786, 0.2786, 0.2786, 0.3534, 0.5705, 0.5705, 0.3534, 0.3873, 0.1681, 0.1681, 0.3873, 0.2786, 0.2786, 0.4093, 0.4093, 0.3873, 0.2353, 0.2353, 0.3873, 0.3873, 0.1681, 0.1681, 0.3873, 0.3873, 0.3873, 0.2786, 0.3394, 0.3394, 0.2786, 0.3873, 0.3873, 0.3534, 0.5705, 0.5705, 0.3534, 0.2786, 0.3394, 0.3394, 0.2786, 0.3752, 0.3752, 0.3873, 0.3873, 0.2786, 0.5398, 0.5398, 0.2786, 0.2786, 0.2786, 0.3534, 0.3534, 0.3534, 0.3534, 0.3752, 0.3752, 0.3752, 0.3752, 0.2786, 0.2786, 0.2786, 0.5398, 0.5398, 0.2786, 0.3873, 0.1681, 0.1681, 0.3873, 0.3873, 0.1681, 0.1681, 0.3873, 0.3752, 0.3752, 0.3752, 0.3752, 0.3534, 0.3534, 0.3752, 0.3752, 0.3534, 0.2922, 0.2922, 0.3534, 0.3873, 0.1681, 0.1681, 0.3873, 0.4574, 0.4574, 0.3534, 0.2922, 0.2922, 0.3534, 0.4574, 0.4574, 0.2786, 0.5398, 0.5398, 0.2786, 0.3873, 0.3873, 0.3534, 0.2922, 0.2922, 0.3534, 0.3534, 0.3534, 0.2786, 0.2786, 0.2786, 0.2786, 0.3873, 0.2353, 0.2353, 0.3873, 0.2786, 0.2786, 0.2786, 0.5398, 0.5398, 0.2786, 0.3534, 0.2922, 0.2922, 0.3534, 0.3873, 0.2353, 0.2353, 0.3873, 0.3873, 0.3873, 0.3873, 0.2353, 0.2353, 0.3873, 0.3534, 0.2922, 0.2922, 0.3534, 0.3873, 0.2353, 0.2353, 0.3873, 0.4574, 0.4574, 0.3534, 0.3534, 0.3873, 0.3873, 0.3873, 0.2353, 0.2353, 0.3873, 0.4093, 0.4093, 0.3534, 0.2922, 0.2922, 0.3534, 0.3534, 0.5705, 0.5705, 0.3534, 0.2786, 0.5398, 0.5398, 0.2786, 0.3873, 0.3873, 0.3752, 0.3752, 0.2786, 0.5398, 0.5398, 0.2786, 0.4093, 0.4093, 0.2786, 0.5398, 0.5398, 0.2786, 0.2786, 0.2786, 0.3534, 0.2922, 0.2922, 0.3534, 0.3534, 0.5705, 0.5705, 0.3534, 0.3752, 0.3752, 0.3534, 0.3534, 0.3873, 0.3873, 0.2786, 0.5398, 0.5398, 0.2786, 0.3752, 0.3752, 0.3534, 0.5705, 0.5705, 0.3534, 0.3534, 0.2922, 0.2922, 0.3534, 0.3534, 0.3534, 0.4574, 0.4574, 0.2786, 0.2786, 0.3534, 0.3534, 0.2786, 0.2786, 0.3752, 0.3752, 0.3534, 0.5705, 0.5705, 0.3534, 0.3873, 0.2353, 0.2353, 0.3873, 0.2786, 0.2786, 0.3873, 0.1681, 0.1681, 0.3873, 0.4093, 0.4093, 0.2786, 0.3394, 0.3394, 0.2786, 0.3534, 0.2922, 0.2922, 0.3534, 0.2786, 0.3394, 0.3394, 0.2786, 0.3534, 0.3534, 0.2786, 0.5398, 0.5398, 0.2786, 0.3873, 0.1681, 0.1681, 0.3873, 0.3873, 0.2353, 0.2353, 0.3873, 0.2786, 0.2786, 0.3534, 0.2922, 0.2922, 0.3534, 0.2786, 0.2786, 0.2786, 0.5398, 0.5398, 0.2786, 0.3752, 0.3752, 0.3752, 0.3752, 0.2786, 0.3394, 0.3394, 0.2786, 0.4574, 0.4574, 0.4574, 0.4574, 0.4574, 0.4574, 0.3534, 0.5705, 0.5705, 0.3534, 0.4093, 0.4093, 0.3534, 0.5705, 0.5705, 0.3534, 0.3534, 0.2922, 0.2922, 0.3534, 0.3873, 0.1681, 0.1681, 0.3873, 0.2786, 0.3394, 0.3394, 0.2786, 0.3873, 0.1681, 0.1681, 0.3873, 0.2786, 0.2786, 0.3873, 0.1681, 0.1681, 0.3873, 0.3873, 0.3873, 0.3873, 0.2353, 0.2353, 0.3873, 0.3534, 0.5705, 0.5705, 0.3534, 0.3873, 0.1681, 0.1681, 0.3873, 0.3534, 0.3534, 0.3534, 0.3534, 0.3873, 0.1681, 0.1681, 0.3873, 0.3873, 0.2353, 0.2353, 0.3873, 0.2786, 0.5398, 0.5398, 0.2786, 0.3873, 0.1681, 0.1681, 0.3873, 0.4093, 0.4093, 0.3873, 0.1681, 0.1681, 0.3873, 0.3534, 0.2922, 0.2922, 0.3534, 0.2786, 0.5398, 0.5398, 0.2786, 0.2786, 0.3394, 0.3394, 0.2786, 0.2786, 0.3394, 0.3394, 0.2786, 0.3534, 0.2922, 0.2922, 0.3534, 0.3534, 0.2922, 0.2922, 0.3534, 0.3534, 0.2922, 0.2922, 0.3534, 0.3873, 0.2353, 0.2353, 0.3873, 0.3873, 0.1681, 0.1681, 0.3873, 0.2786, 0.5398, 0.5398, 0.2786, 0.3534, 0.2922, 0.2922, 0.3534, 0.3534, 0.5705, 0.5705, 0.3534, 0.2786, 0.5398, 0.5398, 0.2786, 0.3873, 0.1681, 0.1681, 0.3873, 0.3534, 0.3534, 0.2786, 0.2786, 0.3534, 0.5705, 0.5705, 0.3534, 0.3873, 0.3873, 0.3534, 0.2922, 0.2922, 0.3534, 0.3534, 0.3534, 0.4574, 0.4574, 0.3534, 0.2922, 0.2922, 0.3534, 0.3534, 0.3534, 0.3752, 0.3752, 0.3752, 0.3752, 0.3873, 0.2353, 0.2353, 0.3873, 0.3534, 0.5705, 0.5705, 0.3534, 0.2786, 0.3366, 0.3366, 0.2786, 0.3873, 0.2353, 0.2353, 0.3873, 0.3873, 0.2353, 0.2353, 0.3873, 0.3873, 0.2353, 0.2353, 0.3873, 0.3534, 0.3534, 0.4093, 0.4093, 0.3873, 0.3873, 0.2786, 0.2786, 0.3534, 0.5705, 0.5705, 0.3534, 0.2786, 0.3394, 0.3394, 0.2786, 0.2786, 0.3394, 0.3394, 0.2786, 0.3873, 0.2353, 0.2353, 0.3873, 0.3873, 0.3873, 0.3534, 0.2922, 0.2922, 0.3534, 0.3534, 0.3534, 0.3534, 0.2922, 0.2922, 0.3534, 0.3752, 0.3752, 0.3873, 0.1681, 0.1681, 0.3873, 0.3873, 0.3873, 0.2786, 0.3394, 0.3394, 0.2786, 0.2786, 0.2786, 0.4574, 0.4574, 0.2786, 0.2786, 0.4093, 0.4093, 0.2786, 0.3394, 0.3394, 0.2786, 0.3873, 0.2353, 0.2353, 0.3873, 0.2786, 0.5398, 0.5398, 0.2786, 0.3873, 0.1681, 0.1681, 0.3873, 0.4574, 0.4574, 0.4396, 0.4396, 0.4574, 0.4574, 0.3534, 0.3534, 0.3873, 0.3873, 0.3534, 0.2922, 0.2922, 0.3534, 0.2786, 0.3394, 0.3394, 0.2786, 0.3534, 0.2922, 0.2922, 0.3534, 0.2786, 0.5398, 0.5398, 0.2786, 0.3752, 0.3752, 0.3534, 0.3534, 0.4093, 0.4093, 0.3873, 0.1681, 0.1681, 0.3873, 0.3752, 0.3752, 0.4093, 0.4093, 0.3534, 0.3534, 0.4093, 0.4093, 0.3534, 0.3534, 0.3873, 0.3873, 0.4396, 0.4396, 0.3752, 0.3752, 0.2786, 0.2786, 0.2786, 0.5398, 0.5398, 0.2786, 0.4574, 0.4574, 0.3534, 0.3534, 0.3873, 0.2353, 0.2353, 0.3873, 0.3873, 0.1681, 0.1681, 0.3873, 0.3873, 0.3873, 0.3534, 0.2922, 0.2922, 0.3534, 0.3873, 0.2353, 0.2353, 0.3873, 0.3873, 0.3873, 0.3534, 0.5705, 0.5705, 0.3534, 0.2786, 0.5398, 0.5398, 0.2786, 0.3873, 0.2353, 0.2353, 0.3873, 0.3752, 0.3752, 0.2786, 0.5398, 0.5398, 0.2786, 0.3534, 0.2922, 0.2922, 0.3534, 0.2786, 0.2786, 0.3873, 0.1681, 0.1681, 0.3873, 0.3534, 0.5705, 0.5705, 0.3534, 0.3873, 0.2353, 0.2353, 0.3873, 0.4093, 0.4093, 0.3873, 0.1681, 0.1681, 0.3873, 0.3534, 0.2922, 0.2922, 0.3534, 0.3873, 0.2353, 0.2353, 0.3873, 0.3534, 0.3534, 0.3873, 0.3873, 0.3534, 0.3534, 0.4093, 0.4093, 0.3534, 0.5705, 0.5705, 0.3534, 0.3534, 0.3534, 0.4574, 0.4574, 0.2786, 0.2786, 0.3534, 0.5705, 0.5705, 0.3534, 0.3873, 0.1681, 0.1681, 0.3873, 0.3534, 0.3534, 0.2786, 0.5398, 0.5398, 0.2786, 0.3873, 0.1681, 0.1681, 0.3873, 0.3534, 0.3534, 0.4574, 0.4574, 0.3752, 0.3752, 0.3873, 0.1681, 0.1681, 0.3873]","[26.6078, 0.0, 0.0, 34.5551, 34.5551, 0.0, 0.0, 11.1805, 11.1805, 0.0, 11.6607, 0.0, 26.6078, 0.0, 0.0, 34.5551, 34.5551, 0.0, 11.6607, 0.0, 25.0202, 0.0, 25.0202, 0.0, 13.2532, 0.0, 0.0, 8.1315, 8.1315, 0.0, 26.6078, 0.0, 25.0202, 0.0, 13.2532, 0.0, 4.6711, 0.0, 26.6078, 0.0, 4.6711, 0.0, 26.6078, 0.0, 13.2532, 0.0, 0.0, 15.6327, 15.6327, 0.0, 26.6078, 0.0, 17.0082, 0.0, 0.0, 34.5551, 34.5551, 0.0, 0.0, 15.6327, 15.6327, 0.0, 0.0, 8.1315, 8.1315, 0.0, 0.0, 8.1315, 8.1315, 0.0, 0.0, 11.1805, 11.1805, 0.0, 4.6711, 0.0, 0.0, 34.5551, 34.5551, 0.0, 0.0, 34.5551, 34.5551, 0.0, 0.0, 34.5551, 34.5551, 0.0, 0.0, 15.6327, 15.6327, 0.0, 26.6078, 0.0, 26.6078, 0.0, 11.6607, 0.0, 26.6078, 0.0, 0.0, 11.1805, 11.1805, 0.0, 0.0, 34.5551, 34.5551, 0.0, 11.6607, 0.0, 0.0, 34.5551, 34.5551, 0.0, 26.6078, 0.0, 26.6078, 0.0, 0.0, 11.1805, 11.1805, 0.0, 0.0, 11.1805, 11.1805, 0.0, 0.0, 11.1805, 11.1805, 0.0, 25.0202, 0.0, 26.6078, 0.0, 25.0202, 0.0, 0.0, 16.7888, 16.7888, 0.0, 0.0, 16.7888, 16.7888, 0.0, 13.2532, 0.0, 0.0, 15.6327, 15.6327, 0.0, 0.0, 11.1805, 11.1805, 0.0, 26.6078, 0.0, 17.0082, 0.0, 0.0, 34.5551, 34.5551, 0.0, 11.6607, 0.0, 0.0, 16.7888, 16.7888, 0.0, 0.0, 15.6327, 15.6327, 0.0, 11.6607, 0.0, 0.0, 15.6327, 15.6327, 0.0, 13.2532, 0.0, 11.6607, 0.0, 0.0, 34.5551, 34.5551, 0.0, 25.0202, 0.0, 25.0202, 0.0, 25.0202, 0.0, 25.0202, 0.0, 25.0202, 0.0, 25.0202, 0.0, 25.0202, 0.0, 17.0082, 0.0, 17.0082, 0.0, 17.0082, 0.0, 17.0082, 0.0, 17.0082, 0.0, 17.0082, 0.0, 17.0082, 0.0, 11.6607, 0.0, 17.0082, 0.0, 17.0082, 0.0, 17.0082, 0.0, 17.0082, 0.0, 17.0082, 0.0, 17.0082, 0.0, 17.0082, 0.0, 17.0082, 0.0, 17.0082, 0.0, 17.0082, 0.0, 17.0082, 0.0, 17.0082, 0.0, 17.0082, 0.0, 17.0082, 0.0, 17.0082, 0.0, 17.0082, 0.0, 17.0082, 0.0, 0.0, 29.7445, 29.7445, 0.0, 0.0, 29.7445, 29.7445, 0.0, 0.0, 29.7445, 29.7445, 0.0, 0.0, 29.7445, 29.7445, 0.0, 0.0, 29.7445, 29.7445, 0.0, 0.0, 29.7445, 29.7445, 0.0, 0.0, 29.7445, 29.7445, 0.0, 0.0, 29.7445, 29.7445, 0.0, 0.0, 29.7445, 29.7445, 0.0, 0.0, 29.7445, 29.7445, 0.0, 0.0, 29.7445, 29.7445, 0.0, 0.0, 29.7445, 29.7445, 0.0, 0.0, 29.7445, 29.7445, 0.0, 0.0, 29.7445, 29.7445, 0.0, 0.0, 29.7445, 29.7445, 0.0, 0.0, 29.7445, 29.7445, 0.0, 0.0, 29.7445, 29.7445, 0.0, 0.0, 29.7445, 29.7445, 0.0, 0.0, 29.7445, 29.7445, 0.0, 0.0, 29.7445, 29.7445, 0.0, 0.0, 29.7445, 29.7445, 0.0, 0.0, 29.7445, 29.7445, 0.0, 0.0, 29.7445, 29.7445, 0.0, 0.0, 29.7445, 29.7445, 0.0, 0.0, 29.7445, 29.7445, 0.0, 0.0, 29.7445, 29.7445, 0.0, 0.0, 29.7445, 29.7445, 0.0, 0.0, 23.9337, 23.9337, 0.0, 0.0, 23.9337, 23.9337, 0.0, 0.0, 23.9337, 23.9337, 0.0, 0.0, 23.9337, 23.9337, 0.0, 0.0, 23.9337, 23.9337, 0.0, 0.0, 23.9337, 23.9337, 0.0, 0.0, 23.9337, 23.9337, 0.0, 0.0, 23.9337, 23.9337, 0.0, 0.0, 23.9337, 23.9337, 0.0, 0.0, 23.9337, 23.9337, 0.0, 0.0, 23.9337, 23.9337, 0.0, 13.2532, 0.0, 0.0, 23.9337, 23.9337, 0.0, 4.6711, 0.0, 11.6607, 0.0, 6.7958, 0.0, 4.6711, 0.0, 0.0, 23.9337, 23.9337, 0.0, 25.0202, 0.0, 0.0, 23.9337, 23.9337, 0.0, 0.0, 23.9337, 23.9337, 0.0, 13.2532, 0.0, 25.0202, 0.0, 4.6711, 0.0, 0.0, 11.1805, 11.1805, 0.0, 26.6078, 0.0, 11.6607, 0.0, 6.7958, 0.0, 0.0, 34.5551, 34.5551, 0.0, 13.2532, 0.0, 26.6078, 0.0, 4.6711, 0.0, 4.6711, 0.0, 0.0, 34.5551, 34.5551, 0.0, 0.0, 8.1315, 8.1315, 0.0, 4.6711, 0.0, 26.6078, 0.0, 0.0, 15.6327, 15.6327, 0.0, 0.0, 8.1315, 8.1315, 0.0, 11.6607, 0.0, 0.0, 23.9337, 23.9337, 0.0, 11.6607, 0.0, 0.0, 34.5551, 34.5551, 0.0, 0.0, 23.9337, 23.9337, 0.0, 13.2532, 0.0, 11.6607, 0.0, 0.0, 11.1805, 11.1805, 0.0, 4.6711, 0.0, 6.7958, 0.0, 6.7958, 0.0, 13.2532, 0.0, 13.2532, 0.0, 4.6711, 0.0, 0.0, 11.1805, 11.1805, 0.0, 0.0, 8.1315, 8.1315, 0.0, 0.0, 8.1315, 8.1315, 0.0, 13.2532, 0.0, 13.2532, 0.0, 6.7958, 0.0, 13.2532, 0.0, 0.0, 16.7888, 16.7888, 0.0, 0.0, 8.1315, 8.1315, 0.0, 25.0202, 0.0, 0.0, 16.7888, 16.7888, 0.0, 25.0202, 0.0, 0.0, 11.1805, 11.1805, 0.0, 11.6607, 0.0, 0.0, 16.7888, 16.7888, 0.0, 6.7958, 0.0, 4.6711, 0.0, 4.6711, 0.0, 0.0, 15.6327, 15.6327, 0.0, 4.6711, 0.0, 0.0, 11.1805, 11.1805, 0.0, 0.0, 16.7888, 16.7888, 0.0, 0.0, 15.6327, 15.6327, 0.0, 11.6607, 0.0, 0.0, 15.6327, 15.6327, 0.0, 0.0, 16.7888, 16.7888, 0.0, 0.0, 15.6327, 15.6327, 0.0, 25.0202, 0.0, 6.7958, 0.0, 11.6607, 0.0, 0.0, 15.6327, 15.6327, 0.0, 26.6078, 0.0, 0.0, 16.7888, 16.7888, 0.0, 0.0, 34.5551, 34.5551, 0.0, 0.0, 11.1805, 11.1805, 0.0, 11.6607, 0.0, 13.2532, 0.0, 0.0, 11.1805, 11.1805, 0.0, 26.6078, 0.0, 0.0, 11.1805, 11.1805, 0.0, 4.6711, 0.0, 0.0, 16.7888, 16.7888, 0.0, 0.0, 34.5551, 34.5551, 0.0, 13.2532, 0.0, 6.7958, 0.0, 11.6607, 0.0, 0.0, 11.1805, 11.1805, 0.0, 13.2532, 0.0, 0.0, 34.5551, 34.5551, 0.0, 0.0, 16.7888, 16.7888, 0.0, 6.7958, 0.0, 25.0202, 0.0, 4.6711, 0.0, 6.7958, 0.0, 4.6711, 0.0, 13.2532, 0.0, 0.0, 34.5551, 34.5551, 0.0, 0.0, 15.6327, 15.6327, 0.0, 4.6711, 0.0, 0.0, 8.1315, 8.1315, 0.0, 26.6078, 0.0, 0.0, 23.9337, 23.9337, 0.0, 0.0, 16.7888, 16.7888, 0.0, 0.0, 23.9337, 23.9337, 0.0, 6.7958, 0.0, 0.0, 11.1805, 11.1805, 0.0, 0.0, 8.1315, 8.1315, 0.0, 0.0, 15.6327, 15.6327, 0.0, 4.6711, 0.0, 0.0, 16.7888, 16.7888, 0.0, 4.6711, 0.0, 0.0, 11.1805, 11.1805, 0.0, 13.2532, 0.0, 13.2532, 0.0, 0.0, 23.9337, 23.9337, 0.0, 25.0202, 0.0, 25.0202, 0.0, 25.0202, 0.0, 0.0, 34.5551, 34.5551, 0.0, 26.6078, 0.0, 0.0, 34.5551, 34.5551, 0.0, 0.0, 16.7888, 16.7888, 0.0, 0.0, 8.1315, 8.1315, 0.0, 0.0, 23.9337, 23.9337, 0.0, 0.0, 8.1315, 8.1315, 0.0, 4.6711, 0.0, 0.0, 8.1315, 8.1315, 0.0, 11.6607, 0.0, 0.0, 15.6327, 15.6327, 0.0, 0.0, 34.5551, 34.5551, 0.0, 0.0, 8.1315, 8.1315, 0.0, 6.7958, 0.0, 6.7958, 0.0, 0.0, 8.1315, 8.1315, 0.0, 0.0, 15.6327, 15.6327, 0.0, 0.0, 11.1805, 11.1805, 0.0, 0.0, 8.1315, 8.1315, 0.0, 26.6078, 0.0, 0.0, 8.1315, 8.1315, 0.0, 0.0, 16.7888, 16.7888, 0.0, 0.0, 11.1805, 11.1805, 0.0, 0.0, 23.9337, 23.9337, 0.0, 0.0, 23.9337, 23.9337, 0.0, 0.0, 16.7888, 16.7888, 0.0, 0.0, 16.7888, 16.7888, 0.0, 0.0, 16.7888, 16.7888, 0.0, 0.0, 15.6327, 15.6327, 0.0, 0.0, 8.1315, 8.1315, 0.0, 0.0, 11.1805, 11.1805, 0.0, 0.0, 16.7888, 16.7888, 0.0, 0.0, 34.5551, 34.5551, 0.0, 0.0, 11.1805, 11.1805, 0.0, 0.0, 8.1315, 8.1315, 0.0, 6.7958, 0.0, 4.6711, 0.0, 0.0, 34.5551, 34.5551, 0.0, 11.6607, 0.0, 0.0, 16.7888, 16.7888, 0.0, 6.7958, 0.0, 25.0202, 0.0, 0.0, 16.7888, 16.7888, 0.0, 6.7958, 0.0, 13.2532, 0.0, 13.2532, 0.0, 0.0, 15.6327, 15.6327, 0.0, 0.0, 34.5551, 34.5551, 0.0, 0.0, 29.7445, 29.7445, 0.0, 0.0, 15.6327, 15.6327, 0.0, 0.0, 15.6327, 15.6327, 0.0, 0.0, 15.6327, 15.6327, 0.0, 6.7958, 0.0, 26.6078, 0.0, 11.6607, 0.0, 4.6711, 0.0, 0.0, 34.5551, 34.5551, 0.0, 0.0, 23.9337, 23.9337, 0.0, 0.0, 23.9337, 23.9337, 0.0, 0.0, 15.6327, 15.6327, 0.0, 11.6607, 0.0, 0.0, 16.7888, 16.7888, 0.0, 6.7958, 0.0, 0.0, 16.7888, 16.7888, 0.0, 13.2532, 0.0, 0.0, 8.1315, 8.1315, 0.0, 11.6607, 0.0, 0.0, 23.9337, 23.9337, 0.0, 4.6711, 0.0, 25.0202, 0.0, 4.6711, 0.0, 26.6078, 0.0, 0.0, 23.9337, 23.9337, 0.0, 0.0, 15.6327, 15.6327, 0.0, 0.0, 11.1805, 11.1805, 0.0, 0.0, 8.1315, 8.1315, 0.0, 25.0202, 0.0, 17.0082, 0.0, 25.0202, 0.0, 6.7958, 0.0, 11.6607, 0.0, 0.0, 16.7888, 16.7888, 0.0, 0.0, 23.9337, 23.9337, 0.0, 0.0, 16.7888, 16.7888, 0.0, 0.0, 11.1805, 11.1805, 0.0, 13.2532, 0.0, 6.7958, 0.0, 26.6078, 0.0, 0.0, 8.1315, 8.1315, 0.0, 13.2532, 0.0, 26.6078, 0.0, 6.7958, 0.0, 26.6078, 0.0, 6.7958, 0.0, 11.6607, 0.0, 17.0082, 0.0, 13.2532, 0.0, 4.6711, 0.0, 0.0, 11.1805, 11.1805, 0.0, 25.0202, 0.0, 6.7958, 0.0, 0.0, 15.6327, 15.6327, 0.0, 0.0, 8.1315, 8.1315, 0.0, 11.6607, 0.0, 0.0, 16.7888, 16.7888, 0.0, 0.0, 15.6327, 15.6327, 0.0, 11.6607, 0.0, 0.0, 34.5551, 34.5551, 0.0, 0.0, 11.1805, 11.1805, 0.0, 0.0, 15.6327, 15.6327, 0.0, 13.2532, 0.0, 0.0, 11.1805, 11.1805, 0.0, 0.0, 16.7888, 16.7888, 0.0, 4.6711, 0.0, 0.0, 8.1315, 8.1315, 0.0, 0.0, 34.5551, 34.5551, 0.0, 0.0, 15.6327, 15.6327, 0.0, 26.6078, 0.0, 0.0, 8.1315, 8.1315, 0.0, 0.0, 16.7888, 16.7888, 0.0, 0.0, 15.6327, 15.6327, 0.0, 6.7958, 0.0, 11.6607, 0.0, 6.7958, 0.0, 26.6078, 0.0, 0.0, 34.5551, 34.5551, 0.0, 6.7958, 0.0, 25.0202, 0.0, 4.6711, 0.0, 0.0, 34.5551, 34.5551, 0.0, 0.0, 8.1315, 8.1315, 0.0, 6.7958, 0.0, 0.0, 11.1805, 11.1805, 0.0, 0.0, 8.1315, 8.1315, 0.0, 6.7958, 0.0, 25.0202, 0.0, 13.2532, 0.0, 0.0, 8.1315, 8.1315, 0.0]",success,
0.5,1000000000,1e-10,15,1,1.9115,"[8, 7, 14, 2, 5, 6, 3, 1, 11, 9, 10, 12, 13, 4, 0]","[0.1976, 0.5398, 0.6069, 0.2809, 0.2922, 0.1229, 0.1318, 0.2256, 0.298, 0.2857, 0.1612, 0.3462, 0.5291, 0.3752]","[476.2292, 607.0208, 920.0751, 1887.6173, 2357.7036, 2547.9854, 2874.485, 3619.5024, 4057.2171, 4284.8996, 4955.0438, 5787.8893, 6488.4541, 6859.5434, 0.0]",success,
0.5,1000000000,1e-05,15,1,1.9117,"[4, 13, 12, 10, 9, 11, 1, 3, 6, 2, 5, 14, 7, 8, 0]","[0.5291, 0.3462, 0.1612, 0.2857, 0.298, 0.2256, 0.1318, 0.1229, 0.5705, 0.2809, 0.326, 0.5398, 0.1976, 0.4396]","[371.0892, 1071.6541, 1904.4996, 2574.6438, 2802.3262, 3240.041, 3985.0584, 4311.5579, 4501.8398, 5469.382, 5939.4683, 6252.5226, 6383.3141, 6859.5434, 0.0]",success,
0.5,1000000000,0.001,15,1,1.9012,"[4, 13, 12, 10, 9, 11, 1, 3, 6, 5, 2, 14, 7, 8, 0]","[0.5291, 0.3462, 0.1612, 0.2857, 0.298, 0.2256, 0.1318, 0.1229, 0.2922, 0.2809, 0.6069, 0.5398, 0.1976, 0.4396]","[371.0892, 1071.6541, 1904.4996, 2574.6438, 2802.3262, 3240.041, 3985.0584, 4311.5579, 4501.8398, 4971.9261, 5939.4683, 6252.5226, 6383.3141, 6859.5434, 0.0]",success,
0.5,1000000000,0.1,15,7,1.4873,"[8, 0, 4, 0, 7, 13, 0, 9, 10, 12, 0, 14, 5, 2, 0, 11, 1, 0, 6, 3, 0]","[0.4396, 0.3752, 0.3752, 0.2786, 0.1849, 0.4574, 0.5554, 0.2857, 0.1612, 0.6151, 0.8183, 0.326, 0.2809, 0.9239, 0.6227, 0.2256, 0.4093, 0.3534, 0.1229, 0.3873]","[476.2292, 0.0, 371.0892, 0.0, 130.7916, 831.3564, 0.0, 227.6824, 897.8266, 1730.6721, 0.0, 313.0543, 783.1405, 1750.6828, 0.0, 437.7148, 1182.7322, 0.0, 190.2819, 516.7814, 0.0]",success,
0.5,1000000000,0.5,15,10,1.2846,"[4, 0, 9, 3, 0, 13, 0, 2, 0, 14, 5, 0, 6, 0, 11, 1, 0, 10, 12, 0, 7, 0, 8, 0]","[0.3752, 0.5554, 0.1681, 0.3873, 0.4574, 0.4574, 0.9239, 0.9239, 0.8183, 0.326, 0.6456, 0.3534, 0.3534, 0.6227, 0.2256, 0.4093, 0.618, 0.1612, 0.6151, 0.2786, 0.2786, 0.4396, 0.4396]","[371.0892, 0.0, 227.6824, 554.182, 0.0, 700.5648, 0.0, 967.5422, 0.0, 313.0543, 783.1405, 0.0, 190.2819, 0.0, 437.7148, 1182.7322, 0.0, 670.1442, 1502.9897, 0.0, 130.7916, 0.0, 476.2292, 0.0]",success,
0.5,1000000000,0.9,15,11,1.0516,"[11, 1, 0, 7, 0, 13, 0, 2, 5, 0, 9, 3, 0, 6, 0, 14, 0, 4, 0, 12, 0, 10, 0, 8, 0]","[0.2256, 0.4093, 0.2786, 0.2786, 0.4574, 0.4574, 0.9239, 0.2809, 0.6456, 0.5554, 0.1681, 0.3873, 0.3534, 0.3534, 0.8183, 0.8183, 0.3752, 0.3752, 0.6151, 0.6151, 0.618, 0.618, 0.4396, 0.4396]","[437.7148, 1182.7322, 0.0, 130.7916, 0.0, 700.5648, 0.0, 967.5422, 1437.6285, 0.0, 227.6824, 554.182, 0.0, 190.2819, 0.0, 313.0543, 0.0, 371.0892, 0.0, 832.8455, 0.0, 670.1442, 0.0, 476.2292, 0.0]",success,
0.5,1000000000,1.0,15,14,1.0,"[3, 0, 1, 0, 13, 0, 8, 0, 12, 0, 10, 0, 6, 0, 9, 0, 5, 0, 2, 0, 14, 0, 11, 0, 4, 0, 7, 0]","[0.3873, 0.4093, 0.4093, 0.4574, 0.4574, 0.4396, 0.4396, 0.6151, 0.6151, 0.618, 0.618, 0.3534, 0.3534, 0.5554, 0.5554, 0.6456, 0.6456, 0.9239, 0.9239, 0.8183, 0.8183, 0.6227, 0.6227, 0.3752, 0.3752, 0.2786, 0.2786]","[326.4995, 0.0, 745.0174, 0.0, 700.5648, 0.0, 476.2292, 0.0, 832.8455, 0.0, 670.1442, 0.0, 190.2819, 0.0, 227.6824, 0.0, 470.0863, 0.0, 967.5422, 0.0, 313.0543, 0.0, 437.7148, 0.0, 371.0892, 0.0, 130.7916, 0.0]",success,
0.5,1000000000,1.1,15,392,1.3955,"[7, 12, 7, 0, 7, 12, 7, 0, 7, 12, 7, 0, 7, 12, 7, 0, 7, 12, 7, 0, 7, 12, 7, 0, 7, 12, 7, 0, 7, 12, 7, 0, 7, 12, 7, 0, 7, 10, 7, 0, 7, 10, 7, 0, 7, 10, 7, 0, 7, 10, 7, 0, 7, 10, 7, 0, 7, 10, 7, 0, 7, 10, 7, 0, 7, 10, 7, 0, 7, 10, 7, 0, 7, 10, 7, 0, 7, 10, 7, 0, 7, 10, 7, 0, 7, 10, 7, 0, 7, 10, 7, 0, 7, 10, 7, 0, 7, 10, 7, 0, 7, 10, 7, 0, 7, 10, 7, 0, 7, 10, 7, 0, 7, 10, 7, 0, 7, 10, 7, 0, 7, 10, 7, 0, 7, 10, 7, 0, 7, 10, 7, 0, 7, 10, 7, 0, 7, 10, 7, 0, 7, 10, 7, 0, 3, 9, 3, 0, 3, 9, 3, 0, 3, 9, 3, 0, 3, 9, 3, 0, 3, 9, 3, 0, 3, 9, 3, 0, 3, 9, 3, 0, 3, 9, 3, 0, 3, 9, 3, 0, 3, 9, 3, 0, 3, 9, 3, 0, 3, 9, 3, 0, 3, 9, 3, 0, 7, 12, 7, 0, 7, 12, 7, 0, 7, 12, 7, 0, 7, 12, 7, 0, 7, 12, 7, 0, 7, 12, 7, 0, 7, 12, 7, 0, 7, 12, 7, 0, 7, 12, 7, 0, 7, 12, 7, 0, 7, 12, 7, 0, 7, 12, 7, 0, 7, 12, 7, 0, 7, 12, 7, 0, 7, 12, 7, 0, 3, 9, 3, 0, 3, 9, 3, 0, 3, 9, 3, 0, 3, 9, 3, 0, 3, 9, 3, 0, 3, 9, 3, 0, 3, 9, 3, 0, 3, 9, 3, 0, 3, 9, 3, 0, 3, 9, 3, 0, 3, 9, 3, 0, 3, 9, 3, 0, 3, 0, 3, 0, 3, 0, 3, 0, 3, 0, 3, 0, 3, 0, 3, 0, 3, 0, 3, 0, 3, 0, 3, 0, 3, 0, 3, 0, 3, 0, 3, 0, 3, 0, 3, 0, 3, 0, 3, 0, 3, 0, 3, 0, 6, 2, 6, 0, 6, 2, 6, 0, 6, 2, 6, 0, 6, 2, 6, 0, 6, 2, 6, 0, 6, 2, 6, 0, 6, 2, 6, 0, 6, 2, 6, 0, 6, 2, 6, 0, 6, 2, 6, 0, 6, 2, 6, 0, 6, 2, 6, 0, 6, 2, 6, 0, 6, 2, 6, 0, 6, 2, 6, 0, 6, 2, 6, 0, 6, 2, 6, 0, 6, 2, 6, 0, 6, 2, 6, 0, 6, 2, 6, 0, 6, 2, 6, 0, 6, 2, 6, 0, 7, 14, 7, 0, 7, 14, 7, 0, 7, 14, 7, 0, 7, 14, 7, 0, 7, 14, 7, 0, 7, 14, 7, 0, 7, 14, 7, 0, 7, 14, 7, 0, 3, 0, 3, 0, 3, 0, 3, 0, 3, 0, 6, 0, 6, 0, 6, 0, 6, 0, 6, 0, 6, 0, 6, 0, 6, 0, 6, 0, 6, 0, 6, 0, 6, 0, 6, 0, 6, 0, 6, 0, 6, 0, 6, 0, 6, 0, 6, 0, 6, 0, 6, 0, 6, 0, 6, 0, 6, 0, 6, 0, 6, 0, 6, 0, 6, 0, 1, 0, 1, 0, 1, 0, 1, 0, 1, 0, 1, 0, 1, 0, 1, 0, 1, 0, 1, 0, 1, 0, 1, 0, 1, 0, 1, 0, 1, 0, 1, 0, 1, 0, 1, 0, 1, 0, 1, 0, 1, 0, 1, 0, 1, 0, 1, 0, 1, 0, 1, 0, 1, 0, 1, 0, 3, 11, 3, 0, 3, 11, 3, 0, 3, 11, 3, 0, 3, 11, 3, 0, 3, 11, 3, 0, 3, 11, 3, 0, 3, 11, 3, 0, 3, 11, 3, 0, 3, 11, 3, 0, 3, 11, 3, 0, 3, 11, 3, 0, 3, 11, 3, 0, 3, 11, 3, 0, 3, 11, 3, 0, 3, 11, 3, 0, 3, 11, 3, 0, 3, 11, 3, 0, 3, 11, 3, 0, 3, 11, 3, 0, 3, 11, 3, 0, 3, 11, 3, 0, 3, 11, 3, 0, 3, 11, 3, 0, 3, 11, 3, 0, 3, 11, 3, 0, 3, 11, 3, 0, 3, 11, 3, 0, 6, 5, 6, 0, 6, 5, 6, 0, 6, 5, 6, 0, 6, 5, 6, 0, 6, 5, 6, 0, 6, 5, 6, 0, 6, 5, 6, 0, 6, 5, 6, 0, 6, 5, 6, 0, 6, 5, 6, 0, 6, 5, 6, 0, 6, 5, 6, 0, 6, 5, 6, 0, 6, 5, 6, 0, 6, 5, 6, 0, 6, 5, 6, 0, 6, 5, 6, 0, 6, 5, 6, 0, 6, 5, 6, 0, 6, 5, 6, 0, 6, 5, 6, 0, 6, 5, 6, 0, 6, 5, 6, 0, 6, 5, 6, 0, 6, 5, 6, 0, 6, 5, 6, 0, 6, 5, 6, 0, 6, 5, 6, 0, 6, 2, 6, 0, 6, 2, 6, 0, 6, 2, 6, 0, 6, 2, 6, 0, 6, 2, 6, 0, 6, 2, 6, 0, 7, 14, 7, 0, 7, 14, 7, 0, 7, 14, 7, 0, 7, 14, 7, 0, 7, 14, 7, 0, 7, 14, 7, 0, 7, 14, 7, 0, 7, 14, 7, 0, 7, 14, 7, 0, 7, 14, 7, 0, 7, 14, 7, 0, 7, 14, 7, 0, 7, 14, 7, 0, 7, 14, 7, 0, 7, 14, 7, 0, 7, 14, 7, 0, 7, 14, 7, 0, 7, 14, 7, 0, 7, 14, 7, 0, 7, 14, 7, 0, 4, 0, 4, 0, 4, 0, 4, 0, 8, 0, 8, 0, 8, 0, 8, 0, 8, 0, 8, 0, 7, 12, 7, 0, 7, 12, 7, 0, 4, 0, 4, 0, 4, 0, 4, 0, 4, 0, 4, 0, 4, 0, 4, 0, 4, 0, 4, 0, 4, 0, 4, 0, 8, 0, 8, 0, 8, 0, 8, 0, 8, 0, 8, 0, 8, 0, 8, 0, 8, 0, 8, 0, 8, 0, 8, 0, 8, 0, 8, 0, 8, 0, 8, 0, 8, 0, 8, 0, 8, 0, 8, 0, 8, 0, 13, 0, 13, 0, 13, 0, 13, 0, 13, 0, 13, 0, 13, 0, 13, 0, 13, 0, 13, 0, 13, 0, 13, 0, 13, 0, 13, 0, 13, 0, 13, 0, 13, 0, 13, 0, 13, 0, 13, 0, 13, 0, 13, 0, 13, 0, 13, 0, 13, 0, 13, 0, 13, 0, 13, 0, 7, 0, 7, 0, 7, 0, 7, 0, 7, 0, 7, 0, 7, 0, 7, 0, 7, 0, 7, 0, 7, 0, 7, 0, 7, 0, 7, 0, 7, 0, 7, 0, 7, 0, 7, 0, 7, 0, 7, 0, 7, 0, 7, 0, 7, 0, 7, 0, 7, 0, 7, 0, 7, 0, 7, 0, 4, 0, 4, 0, 4, 0, 4, 0, 4, 0, 4, 0, 4, 0, 4, 0, 4, 0, 4, 0, 4, 0, 4, 0, 8, 0, 3, 9, 3, 0, 3, 9, 3, 0, 3, 0, 3, 11, 3, 0, 7, 10, 7, 0, 7, 12, 7, 0, 3, 9, 3, 0, 7, 12, 7, 0]","[0.3366, 0.3366, 0.2786, 0.2786, 0.3366, 0.3366, 0.2786, 0.2786, 0.3366, 0.3366, 0.2786, 0.2786, 0.3366, 0.3366, 0.2786, 0.2786, 0.3366, 0.3366, 0.2786, 0.2786, 0.3366, 0.3366, 0.2786, 0.2786, 0.3366, 0.3366, 0.2786, 0.2786, 0.3366, 0.3366, 0.2786, 0.2786, 0.3366, 0.3366, 0.2786, 0.2786, 0.3394, 0.3394, 0.2786, 0.2786, 0.3394, 0.3394, 0.2786, 0.2786, 0.3394, 0.3394, 0.2786, 0.2786, 0.3394, 0.3394, 0.2786, 0.2786, 0.3394, 0.3394, 0.2786, 0.2786, 0.3394, 0.3394, 0.2786, 0.2786, 0.3394, 0.3394, 0.2786, 0.2786, 0.3394, 0.3394, 0.2786, 0.2786, 0.3394, 0.3394, 0.2786, 0.2786, 0.3394, 0.3394, 0.2786, 0.2786, 0.3394, 0.3394, 0.2786, 0.2786, 0.3394, 0.3394, 0.2786, 0.2786, 0.3394, 0.3394, 0.2786, 0.2786, 0.3394, 0.3394, 0.2786, 0.2786, 0.3394, 0.3394, 0.2786, 0.2786, 0.3394, 0.3394, 0.2786, 0.2786, 0.3394, 0.3394, 0.2786, 0.2786, 0.3394, 0.3394, 0.2786, 0.2786, 0.3394, 0.3394, 0.2786, 0.2786, 0.3394, 0.3394, 0.2786, 0.2786, 0.3394, 0.3394, 0.2786, 0.2786, 0.3394, 0.3394, 0.2786, 0.2786, 0.3394, 0.3394, 0.2786, 0.2786, 0.3394, 0.3394, 0.2786, 0.2786, 0.3394, 0.3394, 0.2786, 0.2786, 0.3394, 0.3394, 0.2786, 0.2786, 0.3394, 0.3394, 0.2786, 0.3873, 0.1681, 0.1681, 0.3873, 0.3873, 0.1681, 0.1681, 0.3873, 0.3873, 0.1681, 0.1681, 0.3873, 0.3873, 0.1681, 0.1681, 0.3873, 0.3873, 0.1681, 0.1681, 0.3873, 0.3873, 0.1681, 0.1681, 0.3873, 0.3873, 0.1681, 0.1681, 0.3873, 0.3873, 0.1681, 0.1681, 0.3873, 0.3873, 0.1681, 0.1681, 0.3873, 0.3873, 0.1681, 0.1681, 0.3873, 0.3873, 0.1681, 0.1681, 0.3873, 0.3873, 0.1681, 0.1681, 0.3873, 0.3873, 0.1681, 0.1681, 0.3873, 0.2786, 0.3366, 0.3366, 0.2786, 0.2786, 0.3366, 0.3366, 0.2786, 0.2786, 0.3366, 0.3366, 0.2786, 0.2786, 0.3366, 0.3366, 0.2786, 0.2786, 0.3366, 0.3366, 0.2786, 0.2786, 0.3366, 0.3366, 0.2786, 0.2786, 0.3366, 0.3366, 0.2786, 0.2786, 0.3366, 0.3366, 0.2786, 0.2786, 0.3366, 0.3366, 0.2786, 0.2786, 0.3366, 0.3366, 0.2786, 0.2786, 0.3366, 0.3366, 0.2786, 0.2786, 0.3366, 0.3366, 0.2786, 0.2786, 0.3366, 0.3366, 0.2786, 0.2786, 0.3366, 0.3366, 0.2786, 0.2786, 0.3366, 0.3366, 0.2786, 0.3873, 0.1681, 0.1681, 0.3873, 0.3873, 0.1681, 0.1681, 0.3873, 0.3873, 0.1681, 0.1681, 0.3873, 0.3873, 0.1681, 0.1681, 0.3873, 0.3873, 0.1681, 0.1681, 0.3873, 0.3873, 0.1681, 0.1681, 0.3873, 0.3873, 0.1681, 0.1681, 0.3873, 0.3873, 0.1681, 0.1681, 0.3873, 0.3873, 0.1681, 0.1681, 0.3873, 0.3873, 0.1681, 0.1681, 0.3873, 0.3873, 0.1681, 0.1681, 0.3873, 0.3873, 0.1681, 0.1681, 0.3873, 0.3873, 0.3873, 0.3873, 0.3873, 0.3873, 0.3873, 0.3873, 0.3873, 0.3873, 0.3873, 0.3873, 0.3873, 0.3873, 0.3873, 0.3873, 0.3873, 0.3873, 0.3873, 0.3873, 0.3873, 0.3873, 0.3873, 0.3873, 0.3873, 0.3873, 0.3873, 0.3873, 0.3873, 0.3873, 0.3873, 0.3873, 0.3873, 0.3873, 0.3873, 0.3873, 0.3873, 0.3873, 0.3873, 0.3873, 0.3873, 0.3873, 0.3873, 0.3873, 0.3873, 0.3534, 0.5705, 0.5705, 0.3534, 0.3534, 0.5705, 0.5705, 0.3534, 0.3534, 0.5705, 0.5705, 0.3534, 0.3534, 0.5705, 0.5705, 0.3534, 0.3534, 0.5705, 0.5705, 0.3534, 0.3534, 0.5705, 0.5705, 0.3534, 0.3534, 0.5705, 0.5705, 0.3534, 0.3534, 0.5705, 0.5705, 0.3534, 0.3534, 0.5705, 0.5705, 0.3534, 0.3534, 0.5705, 0.5705, 0.3534, 0.3534, 0.5705, 0.5705, 0.3534, 0.3534, 0.5705, 0.5705, 0.3534, 0.3534, 0.5705, 0.5705, 0.3534, 0.3534, 0.5705, 0.5705, 0.3534, 0.3534, 0.5705, 0.5705, 0.3534, 0.3534, 0.5705, 0.5705, 0.3534, 0.3534, 0.5705, 0.5705, 0.3534, 0.3534, 0.5705, 0.5705, 0.3534, 0.3534, 0.5705, 0.5705, 0.3534, 0.3534, 0.5705, 0.5705, 0.3534, 0.3534, 0.5705, 0.5705, 0.3534, 0.3534, 0.5705, 0.5705, 0.3534, 0.2786, 0.5398, 0.5398, 0.2786, 0.2786, 0.5398, 0.5398, 0.2786, 0.2786, 0.5398, 0.5398, 0.2786, 0.2786, 0.5398, 0.5398, 0.2786, 0.2786, 0.5398, 0.5398, 0.2786, 0.2786, 0.5398, 0.5398, 0.2786, 0.2786, 0.5398, 0.5398, 0.2786, 0.2786, 0.5398, 0.5398, 0.2786, 0.3873, 0.3873, 0.3873, 0.3873, 0.3873, 0.3873, 0.3873, 0.3873, 0.3873, 0.3873, 0.3534, 0.3534, 0.3534, 0.3534, 0.3534, 0.3534, 0.3534, 0.3534, 0.3534, 0.3534, 0.3534, 0.3534, 0.3534, 0.3534, 0.3534, 0.3534, 0.3534, 0.3534, 0.3534, 0.3534, 0.3534, 0.3534, 0.3534, 0.3534, 0.3534, 0.3534, 0.3534, 0.3534, 0.3534, 0.3534, 0.3534, 0.3534, 0.3534, 0.3534, 0.3534, 0.3534, 0.3534, 0.3534, 0.3534, 0.3534, 0.3534, 0.3534, 0.3534, 0.3534, 0.3534, 0.3534, 0.3534, 0.3534, 0.3534, 0.3534, 0.3534, 0.3534, 0.3534, 0.3534, 0.3534, 0.3534, 0.4093, 0.4093, 0.4093, 0.4093, 0.4093, 0.4093, 0.4093, 0.4093, 0.4093, 0.4093, 0.4093, 0.4093, 0.4093, 0.4093, 0.4093, 0.4093, 0.4093, 0.4093, 0.4093, 0.4093, 0.4093, 0.4093, 0.4093, 0.4093, 0.4093, 0.4093, 0.4093, 0.4093, 0.4093, 0.4093, 0.4093, 0.4093, 0.4093, 0.4093, 0.4093, 0.4093, 0.4093, 0.4093, 0.4093, 0.4093, 0.4093, 0.4093, 0.4093, 0.4093, 0.4093, 0.4093, 0.4093, 0.4093, 0.4093, 0.4093, 0.4093, 0.4093, 0.4093, 0.4093, 0.4093, 0.4093, 0.3873, 0.2353, 0.2353, 0.3873, 0.3873, 0.2353, 0.2353, 0.3873, 0.3873, 0.2353, 0.2353, 0.3873, 0.3873, 0.2353, 0.2353, 0.3873, 0.3873, 0.2353, 0.2353, 0.3873, 0.3873, 0.2353, 0.2353, 0.3873, 0.3873, 0.2353, 0.2353, 0.3873, 0.3873, 0.2353, 0.2353, 0.3873, 0.3873, 0.2353, 0.2353, 0.3873, 0.3873, 0.2353, 0.2353, 0.3873, 0.3873, 0.2353, 0.2353, 0.3873, 0.3873, 0.2353, 0.2353, 0.3873, 0.3873, 0.2353, 0.2353, 0.3873, 0.3873, 0.2353, 0.2353, 0.3873, 0.3873, 0.2353, 0.2353, 0.3873, 0.3873, 0.2353, 0.2353, 0.3873, 0.3873, 0.2353, 0.2353, 0.3873, 0.3873, 0.2353, 0.2353, 0.3873, 0.3873, 0.2353, 0.2353, 0.3873, 0.3873, 0.2353, 0.2353, 0.3873, 0.3873, 0.2353, 0.2353, 0.3873, 0.3873, 0.2353, 0.2353, 0.3873, 0.3873, 0.2353, 0.2353, 0.3873, 0.3873, 0.2353, 0.2353, 0.3873, 0.3873, 0.2353, 0.2353, 0.3873, 0.3873, 0.2353, 0.2353, 0.3873, 0.3873, 0.2353, 0.2353, 0.3873, 0.3534, 0.2922, 0.2922, 0.3534, 0.3534, 0.2922, 0.2922, 0.3534, 0.3534, 0.2922, 0.2922, 0.3534, 0.3534, 0.2922, 0.2922, 0.3534, 0.3534, 0.2922, 0.2922, 0.3534, 0.3534, 0.2922, 0.2922, 0.3534, 0.3534, 0.2922, 0.2922, 0.3534, 0.3534, 0.2922, 0.2922, 0.3534, 0.3534, 0.2922, 0.2922, 0.3534, 0.3534, 0.2922, 0.2922, 0.3534, 0.3534, 0.2922, 0.2922, 0.3534, 0.3534, 0.2922, 0.2922, 0.3534, 0.3534, 0.2922, 0.2922, 0.3534, 0.3534, 0.2922, 0.2922, 0.3534, 0.3534, 0.2922, 0.2922, 0.3534, 0.3534, 0.2922, 0.2922, 0.3534, 0.3534, 0.2922, 0.2922, 0.3534, 0.3534, 0.2922, 0.2922, 0.3534, 0.3534, 0.2922, 0.2922, 0.3534, 0.3534, 0.2922, 0.2922, 0.3534, 0.3534, 0.2922, 0.2922, 0.3534, 0.3534, 0.2922, 0.2922, 0.3534, 0.3534, 0.2922, 0.2922, 0.3534, 0.3534, 0.2922, 0.2922, 0.3534, 0.3534, 0.2922, 0.2922, 0.3534, 0.3534, 0.2922, 0.2922, 0.3534, 0.3534, 0.2922, 0.2922, 0.3534, 0.3534, 0.2922, 0.2922, 0.3534, 0.3534, 0.5705, 0.5705, 0.3534, 0.3534, 0.5705, 0.5705, 0.3534, 0.3534, 0.5705, 0.5705, 0.3534, 0.3534, 0.5705, 0.5705, 0.3534, 0.3534, 0.5705, 0.5705, 0.3534, 0.3534, 0.5705, 0.5705, 0.3534, 0.2786, 0.5398, 0.5398, 0.2786, 0.2786, 0.5398, 0.5398, 0.2786, 0.2786, 0.5398, 0.5398, 0.2786, 0.2786, 0.5398, 0.5398, 0.2786, 0.2786, 0.5398, 0.5398, 0.2786, 0.2786, 0.5398, 0.5398, 0.2786, 0.2786, 0.5398, 0.5398, 0.2786, 0.2786, 0.5398, 0.5398, 0.2786, 0.2786, 0.5398, 0.5398, 0.2786, 0.2786, 0.5398, 0.5398, 0.2786, 0.2786, 0.5398, 0.5398, 0.2786, 0.2786, 0.5398, 0.5398, 0.2786, 0.2786, 0.5398, 0.5398, 0.2786, 0.2786, 0.5398, 0.5398, 0.2786, 0.2786, 0.5398, 0.5398, 0.2786, 0.2786, 0.5398, 0.5398, 0.2786, 0.2786, 0.5398, 0.5398, 0.2786, 0.2786, 0.5398, 0.5398, 0.2786, 0.2786, 0.5398, 0.5398, 0.2786, 0.2786, 0.5398, 0.5398, 0.2786, 0.3752, 0.3752, 0.3752, 0.3752, 0.3752, 0.3752, 0.3752, 0.3752, 0.4396, 0.4396, 0.4396, 0.4396, 0.4396, 0.4396, 0.4396, 0.4396, 0.4396, 0.4396, 0.4396, 0.4396, 0.2786, 0.3366, 0.3366, 0.2786, 0.2786, 0.3366, 0.3366, 0.2786, 0.3752, 0.3752, 0.3752, 0.3752, 0.3752, 0.3752, 0.3752, 0.3752, 0.3752, 0.3752, 0.3752, 0.3752, 0.3752, 0.3752, 0.3752, 0.3752, 0.3752, 0.3752, 0.3752, 0.3752, 0.3752, 0.3752, 0.3752, 0.3752, 0.4396, 0.4396, 0.4396, 0.4396, 0.4396, 0.4396, 0.4396, 0.4396, 0.4396, 0.4396, 0.4396, 0.4396, 0.4396, 0.4396, 0.4396, 0.4396, 0.4396, 0.4396, 0.4396, 0.4396, 0.4396, 0.4396, 0.4396, 0.4396, 0.4396, 0.4396, 0.4396, 0.4396, 0.4396, 0.4396, 0.4396, 0.4396, 0.4396, 0.4396, 0.4396, 0.4396, 0.4396, 0.4396, 0.4396, 0.4396, 0.4396, 0.4396, 0.4574, 0.4574, 0.4574, 0.4574, 0.4574, 0.4574, 0.4574, 0.4574, 0.4574, 0.4574, 0.4574, 0.4574, 0.4574, 0.4574, 0.4574, 0.4574, 0.4574, 0.4574, 0.4574, 0.4574, 0.4574, 0.4574, 0.4574, 0.4574, 0.4574, 0.4574, 0.4574, 0.4574, 0.4574, 0.4574, 0.4574, 0.4574, 0.4574, 0.4574, 0.4574, 0.4574, 0.4574, 0.4574, 0.4574, 0.4574, 0.4574, 0.4574, 0.4574, 0.4574, 0.4574, 0.4574, 0.4574, 0.4574, 0.4574, 0.4574, 0.4574, 0.4574, 0.4574, 0.4574, 0.4574, 0.4574, 0.2786, 0.2786, 0.2786, 0.2786, 0.2786, 0.2786, 0.2786, 0.2786, 0.2786, 0.2786, 0.2786, 0.2786, 0.2786, 0.2786, 0.2786, 0.2786, 0.2786, 0.2786, 0.2786, 0.2786, 0.2786, 0.2786, 0.2786, 0.2786, 0.2786, 0.2786, 0.2786, 0.2786, 0.2786, 0.2786, 0.2786, 0.2786, 0.2786, 0.2786, 0.2786, 0.2786, 0.2786, 0.2786, 0.2786, 0.2786, 0.2786, 0.2786, 0.2786, 0.2786, 0.2786, 0.2786, 0.2786, 0.2786, 0.2786, 0.2786, 0.2786, 0.2786, 0.2786, 0.2786, 0.2786, 0.2786, 0.3752, 0.3752, 0.3752, 0.3752, 0.3752, 0.3752, 0.3752, 0.3752, 0.3752, 0.3752, 0.3752, 0.3752, 0.3752, 0.3752, 0.3752, 0.3752, 0.3752, 0.3752, 0.3752, 0.3752, 0.3752, 0.3752, 0.3752, 0.3752, 0.4396, 0.4396, 0.3873, 0.1681, 0.1681, 0.3873, 0.3873, 0.1681, 0.1681, 0.3873, 0.3873, 0.3873, 0.3873, 0.2353, 0.2353, 0.3873, 0.2786, 0.3394, 0.3394, 0.2786, 0.2786, 0.3366, 0.3366, 0.2786, 0.3873, 0.1681, 0.1681, 0.3873, 0.2786, 0.3366, 0.3366, 0.2786]","[0.0, 29.7445, 29.7445, 0.0, 0.0, 29.7445, 29.7445, 0.0, 0.0, 29.7445, 29.7445, 0.0, 0.0, 29.7445, 29.7445, 0.0, 0.0, 29.7445, 29.7445, 0.0, 0.0, 29.7445, 29.7445, 0.0, 0.0, 29.7445, 29.7445, 0.0, 0.0, 29.7445, 29.7445, 0.0, 0.0, 29.7445, 29.7445, 0.0, 0.0, 23.9337, 23.9337, 0.0, 0.0, 23.9337, 23.9337, 0.0, 0.0, 23.9337, 23.9337, 0.0, 0.0, 23.9337, 23.9337, 0.0, 0.0, 23.9337, 23.9337, 0.0, 0.0, 23.9337, 23.9337, 0.0, 0.0, 23.9337, 23.9337, 0.0, 0.0, 23.9337, 23.9337, 0.0, 0.0, 23.9337, 23.9337, 0.0, 0.0, 23.9337, 23.9337, 0.0, 0.0, 23.9337, 23.9337, 0.0, 0.0, 23.9337, 23.9337, 0.0, 0.0, 23.9337, 23.9337, 0.0, 0.0, 23.9337, 23.9337, 0.0, 0.0, 23.9337, 23.9337, 0.0, 0.0, 23.9337, 23.9337, 0.0, 0.0, 23.9337, 23.9337, 0.0, 0.0, 23.9337, 23.9337, 0.0, 0.0, 23.9337, 23.9337, 0.0, 0.0, 23.9337, 23.9337, 0.0, 0.0, 23.9337, 23.9337, 0.0, 0.0, 23.9337, 23.9337, 0.0, 0.0, 23.9337, 23.9337, 0.0, 0.0, 23.9337, 23.9337, 0.0, 0.0, 23.9337, 23.9337, 0.0, 0.0, 23.9337, 23.9337, 0.0, 0.0, 23.9337, 23.9337, 0.0, 0.0, 8.1315, 8.1315, 0.0, 0.0, 8.1315, 8.1315, 0.0, 0.0, 8.1315, 8.1315, 0.0, 0.0, 8.1315, 8.1315, 0.0, 0.0, 8.1315, 8.1315, 0.0, 0.0, 8.1315, 8.1315, 0.0, 0.0, 8.1315, 8.1315, 0.0, 0.0, 8.1315, 8.1315, 0.0, 0.0, 8.1315, 8.1315, 0.0, 0.0, 8.1315, 8.1315, 0.0, 0.0, 8.1315, 8.1315, 0.0, 0.0, 8.1315, 8.1315, 0.0, 0.0, 8.1315, 8.1315, 0.0, 0.0, 29.7445, 29.7445, 0.0, 0.0, 29.7445, 29.7445, 0.0, 0.0, 29.7445, 29.7445, 0.0, 0.0, 29.7445, 29.7445, 0.0, 0.0, 29.7445, 29.7445, 0.0, 0.0, 29.7445, 29.7445, 0.0, 0.0, 29.7445, 29.7445, 0.0, 0.0, 29.7445, 29.7445, 0.0, 0.0, 29.7445, 29.7445, 0.0, 0.0, 29.7445, 29.7445, 0.0, 0.0, 29.7445, 29.7445, 0.0, 0.0, 29.7445, 29.7445, 0.0, 0.0, 29.7445, 29.7445, 0.0, 0.0, 29.7445, 29.7445, 0.0, 0.0, 29.7445, 29.7445, 0.0, 0.0, 8.1315, 8.1315, 0.0, 0.0, 8.1315, 8.1315, 0.0, 0.0, 8.1315, 8.1315, 0.0, 0.0, 8.1315, 8.1315, 0.0, 0.0, 8.1315, 8.1315, 0.0, 0.0, 8.1315, 8.1315, 0.0, 0.0, 8.1315, 8.1315, 0.0, 0.0, 8.1315, 8.1315, 0.0, 0.0, 8.1315, 8.1315, 0.0, 0.0, 8.1315, 8.1315, 0.0, 0.0, 8.1315, 8.1315, 0.0, 0.0, 8.1315, 8.1315, 0.0, 11.6607, 0.0, 11.6607, 0.0, 11.6607, 0.0, 11.6607, 0.0, 11.6607, 0.0, 11.6607, 0.0, 11.6607, 0.0, 11.6607, 0.0, 11.6607, 0.0, 11.6607, 0.0, 11.6607, 0.0, 11.6607, 0.0, 11.6607, 0.0, 11.6607, 0.0, 11.6607, 0.0, 11.6607, 0.0, 11.6607, 0.0, 11.6607, 0.0, 11.6607, 0.0, 11.6607, 0.0, 11.6607, 0.0, 11.6607, 0.0, 0.0, 34.5551, 34.5551, 0.0, 0.0, 34.5551, 34.5551, 0.0, 0.0, 34.5551, 34.5551, 0.0, 0.0, 34.5551, 34.5551, 0.0, 0.0, 34.5551, 34.5551, 0.0, 0.0, 34.5551, 34.5551, 0.0, 0.0, 34.5551, 34.5551, 0.0, 0.0, 34.5551, 34.5551, 0.0, 0.0, 34.5551, 34.5551, 0.0, 0.0, 34.5551, 34.5551, 0.0, 0.0, 34.5551, 34.5551, 0.0, 0.0, 34.5551, 34.5551, 0.0, 0.0, 34.5551, 34.5551, 0.0, 0.0, 34.5551, 34.5551, 0.0, 0.0, 34.5551, 34.5551, 0.0, 0.0, 34.5551, 34.5551, 0.0, 0.0, 34.5551, 34.5551, 0.0, 0.0, 34.5551, 34.5551, 0.0, 0.0, 34.5551, 34.5551, 0.0, 0.0, 34.5551, 34.5551, 0.0, 0.0, 34.5551, 34.5551, 0.0, 0.0, 34.5551, 34.5551, 0.0, 0.0, 11.1805, 11.1805, 0.0, 0.0, 11.1805, 11.1805, 0.0, 0.0, 11.1805, 11.1805, 0.0, 0.0, 11.1805, 11.1805, 0.0, 0.0, 11.1805, 11.1805, 0.0, 0.0, 11.1805, 11.1805, 0.0, 0.0, 11.1805, 11.1805, 0.0, 0.0, 11.1805, 11.1805, 0.0, 11.6607, 0.0, 11.6607, 0.0, 11.6607, 0.0, 11.6607, 0.0, 11.6607, 0.0, 6.7958, 0.0, 6.7958, 0.0, 6.7958, 0.0, 6.7958, 0.0, 6.7958, 0.0, 6.7958, 0.0, 6.7958, 0.0, 6.7958, 0.0, 6.7958, 0.0, 6.7958, 0.0, 6.7958, 0.0, 6.7958, 0.0, 6.7958, 0.0, 6.7958, 0.0, 6.7958, 0.0, 6.7958, 0.0, 6.7958, 0.0, 6.7958, 0.0, 6.7958, 0.0, 6.7958, 0.0, 6.7958, 0.0, 6.7958, 0.0, 6.7958, 0.0, 6.7958, 0.0, 6.7958, 0.0, 6.7958, 0.0, 6.7958, 0.0, 6.7958, 0.0, 26.6078, 0.0, 26.6078, 0.0, 26.6078, 0.0, 26.6078, 0.0, 26.6078, 0.0, 26.6078, 0.0, 26.6078, 0.0, 26.6078, 0.0, 26.6078, 0.0, 26.6078, 0.0, 26.6078, 0.0, 26.6078, 0.0, 26.6078, 0.0, 26.6078, 0.0, 26.6078, 0.0, 26.6078, 0.0, 26.6078, 0.0, 26.6078, 0.0, 26.6078, 0.0, 26.6078, 0.0, 26.6078, 0.0, 26.6078, 0.0, 26.6078, 0.0, 26.6078, 0.0, 26.6078, 0.0, 26.6078, 0.0, 26.6078, 0.0, 26.6078, 0.0, 0.0, 15.6327, 15.6327, 0.0, 0.0, 15.6327, 15.6327, 0.0, 0.0, 15.6327, 15.6327, 0.0, 0.0, 15.6327, 15.6327, 0.0, 0.0, 15.6327, 15.6327, 0.0, 0.0, 15.6327, 15.6327, 0.0, 0.0, 15.6327, 15.6327, 0.0, 0.0, 15.6327, 15.6327, 0.0, 0.0, 15.6327, 15.6327, 0.0, 0.0, 15.6327, 15.6327, 0.0, 0.0, 15.6327, 15.6327, 0.0, 0.0, 15.6327, 15.6327, 0.0, 0.0, 15.6327, 15.6327, 0.0, 0.0, 15.6327, 15.6327, 0.0, 0.0, 15.6327, 15.6327, 0.0, 0.0, 15.6327, 15.6327, 0.0, 0.0, 15.6327, 15.6327, 0.0, 0.0, 15.6327, 15.6327, 0.0, 0.0, 15.6327, 15.6327, 0.0, 0.0, 15.6327, 15.6327, 0.0, 0.0, 15.6327, 15.6327, 0.0, 0.0, 15.6327, 15.6327, 0.0, 0.0, 15.6327, 15.6327, 0.0, 0.0, 15.6327, 15.6327, 0.0, 0.0, 15.6327, 15.6327, 0.0, 0.0, 15.6327, 15.6327, 0.0, 0.0, 15.6327, 15.6327, 0.0, 0.0, 16.7888, 16.7888, 0.0, 0.0, 16.7888, 16.7888, 0.0, 0.0, 16.7888, 16.7888, 0.0, 0.0, 16.7888, 16.7888, 0.0, 0.0, 16.7888, 16.7888, 0.0, 0.0, 16.7888, 16.7888, 0.0, 0.0, 16.7888, 16.7888, 0.0, 0.0, 16.7888, 16.7888, 0.0, 0.0, 16.7888, 16.7888, 0.0, 0.0, 16.7888, 16.7888, 0.0, 0.0, 16.7888, 16.7888, 0.0, 0.0, 16.7888, 16.7888, 0.0, 0.0, 16.7888, 16.7888, 0.0, 0.0, 16.7888, 16.7888, 0.0, 0.0, 16.7888, 16.7888, 0.0, 0.0, 16.7888, 16.7888, 0.0, 0.0, 16.7888, 16.7888, 0.0, 0.0, 16.7888, 16.7888, 0.0, 0.0, 16.7888, 16.7888, 0.0, 0.0, 16.7888, 16.7888, 0.0, 0.0, 16.7888, 16.7888, 0.0, 0.0, 16.7888, 16.7888, 0.0, 0.0, 16.7888, 16.7888, 0.0, 0.0, 16.7888, 16.7888, 0.0, 0.0, 16.7888, 16.7888, 0.0, 0.0, 16.7888, 16.7888, 0.0, 0.0, 16.7888, 16.7888, 0.0, 0.0, 16.7888, 16.7888, 0.0, 0.0, 34.5551, 34.5551, 0.0, 0.0, 34.5551, 34.5551, 0.0, 0.0, 34.5551, 34.5551, 0.0, 0.0, 34.5551, 34.5551, 0.0, 0.0, 34.5551, 34.5551, 0.0, 0.0, 34.5551, 34.5551, 0.0, 0.0, 11.1805, 11.1805, 0.0, 0.0, 11.1805, 11.1805, 0.0, 0.0, 11.1805, 11.1805, 0.0, 0.0, 11.1805, 11.1805, 0.0, 0.0, 11.1805, 11.1805, 0.0, 0.0, 11.1805, 11.1805, 0.0, 0.0, 11.1805, 11.1805, 0.0, 0.0, 11.1805, 11.1805, 0.0, 0.0, 11.1805, 11.1805, 0.0, 0.0, 11.1805, 11.1805, 0.0, 0.0, 11.1805, 11.1805, 0.0, 0.0, 11.1805, 11.1805, 0.0, 0.0, 11.1805, 11.1805, 0.0, 0.0, 11.1805, 11.1805, 0.0, 0.0, 11.1805, 11.1805, 0.0, 0.0, 11.1805, 11.1805, 0.0, 0.0, 11.1805, 11.1805, 0.0, 0.0, 11.1805, 11.1805, 0.0, 0.0, 11.1805, 11.1805, 0.0, 0.0, 11.1805, 11.1805, 0.0, 13.2532, 0.0, 13.2532, 0.0, 13.2532, 0.0, 13.2532, 0.0, 17.0082, 0.0, 17.0082, 0.0, 17.0082, 0.0, 17.0082, 0.0, 17.0082, 0.0, 17.0082, 0.0, 0.0, 29.7445, 29.7445, 0.0, 0.0, 29.7445, 29.7445, 0.0, 13.2532, 0.0, 13.2532, 0.0, 13.2532, 0.0, 13.2532, 0.0, 13.2532, 0.0, 13.2532, 0.0, 13.2532, 0.0, 13.2532, 0.0, 13.2532, 0.0, 13.2532, 0.0, 13.2532, 0.0, 13.2532, 0.0, 17.0082, 0.0, 17.0082, 0.0, 17.0082, 0.0, 17.0082, 0.0, 17.0082, 0.0, 17.0082, 0.0, 17.0082, 0.0, 17.0082, 0.0, 17.0082, 0.0, 17.0082, 0.0, 17.0082, 0.0, 17.0082, 0.0, 17.0082, 0.0, 17.0082, 0.0, 17.0082, 0.0, 17.0082, 0.0, 17.0082, 0.0, 17.0082, 0.0, 17.0082, 0.0, 17.0082, 0.0, 17.0082, 0.0, 25.0202, 0.0, 25.0202, 0.0, 25.0202, 0.0, 25.0202, 0.0, 25.0202, 0.0, 25.0202, 0.0, 25.0202, 0.0, 25.0202, 0.0, 25.0202, 0.0, 25.0202, 0.0, 25.0202, 0.0, 25.0202, 0.0, 25.0202, 0.0, 25.0202, 0.0, 25.0202, 0.0, 25.0202, 0.0, 25.0202, 0.0, 25.0202, 0.0, 25.0202, 0.0, 25.0202, 0.0, 25.0202, 0.0, 25.0202, 0.0, 25.0202, 0.0, 25.0202, 0.0, 25.0202, 0.0, 25.0202, 0.0, 25.0202, 0.0, 25.0202, 0.0, 4.6711, 0.0, 4.6711, 0.0, 4.6711, 0.0, 4.6711, 0.0, 4.6711, 0.0, 4.6711, 0.0, 4.6711, 0.0, 4.6711, 0.0, 4.6711, 0.0, 4.6711, 0.0, 4.6711, 0.0, 4.6711, 0.0, 4.6711, 0.0, 4.6711, 0.0, 4.6711, 0.0, 4.6711, 0.0, 4.6711, 0.0, 4.6711, 0.0, 4.6711, 0.0, 4.6711, 0.0, 4.6711, 0.0, 4.6711, 0.0, 4.6711, 0.0, 4.6711, 0.0, 4.6711, 0.0, 4.6711, 0.0, 4.6711, 0.0, 4.6711, 0.0, 13.2532, 0.0, 13.2532, 0.0, 13.2532, 0.0, 13.2532, 0.0, 13.2532, 0.0, 13.2532, 0.0, 13.2532, 0.0, 13.2532, 0.0, 13.2532, 0.0, 13.2532, 0.0, 13.2532, 0.0, 13.2532, 0.0, 17.0082, 0.0, 0.0, 8.1315, 8.1315, 0.0, 0.0, 8.1315, 8.1315, 0.0, 11.6607, 0.0, 0.0, 15.6327, 15.6327, 0.0, 0.0, 23.9337, 23.9337, 0.0, 0.0, 29.7445, 29.7445, 0.0, 0.0, 8.1315, 8.1315, 0.0, 0.0, 29.7445, 29.7445, 0.0]",success,
0.5,1000000000,1.2,15,392,1.9473,"[7, 14, 7, 0, 7, 14, 7, 0, 7, 14, 7, 0, 7, 14, 7, 0, 7, 14, 7, 0, 7, 14, 7, 0, 7, 14, 7, 0, 7, 14, 7, 0, 7, 14, 7, 0, 7, 14, 7, 0, 7, 14, 7, 0, 7, 14, 7, 0, 7, 14, 7, 0, 7, 14, 7, 0, 7, 14, 7, 0, 7, 14, 7, 0, 7, 14, 7, 0, 7, 14, 7, 0, 7, 14, 7, 0, 7, 14, 7, 0, 7, 14, 7, 0, 7, 14, 7, 0, 7, 14, 7, 0, 7, 14, 7, 0, 7, 14, 7, 0, 7, 14, 7, 0, 7, 14, 7, 0, 3, 0, 3, 0, 3, 0, 3, 0, 8, 0, 8, 0, 8, 0, 8, 0, 8, 0, 8, 0, 8, 0, 7, 10, 7, 0, 7, 10, 7, 0, 7, 10, 7, 0, 7, 10, 7, 0, 7, 10, 7, 0, 7, 10, 7, 0, 7, 10, 7, 0, 7, 10, 7, 0, 7, 10, 7, 0, 7, 10, 7, 0, 7, 10, 7, 0, 7, 10, 7, 0, 7, 10, 7, 0, 7, 12, 7, 0, 1, 0, 1, 0, 1, 0, 1, 0, 1, 0, 1, 0, 1, 0, 1, 0, 1, 0, 3, 0, 3, 0, 3, 0, 3, 0, 3, 0, 3, 0, 3, 0, 3, 0, 3, 0, 3, 0, 3, 0, 3, 0, 3, 0, 3, 0, 3, 0, 3, 0, 3, 0, 3, 0, 3, 0, 3, 0, 4, 0, 4, 0, 4, 0, 4, 0, 4, 0, 4, 0, 4, 0, 4, 0, 4, 0, 4, 0, 4, 0, 4, 0, 4, 0, 4, 0, 4, 0, 4, 0, 4, 0, 4, 0, 4, 0, 4, 0, 4, 0, 4, 0, 4, 0, 4, 0, 4, 0, 4, 0, 3, 11, 3, 0, 3, 11, 3, 0, 3, 11, 3, 0, 3, 11, 3, 0, 3, 11, 3, 0, 3, 11, 3, 0, 3, 11, 3, 0, 3, 11, 3, 0, 3, 9, 3, 0, 7, 12, 7, 0, 7, 12, 7, 0, 3, 11, 3, 0, 7, 12, 7, 0, 7, 12, 7, 0, 7, 12, 7, 0, 7, 12, 7, 0, 7, 12, 7, 0, 1, 0, 1, 0, 1, 0, 1, 0, 3, 9, 3, 0, 1, 0, 13, 0, 7, 10, 7, 0, 13, 0, 6, 2, 6, 0, 7, 12, 7, 0, 6, 2, 6, 0, 13, 0, 7, 12, 7, 0, 4, 0, 3, 11, 3, 0, 3, 11, 3, 0, 3, 11, 3, 0, 3, 11, 3, 0, 3, 11, 3, 0, 3, 11, 3, 0, 3, 11, 3, 0, 8, 0, 3, 11, 3, 0, 3, 11, 3, 0, 3, 11, 3, 0, 3, 11, 3, 0, 3, 11, 3, 0, 3, 11, 3, 0, 6, 2, 6, 0, 3, 11, 3, 0, 3, 11, 3, 0, 3, 11, 3, 0, 3, 11, 3, 0, 3, 11, 3, 0, 6, 5, 6, 0, 6, 5, 6, 0, 6, 5, 6, 0, 6, 5, 6, 0, 6, 5, 6, 0, 6, 5, 6, 0, 6, 5, 6, 0, 6, 5, 6, 0, 6, 5, 6, 0, 6, 5, 6, 0, 6, 5, 6, 0, 6, 5, 6, 0, 6, 5, 6, 0, 6, 5, 6, 0, 6, 5, 6, 0, 6, 5, 6, 0, 6, 5, 6, 0, 6, 5, 6, 0, 6, 5, 6, 0, 6, 5, 6, 0, 6, 5, 6, 0, 6, 5, 6, 0, 6, 5, 6, 0, 6, 5, 6, 0, 6, 5, 6, 0, 6, 5, 6, 0, 6, 5, 6, 0, 8, 0, 8, 0, 8, 0, 8, 0, 8, 0, 8, 0, 8, 0, 8, 0, 8, 0, 8, 0, 8, 0, 8, 0, 8, 0, 8, 0, 8, 0, 8, 0, 8, 0, 7, 10, 7, 0, 7, 10, 7, 0, 8, 0, 8, 0, 6, 0, 6, 2, 6, 0, 3, 11, 3, 0, 13, 0, 4, 0, 1, 0, 3, 9, 3, 0, 7, 10, 7, 0, 7, 10, 7, 0, 6, 0, 3, 0, 6, 5, 6, 0, 6, 2, 6, 0, 3, 0, 3, 0, 7, 12, 7, 0, 1, 0, 7, 12, 7, 0, 3, 0, 1, 0, 3, 9, 3, 0, 7, 12, 7, 0, 1, 0, 1, 0, 1, 0, 1, 0, 1, 0, 1, 0, 1, 0, 1, 0, 1, 0, 1, 0, 1, 0, 13, 0, 13, 0, 13, 0, 13, 0, 13, 0, 13, 0, 13, 0, 13, 0, 13, 0, 13, 0, 13, 0, 13, 0, 13, 0, 13, 0, 13, 0, 13, 0, 13, 0, 13, 0, 13, 0, 13, 0, 13, 0, 13, 0, 13, 0, 13, 0, 7, 10, 7, 0, 7, 10, 7, 0, 7, 10, 7, 0, 7, 12, 7, 0, 6, 0, 7, 12, 7, 0, 7, 0, 7, 12, 7, 0, 6, 2, 6, 0, 7, 0, 6, 0, 7, 10, 7, 0, 7, 12, 7, 0, 7, 0, 6, 2, 6, 0, 7, 0, 7, 12, 7, 0, 6, 2, 6, 0, 6, 2, 6, 0, 7, 0, 7, 0, 6, 2, 6, 0, 8, 0, 7, 12, 7, 0, 6, 0, 7, 0, 6, 2, 6, 0, 7, 0, 6, 0, 7, 0, 7, 0, 7, 10, 7, 0, 7, 0, 7, 0, 7, 0, 7, 0, 7, 0, 6, 2, 6, 0, 6, 0, 7, 10, 7, 0, 6, 0, 6, 0, 6, 0, 6, 2, 6, 0, 6, 2, 6, 0, 6, 0, 7, 0, 7, 12, 7, 0, 7, 12, 7, 0, 6, 2, 6, 0, 6, 0, 7, 0, 6, 2, 6, 0, 6, 2, 6, 0, 6, 2, 6, 0, 7, 10, 7, 0, 7, 0, 7, 10, 7, 0, 6, 2, 6, 0, 6, 0, 7, 12, 7, 0, 6, 0, 7, 0, 6, 0, 7, 12, 7, 0, 6, 2, 6, 0, 6, 0, 7, 12, 7, 0, 6, 0, 7, 10, 7, 0, 7, 0, 7, 0, 7, 10, 7, 0, 7, 0, 7, 0, 6, 2, 6, 0, 7, 0, 7, 12, 7, 0, 6, 2, 6, 0, 7, 0, 7, 12, 7, 0, 6, 2, 6, 0, 7, 12, 7, 0, 7, 0, 6, 2, 6, 0, 6, 0, 7, 0, 7, 12, 7, 0, 6, 2, 6, 0, 6, 2, 6, 0, 6, 2, 6, 0, 6, 2, 6, 0, 7, 0, 6, 0, 6, 0, 6, 0, 6, 0, 6, 0, 6, 0, 6, 0, 6, 0, 6, 0, 6, 0, 3, 9, 3, 0, 3, 9, 3, 0, 3, 9, 3, 0, 3, 9, 3, 0, 3, 9, 3, 0, 3, 9, 3, 0, 3, 9, 3, 0, 3, 9, 3, 0, 3, 9, 3, 0, 3, 9, 3, 0, 3, 9, 3, 0, 3, 9, 3, 0, 3, 9, 3, 0, 3, 9, 3, 0, 3, 9, 3, 0, 3, 9, 3, 0, 3, 9, 3, 0, 3, 9, 3, 0, 3, 9, 3, 0, 3, 9, 3, 0, 3, 9, 3, 0, 3, 9, 3, 0, 3, 9, 3, 0, 3, 9, 3, 0, 7, 14, 7, 0]","[0.5398, 0.5398, 0.2786, 0.2786, 0.5398, 0.5398, 0.2786, 0.2786, 0.5398, 0.5398, 0.2786, 0.2786, 0.5398, 0.5398, 0.2786, 0.2786, 0.5398, 0.5398, 0.2786, 0.2786, 0.5398, 0.5398, 0.2786, 0.2786, 0.5398, 0.5398, 0.2786, 0.2786, 0.5398, 0.5398, 0.2786, 0.2786, 0.5398, 0.5398, 0.2786, 0.2786, 0.5398, 0.5398, 0.2786, 0.2786, 0.5398, 0.5398, 0.2786, 0.2786, 0.5398, 0.5398, 0.2786, 0.2786, 0.5398, 0.5398, 0.2786, 0.2786, 0.5398, 0.5398, 0.2786, 0.2786, 0.5398, 0.5398, 0.2786, 0.2786, 0.5398, 0.5398, 0.2786, 0.2786, 0.5398, 0.5398, 0.2786, 0.2786, 0.5398, 0.5398, 0.2786, 0.2786, 0.5398, 0.5398, 0.2786, 0.2786, 0.5398, 0.5398, 0.2786, 0.2786, 0.5398, 0.5398, 0.2786, 0.2786, 0.5398, 0.5398, 0.2786, 0.2786, 0.5398, 0.5398, 0.2786, 0.2786, 0.5398, 0.5398, 0.2786, 0.2786, 0.5398, 0.5398, 0.2786, 0.2786, 0.5398, 0.5398, 0.2786, 0.2786, 0.5398, 0.5398, 0.2786, 0.3873, 0.3873, 0.3873, 0.3873, 0.3873, 0.3873, 0.3873, 0.3873, 0.4396, 0.4396, 0.4396, 0.4396, 0.4396, 0.4396, 0.4396, 0.4396, 0.4396, 0.4396, 0.4396, 0.4396, 0.4396, 0.4396, 0.2786, 0.3394, 0.3394, 0.2786, 0.2786, 0.3394, 0.3394, 0.2786, 0.2786, 0.3394, 0.3394, 0.2786, 0.2786, 0.3394, 0.3394, 0.2786, 0.2786, 0.3394, 0.3394, 0.2786, 0.2786, 0.3394, 0.3394, 0.2786, 0.2786, 0.3394, 0.3394, 0.2786, 0.2786, 0.3394, 0.3394, 0.2786, 0.2786, 0.3394, 0.3394, 0.2786, 0.2786, 0.3394, 0.3394, 0.2786, 0.2786, 0.3394, 0.3394, 0.2786, 0.2786, 0.3394, 0.3394, 0.2786, 0.2786, 0.3394, 0.3394, 0.2786, 0.2786, 0.3366, 0.3366, 0.2786, 0.4093, 0.4093, 0.4093, 0.4093, 0.4093, 0.4093, 0.4093, 0.4093, 0.4093, 0.4093, 0.4093, 0.4093, 0.4093, 0.4093, 0.4093, 0.4093, 0.4093, 0.4093, 0.3873, 0.3873, 0.3873, 0.3873, 0.3873, 0.3873, 0.3873, 0.3873, 0.3873, 0.3873, 0.3873, 0.3873, 0.3873, 0.3873, 0.3873, 0.3873, 0.3873, 0.3873, 0.3873, 0.3873, 0.3873, 0.3873, 0.3873, 0.3873, 0.3873, 0.3873, 0.3873, 0.3873, 0.3873, 0.3873, 0.3873, 0.3873, 0.3873, 0.3873, 0.3873, 0.3873, 0.3873, 0.3873, 0.3873, 0.3873, 0.3752, 0.3752, 0.3752, 0.3752, 0.3752, 0.3752, 0.3752, 0.3752, 0.3752, 0.3752, 0.3752, 0.3752, 0.3752, 0.3752, 0.3752, 0.3752, 0.3752, 0.3752, 0.3752, 0.3752, 0.3752, 0.3752, 0.3752, 0.3752, 0.3752, 0.3752, 0.3752, 0.3752, 0.3752, 0.3752, 0.3752, 0.3752, 0.3752, 0.3752, 0.3752, 0.3752, 0.3752, 0.3752, 0.3752, 0.3752, 0.3752, 0.3752, 0.3752, 0.3752, 0.3752, 0.3752, 0.3752, 0.3752, 0.3752, 0.3752, 0.3752, 0.3752, 0.3873, 0.2353, 0.2353, 0.3873, 0.3873, 0.2353, 0.2353, 0.3873, 0.3873, 0.2353, 0.2353, 0.3873, 0.3873, 0.2353, 0.2353, 0.3873, 0.3873, 0.2353, 0.2353, 0.3873, 0.3873, 0.2353, 0.2353, 0.3873, 0.3873, 0.2353, 0.2353, 0.3873, 0.3873, 0.2353, 0.2353, 0.3873, 0.3873, 0.1681, 0.1681, 0.3873, 0.2786, 0.3366, 0.3366, 0.2786, 0.2786, 0.3366, 0.3366, 0.2786, 0.3873, 0.2353, 0.2353, 0.3873, 0.2786, 0.3366, 0.3366, 0.2786, 0.2786, 0.3366, 0.3366, 0.2786, 0.2786, 0.3366, 0.3366, 0.2786, 0.2786, 0.3366, 0.3366, 0.2786, 0.2786, 0.3366, 0.3366, 0.2786, 0.4093, 0.4093, 0.4093, 0.4093, 0.4093, 0.4093, 0.4093, 0.4093, 0.3873, 0.1681, 0.1681, 0.3873, 0.4093, 0.4093, 0.4574, 0.4574, 0.2786, 0.3394, 0.3394, 0.2786, 0.4574, 0.4574, 0.3534, 0.5705, 0.5705, 0.3534, 0.2786, 0.3366, 0.3366, 0.2786, 0.3534, 0.5705, 0.5705, 0.3534, 0.4574, 0.4574, 0.2786, 0.3366, 0.3366, 0.2786, 0.3752, 0.3752, 0.3873, 0.2353, 0.2353, 0.3873, 0.3873, 0.2353, 0.2353, 0.3873, 0.3873, 0.2353, 0.2353, 0.3873, 0.3873, 0.2353, 0.2353, 0.3873, 0.3873, 0.2353, 0.2353, 0.3873, 0.3873, 0.2353, 0.2353, 0.3873, 0.3873, 0.2353, 0.2353, 0.3873, 0.4396, 0.4396, 0.3873, 0.2353, 0.2353, 0.3873, 0.3873, 0.2353, 0.2353, 0.3873, 0.3873, 0.2353, 0.2353, 0.3873, 0.3873, 0.2353, 0.2353, 0.3873, 0.3873, 0.2353, 0.2353, 0.3873, 0.3873, 0.2353, 0.2353, 0.3873, 0.3534, 0.5705, 0.5705, 0.3534, 0.3873, 0.2353, 0.2353, 0.3873, 0.3873, 0.2353, 0.2353, 0.3873, 0.3873, 0.2353, 0.2353, 0.3873, 0.3873, 0.2353, 0.2353, 0.3873, 0.3873, 0.2353, 0.2353, 0.3873, 0.3534, 0.2922, 0.2922, 0.3534, 0.3534, 0.2922, 0.2922, 0.3534, 0.3534, 0.2922, 0.2922, 0.3534, 0.3534, 0.2922, 0.2922, 0.3534, 0.3534, 0.2922, 0.2922, 0.3534, 0.3534, 0.2922, 0.2922, 0.3534, 0.3534, 0.2922, 0.2922, 0.3534, 0.3534, 0.2922, 0.2922, 0.3534, 0.3534, 0.2922, 0.2922, 0.3534, 0.3534, 0.2922, 0.2922, 0.3534, 0.3534, 0.2922, 0.2922, 0.3534, 0.3534, 0.2922, 0.2922, 0.3534, 0.3534, 0.2922, 0.2922, 0.3534, 0.3534, 0.2922, 0.2922, 0.3534, 0.3534, 0.2922, 0.2922, 0.3534, 0.3534, 0.2922, 0.2922, 0.3534, 0.3534, 0.2922, 0.2922, 0.3534, 0.3534, 0.2922, 0.2922, 0.3534, 0.3534, 0.2922, 0.2922, 0.3534, 0.3534, 0.2922, 0.2922, 0.3534, 0.3534, 0.2922, 0.2922, 0.3534, 0.3534, 0.2922, 0.2922, 0.3534, 0.3534, 0.2922, 0.2922, 0.3534, 0.3534, 0.2922, 0.2922, 0.3534, 0.3534, 0.2922, 0.2922, 0.3534, 0.3534, 0.2922, 0.2922, 0.3534, 0.3534, 0.2922, 0.2922, 0.3534, 0.4396, 0.4396, 0.4396, 0.4396, 0.4396, 0.4396, 0.4396, 0.4396, 0.4396, 0.4396, 0.4396, 0.4396, 0.4396, 0.4396, 0.4396, 0.4396, 0.4396, 0.4396, 0.4396, 0.4396, 0.4396, 0.4396, 0.4396, 0.4396, 0.4396, 0.4396, 0.4396, 0.4396, 0.4396, 0.4396, 0.4396, 0.4396, 0.4396, 0.4396, 0.2786, 0.3394, 0.3394, 0.2786, 0.2786, 0.3394, 0.3394, 0.2786, 0.4396, 0.4396, 0.4396, 0.4396, 0.3534, 0.3534, 0.3534, 0.5705, 0.5705, 0.3534, 0.3873, 0.2353, 0.2353, 0.3873, 0.4574, 0.4574, 0.3752, 0.3752, 0.4093, 0.4093, 0.3873, 0.1681, 0.1681, 0.3873, 0.2786, 0.3394, 0.3394, 0.2786, 0.2786, 0.3394, 0.3394, 0.2786, 0.3534, 0.3534, 0.3873, 0.3873, 0.3534, 0.2922, 0.2922, 0.3534, 0.3534, 0.5705, 0.5705, 0.3534, 0.3873, 0.3873, 0.3873, 0.3873, 0.2786, 0.3366, 0.3366, 0.2786, 0.4093, 0.4093, 0.2786, 0.3366, 0.3366, 0.2786, 0.3873, 0.3873, 0.4093, 0.4093, 0.3873, 0.1681, 0.1681, 0.3873, 0.2786, 0.3366, 0.3366, 0.2786, 0.4093, 0.4093, 0.4093, 0.4093, 0.4093, 0.4093, 0.4093, 0.4093, 0.4093, 0.4093, 0.4093, 0.4093, 0.4093, 0.4093, 0.4093, 0.4093, 0.4093, 0.4093, 0.4093, 0.4093, 0.4093, 0.4093, 0.4574, 0.4574, 0.4574, 0.4574, 0.4574, 0.4574, 0.4574, 0.4574, 0.4574, 0.4574, 0.4574, 0.4574, 0.4574, 0.4574, 0.4574, 0.4574, 0.4574, 0.4574, 0.4574, 0.4574, 0.4574, 0.4574, 0.4574, 0.4574, 0.4574, 0.4574, 0.4574, 0.4574, 0.4574, 0.4574, 0.4574, 0.4574, 0.4574, 0.4574, 0.4574, 0.4574, 0.4574, 0.4574, 0.4574, 0.4574, 0.4574, 0.4574, 0.4574, 0.4574, 0.4574, 0.4574, 0.4574, 0.4574, 0.2786, 0.3394, 0.3394, 0.2786, 0.2786, 0.3394, 0.3394, 0.2786, 0.2786, 0.3394, 0.3394, 0.2786, 0.2786, 0.3366, 0.3366, 0.2786, 0.3534, 0.3534, 0.2786, 0.3366, 0.3366, 0.2786, 0.2786, 0.2786, 0.2786, 0.3366, 0.3366, 0.2786, 0.3534, 0.5705, 0.5705, 0.3534, 0.2786, 0.2786, 0.3534, 0.3534, 0.2786, 0.3394, 0.3394, 0.2786, 0.2786, 0.3366, 0.3366, 0.2786, 0.2786, 0.2786, 0.3534, 0.5705, 0.5705, 0.3534, 0.2786, 0.2786, 0.2786, 0.3366, 0.3366, 0.2786, 0.3534, 0.5705, 0.5705, 0.3534, 0.3534, 0.5705, 0.5705, 0.3534, 0.2786, 0.2786, 0.2786, 0.2786, 0.3534, 0.5705, 0.5705, 0.3534, 0.4396, 0.4396, 0.2786, 0.3366, 0.3366, 0.2786, 0.3534, 0.3534, 0.2786, 0.2786, 0.3534, 0.5705, 0.5705, 0.3534, 0.2786, 0.2786, 0.3534, 0.3534, 0.2786, 0.2786, 0.2786, 0.2786, 0.2786, 0.3394, 0.3394, 0.2786, 0.2786, 0.2786, 0.2786, 0.2786, 0.2786, 0.2786, 0.2786, 0.2786, 0.2786, 0.2786, 0.3534, 0.5705, 0.5705, 0.3534, 0.3534, 0.3534, 0.2786, 0.3394, 0.3394, 0.2786, 0.3534, 0.3534, 0.3534, 0.3534, 0.3534, 0.3534, 0.3534, 0.5705, 0.5705, 0.3534, 0.3534, 0.5705, 0.5705, 0.3534, 0.3534, 0.3534, 0.2786, 0.2786, 0.2786, 0.3366, 0.3366, 0.2786, 0.2786, 0.3366, 0.3366, 0.2786, 0.3534, 0.5705, 0.5705, 0.3534, 0.3534, 0.3534, 0.2786, 0.2786, 0.3534, 0.5705, 0.5705, 0.3534, 0.3534, 0.5705, 0.5705, 0.3534, 0.3534, 0.5705, 0.5705, 0.3534, 0.2786, 0.3394, 0.3394, 0.2786, 0.2786, 0.2786, 0.2786, 0.3394, 0.3394, 0.2786, 0.3534, 0.5705, 0.5705, 0.3534, 0.3534, 0.3534, 0.2786, 0.3366, 0.3366, 0.2786, 0.3534, 0.3534, 0.2786, 0.2786, 0.3534, 0.3534, 0.2786, 0.3366, 0.3366, 0.2786, 0.3534, 0.5705, 0.5705, 0.3534, 0.3534, 0.3534, 0.2786, 0.3366, 0.3366, 0.2786, 0.3534, 0.3534, 0.2786, 0.3394, 0.3394, 0.2786, 0.2786, 0.2786, 0.2786, 0.2786, 0.2786, 0.3394, 0.3394, 0.2786, 0.2786, 0.2786, 0.2786, 0.2786, 0.3534, 0.5705, 0.5705, 0.3534, 0.2786, 0.2786, 0.2786, 0.3366, 0.3366, 0.2786, 0.3534, 0.5705, 0.5705, 0.3534, 0.2786, 0.2786, 0.2786, 0.3366, 0.3366, 0.2786, 0.3534, 0.5705, 0.5705, 0.3534, 0.2786, 0.3366, 0.3366, 0.2786, 0.2786, 0.2786, 0.3534, 0.5705, 0.5705, 0.3534, 0.3534, 0.3534, 0.2786, 0.2786, 0.2786, 0.3366, 0.3366, 0.2786, 0.3534, 0.5705, 0.5705, 0.3534, 0.3534, 0.5705, 0.5705, 0.3534, 0.3534, 0.5705, 0.5705, 0.3534, 0.3534, 0.5705, 0.5705, 0.3534, 0.2786, 0.2786, 0.3534, 0.3534, 0.3534, 0.3534, 0.3534, 0.3534, 0.3534, 0.3534, 0.3534, 0.3534, 0.3534, 0.3534, 0.3534, 0.3534, 0.3534, 0.3534, 0.3534, 0.3534, 0.3534, 0.3534, 0.3873, 0.1681, 0.1681, 0.3873, 0.3873, 0.1681, 0.1681, 0.3873, 0.3873, 0.1681, 0.1681, 0.3873, 0.3873, 0.1681, 0.1681, 0.3873, 0.3873, 0.1681, 0.1681, 0.3873, 0.3873, 0.1681, 0.1681, 0.3873, 0.3873, 0.1681, 0.1681, 0.3873, 0.3873, 0.1681, 0.1681, 0.3873, 0.3873, 0.1681, 0.1681, 0.3873, 0.3873, 0.1681, 0.1681, 0.3873, 0.3873, 0.1681, 0.1681, 0.3873, 0.3873, 0.1681, 0.1681, 0.3873, 0.3873, 0.1681, 0.1681, 0.3873, 0.3873, 0.1681, 0.1681, 0.3873, 0.3873, 0.1681, 0.1681, 0.3873, 0.3873, 0.1681, 0.1681, 0.3873, 0.3873, 0.1681, 0.1681, 0.3873, 0.3873, 0.1681, 0.1681, 0.3873, 0.3873, 0.1681, 0.1681, 0.3873, 0.3873, 0.1681, 0.1681, 0.3873, 0.3873, 0.1681, 0.1681, 0.3873, 0.3873, 0.1681, 0.1681, 0.3873, 0.3873, 0.1681, 0.1681, 0.3873, 0.3873, 0.1681, 0.1681, 0.3873, 0.2786, 0.5398, 0.5398, 0.2786]","[0.0, 11.1805, 11.1805, 0.0, 0.0, 11.1805, 11.1805, 0.0, 0.0, 11.1805, 11.1805, 0.0, 0.0, 11.1805, 11.1805, 0.0, 0.0, 11.1805, 11.1805, 0.0, 0.0, 11.1805, 11.1805, 0.0, 0.0, 11.1805, 11.1805, 0.0, 0.0, 11.1805, 11.1805, 0.0, 0.0, 11.1805, 11.1805, 0.0, 0.0, 11.1805, 11.1805, 0.0, 0.0, 11.1805, 11.1805, 0.0, 0.0, 11.1805, 11.1805, 0.0, 0.0, 11.1805, 11.1805, 0.0, 0.0, 11.1805, 11.1805, 0.0, 0.0, 11.1805, 11.1805, 0.0, 0.0, 11.1805, 11.1805, 0.0, 0.0, 11.1805, 11.1805, 0.0, 0.0, 11.1805, 11.1805, 0.0, 0.0, 11.1805, 11.1805, 0.0, 0.0, 11.1805, 11.1805, 0.0, 0.0, 11.1805, 11.1805, 0.0, 0.0, 11.1805, 11.1805, 0.0, 0.0, 11.1805, 11.1805, 0.0, 0.0, 11.1805, 11.1805, 0.0, 0.0, 11.1805, 11.1805, 0.0, 0.0, 11.1805, 11.1805, 0.0, 0.0, 11.1805, 11.1805, 0.0, 11.6607, 0.0, 11.6607, 0.0, 11.6607, 0.0, 11.6607, 0.0, 17.0082, 0.0, 17.0082, 0.0, 17.0082, 0.0, 17.0082, 0.0, 17.0082, 0.0, 17.0082, 0.0, 17.0082, 0.0, 0.0, 23.9337, 23.9337, 0.0, 0.0, 23.9337, 23.9337, 0.0, 0.0, 23.9337, 23.9337, 0.0, 0.0, 23.9337, 23.9337, 0.0, 0.0, 23.9337, 23.9337, 0.0, 0.0, 23.9337, 23.9337, 0.0, 0.0, 23.9337, 23.9337, 0.0, 0.0, 23.9337, 23.9337, 0.0, 0.0, 23.9337, 23.9337, 0.0, 0.0, 23.9337, 23.9337, 0.0, 0.0, 23.9337, 23.9337, 0.0, 0.0, 23.9337, 23.9337, 0.0, 0.0, 23.9337, 23.9337, 0.0, 0.0, 29.7445, 29.7445, 0.0, 26.6078, 0.0, 26.6078, 0.0, 26.6078, 0.0, 26.6078, 0.0, 26.6078, 0.0, 26.6078, 0.0, 26.6078, 0.0, 26.6078, 0.0, 26.6078, 0.0, 11.6607, 0.0, 11.6607, 0.0, 11.6607, 0.0, 11.6607, 0.0, 11.6607, 0.0, 11.6607, 0.0, 11.6607, 0.0, 11.6607, 0.0, 11.6607, 0.0, 11.6607, 0.0, 11.6607, 0.0, 11.6607, 0.0, 11.6607, 0.0, 11.6607, 0.0, 11.6607, 0.0, 11.6607, 0.0, 11.6607, 0.0, 11.6607, 0.0, 11.6607, 0.0, 11.6607, 0.0, 13.2532, 0.0, 13.2532, 0.0, 13.2532, 0.0, 13.2532, 0.0, 13.2532, 0.0, 13.2532, 0.0, 13.2532, 0.0, 13.2532, 0.0, 13.2532, 0.0, 13.2532, 0.0, 13.2532, 0.0, 13.2532, 0.0, 13.2532, 0.0, 13.2532, 0.0, 13.2532, 0.0, 13.2532, 0.0, 13.2532, 0.0, 13.2532, 0.0, 13.2532, 0.0, 13.2532, 0.0, 13.2532, 0.0, 13.2532, 0.0, 13.2532, 0.0, 13.2532, 0.0, 13.2532, 0.0, 13.2532, 0.0, 0.0, 15.6327, 15.6327, 0.0, 0.0, 15.6327, 15.6327, 0.0, 0.0, 15.6327, 15.6327, 0.0, 0.0, 15.6327, 15.6327, 0.0, 0.0, 15.6327, 15.6327, 0.0, 0.0, 15.6327, 15.6327, 0.0, 0.0, 15.6327, 15.6327, 0.0, 0.0, 15.6327, 15.6327, 0.0, 0.0, 8.1315, 8.1315, 0.0, 0.0, 29.7445, 29.7445, 0.0, 0.0, 29.7445, 29.7445, 0.0, 0.0, 15.6327, 15.6327, 0.0, 0.0, 29.7445, 29.7445, 0.0, 0.0, 29.7445, 29.7445, 0.0, 0.0, 29.7445, 29.7445, 0.0, 0.0, 29.7445, 29.7445, 0.0, 0.0, 29.7445, 29.7445, 0.0, 26.6078, 0.0, 26.6078, 0.0, 26.6078, 0.0, 26.6078, 0.0, 0.0, 8.1315, 8.1315, 0.0, 26.6078, 0.0, 25.0202, 0.0, 0.0, 23.9337, 23.9337, 0.0, 25.0202, 0.0, 0.0, 34.5551, 34.5551, 0.0, 0.0, 29.7445, 29.7445, 0.0, 0.0, 34.5551, 34.5551, 0.0, 25.0202, 0.0, 0.0, 29.7445, 29.7445, 0.0, 13.2532, 0.0, 0.0, 15.6327, 15.6327, 0.0, 0.0, 15.6327, 15.6327, 0.0, 0.0, 15.6327, 15.6327, 0.0, 0.0, 15.6327, 15.6327, 0.0, 0.0, 15.6327, 15.6327, 0.0, 0.0, 15.6327, 15.6327, 0.0, 0.0, 15.6327, 15.6327, 0.0, 17.0082, 0.0, 0.0, 15.6327, 15.6327, 0.0, 0.0, 15.6327, 15.6327, 0.0, 0.0, 15.6327, 15.6327, 0.0, 0.0, 15.6327, 15.6327, 0.0, 0.0, 15.6327, 15.6327, 0.0, 0.0, 15.6327, 15.6327, 0.0, 0.0, 34.5551, 34.5551, 0.0, 0.0, 15.6327, 15.6327, 0.0, 0.0, 15.6327, 15.6327, 0.0, 0.0, 15.6327, 15.6327, 0.0, 0.0, 15.6327, 15.6327, 0.0, 0.0, 15.6327, 15.6327, 0.0, 0.0, 16.7888, 16.7888, 0.0, 0.0, 16.7888, 16.7888, 0.0, 0.0, 16.7888, 16.7888, 0.0, 0.0, 16.7888, 16.7888, 0.0, 0.0, 16.7888, 16.7888, 0.0, 0.0, 16.7888, 16.7888, 0.0, 0.0, 16.7888, 16.7888, 0.0, 0.0, 16.7888, 16.7888, 0.0, 0.0, 16.7888, 16.7888, 0.0, 0.0, 16.7888, 16.7888, 0.0, 0.0, 16.7888, 16.7888, 0.0, 0.0, 16.7888, 16.7888, 0.0, 0.0, 16.7888, 16.7888, 0.0, 0.0, 16.7888, 16.7888, 0.0, 0.0, 16.7888, 16.7888, 0.0, 0.0, 16.7888, 16.7888, 0.0, 0.0, 16.7888, 16.7888, 0.0, 0.0, 16.7888, 16.7888, 0.0, 0.0, 16.7888, 16.7888, 0.0, 0.0, 16.7888, 16.7888, 0.0, 0.0, 16.7888, 16.7888, 0.0, 0.0, 16.7888, 16.7888, 0.0, 0.0, 16.7888, 16.7888, 0.0, 0.0, 16.7888, 16.7888, 0.0, 0.0, 16.7888, 16.7888, 0.0, 0.0, 16.7888, 16.7888, 0.0, 0.0, 16.7888, 16.7888, 0.0, 17.0082, 0.0, 17.0082, 0.0, 17.0082, 0.0, 17.0082, 0.0, 17.0082, 0.0, 17.0082, 0.0, 17.0082, 0.0, 17.0082, 0.0, 17.0082, 0.0, 17.0082, 0.0, 17.0082, 0.0, 17.0082, 0.0, 17.0082, 0.0, 17.0082, 0.0, 17.0082, 0.0, 17.0082, 0.0, 17.0082, 0.0, 0.0, 23.9337, 23.9337, 0.0, 0.0, 23.9337, 23.9337, 0.0, 17.0082, 0.0, 17.0082, 0.0, 6.7958, 0.0, 0.0, 34.5551, 34.5551, 0.0, 0.0, 15.6327, 15.6327, 0.0, 25.0202, 0.0, 13.2532, 0.0, 26.6078, 0.0, 0.0, 8.1315, 8.1315, 0.0, 0.0, 23.9337, 23.9337, 0.0, 0.0, 23.9337, 23.9337, 0.0, 6.7958, 0.0, 11.6607, 0.0, 0.0, 16.7888, 16.7888, 0.0, 0.0, 34.5551, 34.5551, 0.0, 11.6607, 0.0, 11.6607, 0.0, 0.0, 29.7445, 29.7445, 0.0, 26.6078, 0.0, 0.0, 29.7445, 29.7445, 0.0, 11.6607, 0.0, 26.6078, 0.0, 0.0, 8.1315, 8.1315, 0.0, 0.0, 29.7445, 29.7445, 0.0, 26.6078, 0.0, 26.6078, 0.0, 26.6078, 0.0, 26.6078, 0.0, 26.6078, 0.0, 26.6078, 0.0, 26.6078, 0.0, 26.6078, 0.0, 26.6078, 0.0, 26.6078, 0.0, 26.6078, 0.0, 25.0202, 0.0, 25.0202, 0.0, 25.0202, 0.0, 25.0202, 0.0, 25.0202, 0.0, 25.0202, 0.0, 25.0202, 0.0, 25.0202, 0.0, 25.0202, 0.0, 25.0202, 0.0, 25.0202, 0.0, 25.0202, 0.0, 25.0202, 0.0, 25.0202, 0.0, 25.0202, 0.0, 25.0202, 0.0, 25.0202, 0.0, 25.0202, 0.0, 25.0202, 0.0, 25.0202, 0.0, 25.0202, 0.0, 25.0202, 0.0, 25.0202, 0.0, 25.0202, 0.0, 0.0, 23.9337, 23.9337, 0.0, 0.0, 23.9337, 23.9337, 0.0, 0.0, 23.9337, 23.9337, 0.0, 0.0, 29.7445, 29.7445, 0.0, 6.7958, 0.0, 0.0, 29.7445, 29.7445, 0.0, 4.6711, 0.0, 0.0, 29.7445, 29.7445, 0.0, 0.0, 34.5551, 34.5551, 0.0, 4.6711, 0.0, 6.7958, 0.0, 0.0, 23.9337, 23.9337, 0.0, 0.0, 29.7445, 29.7445, 0.0, 4.6711, 0.0, 0.0, 34.5551, 34.5551, 0.0, 4.6711, 0.0, 0.0, 29.7445, 29.7445, 0.0, 0.0, 34.5551, 34.5551, 0.0, 0.0, 34.5551, 34.5551, 0.0, 4.6711, 0.0, 4.6711, 0.0, 0.0, 34.5551, 34.5551, 0.0, 17.0082, 0.0, 0.0, 29.7445, 29.7445, 0.0, 6.7958, 0.0, 4.6711, 0.0, 0.0, 34.5551, 34.5551, 0.0, 4.6711, 0.0, 6.7958, 0.0, 4.6711, 0.0, 4.6711, 0.0, 0.0, 23.9337, 23.9337, 0.0, 4.6711, 0.0, 4.6711, 0.0, 4.6711, 0.0, 4.6711, 0.0, 4.6711, 0.0, 0.0, 34.5551, 34.5551, 0.0, 6.7958, 0.0, 0.0, 23.9337, 23.9337, 0.0, 6.7958, 0.0, 6.7958, 0.0, 6.7958, 0.0, 0.0, 34.5551, 34.5551, 0.0, 0.0, 34.5551, 34.5551, 0.0, 6.7958, 0.0, 4.6711, 0.0, 0.0, 29.7445, 29.7445, 0.0, 0.0, 29.7445, 29.7445, 0.0, 0.0, 34.5551, 34.5551, 0.0, 6.7958, 0.0, 4.6711, 0.0, 0.0, 34.5551, 34.5551, 0.0, 0.0, 34.5551, 34.5551, 0.0, 0.0, 34.5551, 34.5551, 0.0, 0.0, 23.9337, 23.9337, 0.0, 4.6711, 0.0, 0.0, 23.9337, 23.9337, 0.0, 0.0, 34.5551, 34.5551, 0.0, 6.7958, 0.0, 0.0, 29.7445, 29.7445, 0.0, 6.7958, 0.0, 4.6711, 0.0, 6.7958, 0.0, 0.0, 29.7445, 29.7445, 0.0, 0.0, 34.5551, 34.5551, 0.0, 6.7958, 0.0, 0.0, 29.7445, 29.7445, 0.0, 6.7958, 0.0, 0.0, 23.9337, 23.9337, 0.0, 4.6711, 0.0, 4.6711, 0.0, 0.0, 23.9337, 23.9337, 0.0, 4.6711, 0.0, 4.6711, 0.0, 0.0, 34.5551, 34.5551, 0.0, 4.6711, 0.0, 0.0, 29.7445, 29.7445, 0.0, 0.0, 34.5551, 34.5551, 0.0, 4.6711, 0.0, 0.0, 29.7445, 29.7445, 0.0, 0.0, 34.5551, 34.5551, 0.0, 0.0, 29.7445, 29.7445, 0.0, 4.6711, 0.0, 0.0, 34.5551, 34.5551, 0.0, 6.7958, 0.0, 4.6711, 0.0, 0.0, 29.7445, 29.7445, 0.0, 0.0, 34.5551, 34.5551, 0.0, 0.0, 34.5551, 34.5551, 0.0, 0.0, 34.5551, 34.5551, 0.0, 0.0, 34.5551, 34.5551, 0.0, 4.6711, 0.0, 6.7958, 0.0, 6.7958, 0.0, 6.7958, 0.0, 6.7958, 0.0, 6.7958, 0.0, 6.7958, 0.0, 6.7958, 0.0, 6.7958, 0.0, 6.7958, 0.0, 6.7958, 0.0, 0.0, 8.1315, 8.1315, 0.0, 0.0, 8.1315, 8.1315, 0.0, 0.0, 8.1315, 8.1315, 0.0, 0.0, 8.1315, 8.1315, 0.0, 0.0, 8.1315, 8.1315, 0.0, 0.0, 8.1315, 8.1315, 0.0, 0.0, 8.1315, 8.1315, 0.0, 0.0, 8.1315, 8.1315, 0.0, 0.0, 8.1315, 8.1315, 0.0, 0.0, 8.1315, 8.1315, 0.0, 0.0, 8.1315, 8.1315, 0.0, 0.0, 8.1315, 8.1315, 0.0, 0.0, 8.1315, 8.1315, 0.0, 0.0, 8.1315, 8.1315, 0.0, 0.0, 8.1315, 8.1315, 0.0, 0.0, 8.1315, 8.1315, 0.0, 0.0, 8.1315, 8.1315, 0.0, 0.0, 8.1315, 8.1315, 0.0, 0.0, 8.1315, 8.1315, 0.0, 0.0, 8.1315, 8.1315, 0.0, 0.0, 8.1315, 8.1315, 0.0, 0.0, 8.1315, 8.1315, 0.0, 0.0, 8.1315, 8.1315, 0.0, 0.0, 8.1315, 8.1315, 0.0, 0.0, 11.1805, 11.1805, 0.0]",success,
0.5,1000000000,1.3,15,392,2.7174,"[8, 0, 8, 0, 1, 0, 1, 0, 1, 0, 1, 0, 1, 0, 1, 0, 1, 0, 1, 0, 1, 0, 1, 0, 1, 0, 1, 0, 1, 0, 1, 0, 1, 0, 1, 0, 6, 2, 6, 0, 6, 2, 6, 0, 6, 2, 6, 0, 6, 2, 6, 0, 6, 2, 6, 0, 6, 2, 6, 0, 6, 2, 6, 0, 6, 2, 6, 0, 6, 2, 6, 0, 6, 2, 6, 0, 7, 14, 7, 0, 7, 14, 7, 0, 7, 14, 7, 0, 7, 14, 7, 0, 7, 14, 7, 0, 7, 14, 7, 0, 7, 14, 7, 0, 7, 14, 7, 0, 7, 14, 7, 0, 7, 14, 7, 0, 7, 14, 7, 0, 7, 14, 7, 0, 7, 14, 7, 0, 7, 14, 7, 0, 7, 14, 7, 0, 7, 14, 7, 0, 7, 14, 7, 0, 7, 14, 7, 0, 7, 14, 7, 0, 7, 14, 7, 0, 7, 14, 7, 0, 7, 14, 7, 0, 7, 14, 7, 0, 7, 14, 7, 0, 7, 14, 7, 0, 7, 14, 7, 0, 7, 14, 7, 0, 7, 14, 7, 0, 6, 5, 6, 0, 6, 5, 6, 0, 6, 5, 6, 0, 6, 5, 6, 0, 6, 5, 6, 0, 6, 5, 6, 0, 6, 5, 6, 0, 6, 5, 6, 0, 6, 5, 6, 0, 6, 5, 6, 0, 6, 5, 6, 0, 6, 5, 6, 0, 6, 5, 6, 0, 6, 5, 6, 0, 6, 5, 6, 0, 6, 5, 6, 0, 6, 5, 6, 0, 6, 5, 6, 0, 6, 5, 6, 0, 6, 5, 6, 0, 6, 5, 6, 0, 6, 5, 6, 0, 6, 5, 6, 0, 6, 5, 6, 0, 6, 5, 6, 0, 6, 5, 6, 0, 6, 5, 6, 0, 6, 5, 6, 0, 3, 11, 3, 0, 3, 11, 3, 0, 3, 11, 3, 0, 3, 11, 3, 0, 3, 11, 3, 0, 3, 11, 3, 0, 3, 11, 3, 0, 3, 11, 3, 0, 3, 11, 3, 0, 3, 11, 3, 0, 3, 11, 3, 0, 3, 11, 3, 0, 3, 11, 3, 0, 3, 11, 3, 0, 3, 11, 3, 0, 3, 11, 3, 0, 3, 11, 3, 0, 3, 11, 3, 0, 3, 11, 3, 0, 3, 11, 3, 0, 3, 11, 3, 0, 3, 11, 3, 0, 3, 11, 3, 0, 3, 11, 3, 0, 3, 11, 3, 0, 3, 11, 3, 0, 3, 11, 3, 0, 3, 11, 3, 0, 7, 10, 7, 0, 7, 10, 7, 0, 7, 10, 7, 0, 7, 10, 7, 0, 7, 10, 7, 0, 7, 10, 7, 0, 7, 10, 7, 0, 7, 10, 7, 0, 7, 10, 7, 0, 7, 10, 7, 0, 7, 10, 7, 0, 7, 10, 7, 0, 7, 10, 7, 0, 7, 10, 7, 0, 7, 10, 7, 0, 7, 10, 7, 0, 7, 10, 7, 0, 7, 10, 7, 0, 7, 10, 7, 0, 7, 10, 7, 0, 7, 10, 7, 0, 7, 10, 7, 0, 7, 10, 7, 0, 7, 10, 7, 0, 7, 10, 7, 0, 7, 10, 7, 0, 7, 10, 7, 0, 7, 10, 7, 0, 7, 12, 7, 0, 7, 12, 7, 0, 7, 12, 7, 0, 7, 12, 7, 0, 7, 12, 7, 0, 7, 12, 7, 0, 7, 12, 7, 0, 7, 12, 7, 0, 7, 12, 7, 0, 7, 12, 7, 0, 7, 12, 7, 0, 7, 12, 7, 0, 7, 12, 7, 0, 7, 12, 7, 0, 7, 12, 7, 0, 7, 12, 7, 0, 7, 12, 7, 0, 7, 12, 7, 0, 7, 12, 7, 0, 7, 12, 7, 0, 7, 12, 7, 0, 7, 12, 7, 0, 7, 12, 7, 0, 7, 12, 7, 0, 7, 12, 7, 0, 7, 12, 7, 0, 7, 12, 7, 0, 7, 12, 7, 0, 3, 9, 3, 0, 3, 9, 3, 0, 3, 9, 3, 0, 3, 9, 3, 0, 3, 9, 3, 0, 3, 9, 3, 0, 3, 9, 3, 0, 3, 9, 3, 0, 3, 9, 3, 0, 3, 9, 3, 0, 3, 9, 3, 0, 3, 9, 3, 0, 3, 9, 3, 0, 3, 9, 3, 0, 3, 9, 3, 0, 3, 9, 3, 0, 3, 9, 3, 0, 3, 9, 3, 0, 3, 9, 3, 0, 3, 9, 3, 0, 3, 9, 3, 0, 3, 9, 3, 0, 3, 9, 3, 0, 3, 9, 3, 0, 3, 9, 3, 0, 3, 9, 3, 0, 3, 9, 3, 0, 3, 9, 3, 0, 13, 0, 13, 0, 13, 0, 13, 0, 13, 0, 13, 0, 13, 0, 13, 0, 13, 0, 13, 0, 13, 0, 13, 0, 13, 0, 13, 0, 13, 0, 13, 0, 1, 0, 1, 0, 1, 0, 1, 0, 1, 0, 1, 0, 1, 0, 1, 0, 1, 0, 1, 0, 1, 0, 1, 0, 3, 0, 3, 0, 3, 0, 3, 0, 3, 0, 3, 0, 3, 0, 3, 0, 3, 0, 3, 0, 3, 0, 3, 0, 3, 0, 3, 0, 3, 0, 3, 0, 3, 0, 3, 0, 3, 0, 3, 0, 3, 0, 3, 0, 3, 0, 3, 0, 3, 0, 3, 0, 3, 0, 3, 0, 6, 0, 6, 0, 6, 0, 6, 0, 6, 0, 6, 0, 6, 0, 6, 0, 6, 0, 6, 0, 6, 0, 6, 0, 6, 0, 6, 0, 6, 0, 6, 0, 6, 0, 6, 0, 6, 0, 6, 0, 6, 0, 6, 0, 6, 0, 6, 0, 6, 0, 6, 0, 6, 0, 6, 0, 6, 2, 6, 0, 6, 2, 6, 0, 6, 2, 6, 0, 6, 2, 6, 0, 6, 2, 6, 0, 6, 2, 6, 0, 6, 2, 6, 0, 6, 2, 6, 0, 6, 2, 6, 0, 6, 2, 6, 0, 6, 2, 6, 0, 6, 2, 6, 0, 6, 2, 6, 0, 6, 2, 6, 0, 6, 2, 6, 0, 6, 2, 6, 0, 6, 2, 6, 0, 6, 2, 6, 0, 4, 0, 4, 0, 4, 0, 4, 0, 4, 0, 4, 0, 4, 0, 4, 0, 4, 0, 4, 0, 4, 0, 4, 0, 4, 0, 4, 0, 4, 0, 4, 0, 4, 0, 4, 0, 4, 0, 4, 0, 4, 0, 4, 0, 4, 0, 4, 0, 4, 0, 4, 0, 4, 0, 4, 0, 7, 0, 7, 0, 7, 0, 7, 0, 7, 0, 7, 0, 7, 0, 7, 0, 7, 0, 7, 0, 7, 0, 7, 0, 7, 0, 7, 0, 7, 0, 7, 0, 7, 0, 7, 0, 7, 0, 7, 0, 7, 0, 7, 0, 7, 0, 7, 0, 7, 0, 7, 0, 7, 0, 7, 0, 13, 0, 13, 0, 13, 0, 13, 0, 13, 0, 13, 0, 13, 0, 13, 0, 13, 0, 13, 0, 13, 0, 13, 0, 8, 0, 8, 0, 8, 0, 8, 0, 8, 0, 8, 0, 8, 0, 8, 0, 8, 0, 8, 0, 8, 0, 8, 0, 8, 0, 8, 0, 8, 0, 8, 0, 8, 0, 8, 0, 8, 0, 8, 0, 8, 0, 8, 0, 8, 0, 8, 0, 8, 0, 8, 0]","[0.4396, 0.4396, 0.4396, 0.4093, 0.4093, 0.4093, 0.4093, 0.4093, 0.4093, 0.4093, 0.4093, 0.4093, 0.4093, 0.4093, 0.4093, 0.4093, 0.4093, 0.4093, 0.4093, 0.4093, 0.4093, 0.4093, 0.4093, 0.4093, 0.4093, 0.4093, 0.4093, 0.4093, 0.4093, 0.4093, 0.4093, 0.4093, 0.4093, 0.4093, 0.4093, 0.3534, 0.5705, 0.5705, 0.3534, 0.3534, 0.5705, 0.5705, 0.3534, 0.3534, 0.5705, 0.5705, 0.3534, 0.3534, 0.5705, 0.5705, 0.3534, 0.3534, 0.5705, 0.5705, 0.3534, 0.3534, 0.5705, 0.5705, 0.3534, 0.3534, 0.5705, 0.5705, 0.3534, 0.3534, 0.5705, 0.5705, 0.3534, 0.3534, 0.5705, 0.5705, 0.3534, 0.3534, 0.5705, 0.5705, 0.3534, 0.2786, 0.5398, 0.5398, 0.2786, 0.2786, 0.5398, 0.5398, 0.2786, 0.2786, 0.5398, 0.5398, 0.2786, 0.2786, 0.5398, 0.5398, 0.2786, 0.2786, 0.5398, 0.5398, 0.2786, 0.2786, 0.5398, 0.5398, 0.2786, 0.2786, 0.5398, 0.5398, 0.2786, 0.2786, 0.5398, 0.5398, 0.2786, 0.2786, 0.5398, 0.5398, 0.2786, 0.2786, 0.5398, 0.5398, 0.2786, 0.2786, 0.5398, 0.5398, 0.2786, 0.2786, 0.5398, 0.5398, 0.2786, 0.2786, 0.5398, 0.5398, 0.2786, 0.2786, 0.5398, 0.5398, 0.2786, 0.2786, 0.5398, 0.5398, 0.2786, 0.2786, 0.5398, 0.5398, 0.2786, 0.2786, 0.5398, 0.5398, 0.2786, 0.2786, 0.5398, 0.5398, 0.2786, 0.2786, 0.5398, 0.5398, 0.2786, 0.2786, 0.5398, 0.5398, 0.2786, 0.2786, 0.5398, 0.5398, 0.2786, 0.2786, 0.5398, 0.5398, 0.2786, 0.2786, 0.5398, 0.5398, 0.2786, 0.2786, 0.5398, 0.5398, 0.2786, 0.2786, 0.5398, 0.5398, 0.2786, 0.2786, 0.5398, 0.5398, 0.2786, 0.2786, 0.5398, 0.5398, 0.2786, 0.2786, 0.5398, 0.5398, 0.2786, 0.3534, 0.2922, 0.2922, 0.3534, 0.3534, 0.2922, 0.2922, 0.3534, 0.3534, 0.2922, 0.2922, 0.3534, 0.3534, 0.2922, 0.2922, 0.3534, 0.3534, 0.2922, 0.2922, 0.3534, 0.3534, 0.2922, 0.2922, 0.3534, 0.3534, 0.2922, 0.2922, 0.3534, 0.3534, 0.2922, 0.2922, 0.3534, 0.3534, 0.2922, 0.2922, 0.3534, 0.3534, 0.2922, 0.2922, 0.3534, 0.3534, 0.2922, 0.2922, 0.3534, 0.3534, 0.2922, 0.2922, 0.3534, 0.3534, 0.2922, 0.2922, 0.3534, 0.3534, 0.2922, 0.2922, 0.3534, 0.3534, 0.2922, 0.2922, 0.3534, 0.3534, 0.2922, 0.2922, 0.3534, 0.3534, 0.2922, 0.2922, 0.3534, 0.3534, 0.2922, 0.2922, 0.3534, 0.3534, 0.2922, 0.2922, 0.3534, 0.3534, 0.2922, 0.2922, 0.3534, 0.3534, 0.2922, 0.2922, 0.3534, 0.3534, 0.2922, 0.2922, 0.3534, 0.3534, 0.2922, 0.2922, 0.3534, 0.3534, 0.2922, 0.2922, 0.3534, 0.3534, 0.2922, 0.2922, 0.3534, 0.3534, 0.2922, 0.2922, 0.3534, 0.3534, 0.2922, 0.2922, 0.3534, 0.3534, 0.2922, 0.2922, 0.3534, 0.3873, 0.2353, 0.2353, 0.3873, 0.3873, 0.2353, 0.2353, 0.3873, 0.3873, 0.2353, 0.2353, 0.3873, 0.3873, 0.2353, 0.2353, 0.3873, 0.3873, 0.2353, 0.2353, 0.3873, 0.3873, 0.2353, 0.2353, 0.3873, 0.3873, 0.2353, 0.2353, 0.3873, 0.3873, 0.2353, 0.2353, 0.3873, 0.3873, 0.2353, 0.2353, 0.3873, 0.3873, 0.2353, 0.2353, 0.3873, 0.3873, 0.2353, 0.2353, 0.3873, 0.3873, 0.2353, 0.2353, 0.3873, 0.3873, 0.2353, 0.2353, 0.3873, 0.3873, 0.2353, 0.2353, 0.3873, 0.3873, 0.2353, 0.2353, 0.3873, 0.3873, 0.2353, 0.2353, 0.3873, 0.3873, 0.2353, 0.2353, 0.3873, 0.3873, 0.2353, 0.2353, 0.3873, 0.3873, 0.2353, 0.2353, 0.3873, 0.3873, 0.2353, 0.2353, 0.3873, 0.3873, 0.2353, 0.2353, 0.3873, 0.3873, 0.2353, 0.2353, 0.3873, 0.3873, 0.2353, 0.2353, 0.3873, 0.3873, 0.2353, 0.2353, 0.3873, 0.3873, 0.2353, 0.2353, 0.3873, 0.3873, 0.2353, 0.2353, 0.3873, 0.3873, 0.2353, 0.2353, 0.3873, 0.3873, 0.2353, 0.2353, 0.3873, 0.2786, 0.3394, 0.3394, 0.2786, 0.2786, 0.3394, 0.3394, 0.2786, 0.2786, 0.3394, 0.3394, 0.2786, 0.2786, 0.3394, 0.3394, 0.2786, 0.2786, 0.3394, 0.3394, 0.2786, 0.2786, 0.3394, 0.3394, 0.2786, 0.2786, 0.3394, 0.3394, 0.2786, 0.2786, 0.3394, 0.3394, 0.2786, 0.2786, 0.3394, 0.3394, 0.2786, 0.2786, 0.3394, 0.3394, 0.2786, 0.2786, 0.3394, 0.3394, 0.2786, 0.2786, 0.3394, 0.3394, 0.2786, 0.2786, 0.3394, 0.3394, 0.2786, 0.2786, 0.3394, 0.3394, 0.2786, 0.2786, 0.3394, 0.3394, 0.2786, 0.2786, 0.3394, 0.3394, 0.2786, 0.2786, 0.3394, 0.3394, 0.2786, 0.2786, 0.3394, 0.3394, 0.2786, 0.2786, 0.3394, 0.3394, 0.2786, 0.2786, 0.3394, 0.3394, 0.2786, 0.2786, 0.3394, 0.3394, 0.2786, 0.2786, 0.3394, 0.3394, 0.2786, 0.2786, 0.3394, 0.3394, 0.2786, 0.2786, 0.3394, 0.3394, 0.2786, 0.2786, 0.3394, 0.3394, 0.2786, 0.2786, 0.3394, 0.3394, 0.2786, 0.2786, 0.3394, 0.3394, 0.2786, 0.2786, 0.3394, 0.3394, 0.2786, 0.2786, 0.3366, 0.3366, 0.2786, 0.2786, 0.3366, 0.3366, 0.2786, 0.2786, 0.3366, 0.3366, 0.2786, 0.2786, 0.3366, 0.3366, 0.2786, 0.2786, 0.3366, 0.3366, 0.2786, 0.2786, 0.3366, 0.3366, 0.2786, 0.2786, 0.3366, 0.3366, 0.2786, 0.2786, 0.3366, 0.3366, 0.2786, 0.2786, 0.3366, 0.3366, 0.2786, 0.2786, 0.3366, 0.3366, 0.2786, 0.2786, 0.3366, 0.3366, 0.2786, 0.2786, 0.3366, 0.3366, 0.2786, 0.2786, 0.3366, 0.3366, 0.2786, 0.2786, 0.3366, 0.3366, 0.2786, 0.2786, 0.3366, 0.3366, 0.2786, 0.2786, 0.3366, 0.3366, 0.2786, 0.2786, 0.3366, 0.3366, 0.2786, 0.2786, 0.3366, 0.3366, 0.2786, 0.2786, 0.3366, 0.3366, 0.2786, 0.2786, 0.3366, 0.3366, 0.2786, 0.2786, 0.3366, 0.3366, 0.2786, 0.2786, 0.3366, 0.3366, 0.2786, 0.2786, 0.3366, 0.3366, 0.2786, 0.2786, 0.3366, 0.3366, 0.2786, 0.2786, 0.3366, 0.3366, 0.2786, 0.2786, 0.3366, 0.3366, 0.2786, 0.2786, 0.3366, 0.3366, 0.2786, 0.2786, 0.3366, 0.3366, 0.2786, 0.3873, 0.1681, 0.1681, 0.3873, 0.3873, 0.1681, 0.1681, 0.3873, 0.3873, 0.1681, 0.1681, 0.3873, 0.3873, 0.1681, 0.1681, 0.3873, 0.3873, 0.1681, 0.1681, 0.3873, 0.3873, 0.1681, 0.1681, 0.3873, 0.3873, 0.1681, 0.1681, 0.3873, 0.3873, 0.1681, 0.1681, 0.3873, 0.3873, 0.1681, 0.1681, 0.3873, 0.3873, 0.1681, 0.1681, 0.3873, 0.3873, 0.1681, 0.1681, 0.3873, 0.3873, 0.1681, 0.1681, 0.3873, 0.3873, 0.1681, 0.1681, 0.3873, 0.3873, 0.1681, 0.1681, 0.3873, 0.3873, 0.1681, 0.1681, 0.3873, 0.3873, 0.1681, 0.1681, 0.3873, 0.3873, 0.1681, 0.1681, 0.3873, 0.3873, 0.1681, 0.1681, 0.3873, 0.3873, 0.1681, 0.1681, 0.3873, 0.3873, 0.1681, 0.1681, 0.3873, 0.3873, 0.1681, 0.1681, 0.3873, 0.3873, 0.1681, 0.1681, 0.3873, 0.3873, 0.1681, 0.1681, 0.3873, 0.3873, 0.1681, 0.1681, 0.3873, 0.3873, 0.1681, 0.1681, 0.3873, 0.3873, 0.1681, 0.1681, 0.3873, 0.3873, 0.1681, 0.1681, 0.3873, 0.3873, 0.1681, 0.1681, 0.3873, 0.4574, 0.4574, 0.4574, 0.4574, 0.4574, 0.4574, 0.4574, 0.4574, 0.4574, 0.4574, 0.4574, 0.4574, 0.4574, 0.4574, 0.4574, 0.4574, 0.4574, 0.4574, 0.4574, 0.4574, 0.4574, 0.4574, 0.4574, 0.4574, 0.4574, 0.4574, 0.4574, 0.4574, 0.4574, 0.4574, 0.4574, 0.4574, 0.4093, 0.4093, 0.4093, 0.4093, 0.4093, 0.4093, 0.4093, 0.4093, 0.4093, 0.4093, 0.4093, 0.4093, 0.4093, 0.4093, 0.4093, 0.4093, 0.4093, 0.4093, 0.4093, 0.4093, 0.4093, 0.4093, 0.4093, 0.4093, 0.3873, 0.3873, 0.3873, 0.3873, 0.3873, 0.3873, 0.3873, 0.3873, 0.3873, 0.3873, 0.3873, 0.3873, 0.3873, 0.3873, 0.3873, 0.3873, 0.3873, 0.3873, 0.3873, 0.3873, 0.3873, 0.3873, 0.3873, 0.3873, 0.3873, 0.3873, 0.3873, 0.3873, 0.3873, 0.3873, 0.3873, 0.3873, 0.3873, 0.3873, 0.3873, 0.3873, 0.3873, 0.3873, 0.3873, 0.3873, 0.3873, 0.3873, 0.3873, 0.3873, 0.3873, 0.3873, 0.3873, 0.3873, 0.3873, 0.3873, 0.3873, 0.3873, 0.3873, 0.3873, 0.3873, 0.3873, 0.3534, 0.3534, 0.3534, 0.3534, 0.3534, 0.3534, 0.3534, 0.3534, 0.3534, 0.3534, 0.3534, 0.3534, 0.3534, 0.3534, 0.3534, 0.3534, 0.3534, 0.3534, 0.3534, 0.3534, 0.3534, 0.3534, 0.3534, 0.3534, 0.3534, 0.3534, 0.3534, 0.3534, 0.3534, 0.3534, 0.3534, 0.3534, 0.3534, 0.3534, 0.3534, 0.3534, 0.3534, 0.3534, 0.3534, 0.3534, 0.3534, 0.3534, 0.3534, 0.3534, 0.3534, 0.3534, 0.3534, 0.3534, 0.3534, 0.3534, 0.3534, 0.3534, 0.3534, 0.3534, 0.3534, 0.3534, 0.3534, 0.5705, 0.5705, 0.3534, 0.3534, 0.5705, 0.5705, 0.3534, 0.3534, 0.5705, 0.5705, 0.3534, 0.3534, 0.5705, 0.5705, 0.3534, 0.3534, 0.5705, 0.5705, 0.3534, 0.3534, 0.5705, 0.5705, 0.3534, 0.3534, 0.5705, 0.5705, 0.3534, 0.3534, 0.5705, 0.5705, 0.3534, 0.3534, 0.5705, 0.5705, 0.3534, 0.3534, 0.5705, 0.5705, 0.3534, 0.3534, 0.5705, 0.5705, 0.3534, 0.3534, 0.5705, 0.5705, 0.3534, 0.3534, 0.5705, 0.5705, 0.3534, 0.3534, 0.5705, 0.5705, 0.3534, 0.3534, 0.5705, 0.5705, 0.3534, 0.3534, 0.5705, 0.5705, 0.3534, 0.3534, 0.5705, 0.5705, 0.3534, 0.3534, 0.5705, 0.5705, 0.3534, 0.3752, 0.3752, 0.3752, 0.3752, 0.3752, 0.3752, 0.3752, 0.3752, 0.3752, 0.3752, 0.3752, 0.3752, 0.3752, 0.3752, 0.3752, 0.3752, 0.3752, 0.3752, 0.3752, 0.3752, 0.3752, 0.3752, 0.3752, 0.3752, 0.3752, 0.3752, 0.3752, 0.3752, 0.3752, 0.3752, 0.3752, 0.3752, 0.3752, 0.3752, 0.3752, 0.3752, 0.3752, 0.3752, 0.3752, 0.3752, 0.3752, 0.3752, 0.3752, 0.3752, 0.3752, 0.3752, 0.3752, 0.3752, 0.3752, 0.3752, 0.3752, 0.3752, 0.3752, 0.3752, 0.3752, 0.3752, 0.2786, 0.2786, 0.2786, 0.2786, 0.2786, 0.2786, 0.2786, 0.2786, 0.2786, 0.2786, 0.2786, 0.2786, 0.2786, 0.2786, 0.2786, 0.2786, 0.2786, 0.2786, 0.2786, 0.2786, 0.2786, 0.2786, 0.2786, 0.2786, 0.2786, 0.2786, 0.2786, 0.2786, 0.2786, 0.2786, 0.2786, 0.2786, 0.2786, 0.2786, 0.2786, 0.2786, 0.2786, 0.2786, 0.2786, 0.2786, 0.2786, 0.2786, 0.2786, 0.2786, 0.2786, 0.2786, 0.2786, 0.2786, 0.2786, 0.2786, 0.2786, 0.2786, 0.2786, 0.2786, 0.2786, 0.2786, 0.4574, 0.4574, 0.4574, 0.4574, 0.4574, 0.4574, 0.4574, 0.4574, 0.4574, 0.4574, 0.4574, 0.4574, 0.4574, 0.4574, 0.4574, 0.4574, 0.4574, 0.4574, 0.4574, 0.4574, 0.4574, 0.4574, 0.4574, 0.4574, 0.4396, 0.4396, 0.4396, 0.4396, 0.4396, 0.4396, 0.4396, 0.4396, 0.4396, 0.4396, 0.4396, 0.4396, 0.4396, 0.4396, 0.4396, 0.4396, 0.4396, 0.4396, 0.4396, 0.4396, 0.4396, 0.4396, 0.4396, 0.4396, 0.4396, 0.4396, 0.4396, 0.4396, 0.4396, 0.4396, 0.4396, 0.4396, 0.4396, 0.4396, 0.4396, 0.4396, 0.4396, 0.4396, 0.4396, 0.4396, 0.4396, 0.4396, 0.4396, 0.4396, 0.4396, 0.4396, 0.4396, 0.4396, 0.4396, 0.4396, 0.4396, 0.4396]","[17.0082, 0.0, 17.0082, 0.0, 26.6078, 0.0, 26.6078, 0.0, 26.6078, 0.0, 26.6078, 0.0, 26.6078, 0.0, 26.6078, 0.0, 26.6078, 0.0, 26.6078, 0.0, 26.6078, 0.0, 26.6078, 0.0, 26.6078, 0.0, 26.6078, 0.0, 26.6078, 0.0, 26.6078, 0.0, 26.6078, 0.0, 26.6078, 0.0, 0.0, 34.5551, 34.5551, 0.0, 0.0, 34.5551, 34.5551, 0.0, 0.0, 34.5551, 34.5551, 0.0, 0.0, 34.5551, 34.5551, 0.0, 0.0, 34.5551, 34.5551, 0.0, 0.0, 34.5551, 34.5551, 0.0, 0.0, 34.5551, 34.5551, 0.0, 0.0, 34.5551, 34.5551, 0.0, 0.0, 34.5551, 34.5551, 0.0, 0.0, 34.5551, 34.5551, 0.0, 0.0, 11.1805, 11.1805, 0.0, 0.0, 11.1805, 11.1805, 0.0, 0.0, 11.1805, 11.1805, 0.0, 0.0, 11.1805, 11.1805, 0.0, 0.0, 11.1805, 11.1805, 0.0, 0.0, 11.1805, 11.1805, 0.0, 0.0, 11.1805, 11.1805, 0.0, 0.0, 11.1805, 11.1805, 0.0, 0.0, 11.1805, 11.1805, 0.0, 0.0, 11.1805, 11.1805, 0.0, 0.0, 11.1805, 11.1805, 0.0, 0.0, 11.1805, 11.1805, 0.0, 0.0, 11.1805, 11.1805, 0.0, 0.0, 11.1805, 11.1805, 0.0, 0.0, 11.1805, 11.1805, 0.0, 0.0, 11.1805, 11.1805, 0.0, 0.0, 11.1805, 11.1805, 0.0, 0.0, 11.1805, 11.1805, 0.0, 0.0, 11.1805, 11.1805, 0.0, 0.0, 11.1805, 11.1805, 0.0, 0.0, 11.1805, 11.1805, 0.0, 0.0, 11.1805, 11.1805, 0.0, 0.0, 11.1805, 11.1805, 0.0, 0.0, 11.1805, 11.1805, 0.0, 0.0, 11.1805, 11.1805, 0.0, 0.0, 11.1805, 11.1805, 0.0, 0.0, 11.1805, 11.1805, 0.0, 0.0, 11.1805, 11.1805, 0.0, 0.0, 16.7888, 16.7888, 0.0, 0.0, 16.7888, 16.7888, 0.0, 0.0, 16.7888, 16.7888, 0.0, 0.0, 16.7888, 16.7888, 0.0, 0.0, 16.7888, 16.7888, 0.0, 0.0, 16.7888, 16.7888, 0.0, 0.0, 16.7888, 16.7888, 0.0, 0.0, 16.7888, 16.7888, 0.0, 0.0, 16.7888, 16.7888, 0.0, 0.0, 16.7888, 16.7888, 0.0, 0.0, 16.7888, 16.7888, 0.0, 0.0, 16.7888, 16.7888, 0.0, 0.0, 16.7888, 16.7888, 0.0, 0.0, 16.7888, 16.7888, 0.0, 0.0, 16.7888, 16.7888, 0.0, 0.0, 16.7888, 16.7888, 0.0, 0.0, 16.7888, 16.7888, 0.0, 0.0, 16.7888, 16.7888, 0.0, 0.0, 16.7888, 16.7888, 0.0, 0.0, 16.7888, 16.7888, 0.0, 0.0, 16.7888, 16.7888, 0.0, 0.0, 16.7888, 16.7888, 0.0, 0.0, 16.7888, 16.7888, 0.0, 0.0, 16.7888, 16.7888, 0.0, 0.0, 16.7888, 16.7888, 0.0, 0.0, 16.7888, 16.7888, 0.0, 0.0, 16.7888, 16.7888, 0.0, 0.0, 16.7888, 16.7888, 0.0, 0.0, 15.6327, 15.6327, 0.0, 0.0, 15.6327, 15.6327, 0.0, 0.0, 15.6327, 15.6327, 0.0, 0.0, 15.6327, 15.6327, 0.0, 0.0, 15.6327, 15.6327, 0.0, 0.0, 15.6327, 15.6327, 0.0, 0.0, 15.6327, 15.6327, 0.0, 0.0, 15.6327, 15.6327, 0.0, 0.0, 15.6327, 15.6327, 0.0, 0.0, 15.6327, 15.6327, 0.0, 0.0, 15.6327, 15.6327, 0.0, 0.0, 15.6327, 15.6327, 0.0, 0.0, 15.6327, 15.6327, 0.0, 0.0, 15.6327, 15.6327, 0.0, 0.0, 15.6327, 15.6327, 0.0, 0.0, 15.6327, 15.6327, 0.0, 0.0, 15.6327, 15.6327, 0.0, 0.0, 15.6327, 15.6327, 0.0, 0.0, 15.6327, 15.6327, 0.0, 0.0, 15.6327, 15.6327, 0.0, 0.0, 15.6327, 15.6327, 0.0, 0.0, 15.6327, 15.6327, 0.0, 0.0, 15.6327, 15.6327, 0.0, 0.0, 15.6327, 15.6327, 0.0, 0.0, 15.6327, 15.6327, 0.0, 0.0, 15.6327, 15.6327, 0.0, 0.0, 15.6327, 15.6327, 0.0, 0.0, 15.6327, 15.6327, 0.0, 0.0, 23.9337, 23.9337, 0.0, 0.0, 23.9337, 23.9337, 0.0, 0.0, 23.9337, 23.9337, 0.0, 0.0, 23.9337, 23.9337, 0.0, 0.0, 23.9337, 23.9337, 0.0, 0.0, 23.9337, 23.9337, 0.0, 0.0, 23.9337, 23.9337, 0.0, 0.0, 23.9337, 23.9337, 0.0, 0.0, 23.9337, 23.9337, 0.0, 0.0, 23.9337, 23.9337, 0.0, 0.0, 23.9337, 23.9337, 0.0, 0.0, 23.9337, 23.9337, 0.0, 0.0, 23.9337, 23.9337, 0.0, 0.0, 23.9337, 23.9337, 0.0, 0.0, 23.9337, 23.9337, 0.0, 0.0, 23.9337, 23.9337, 0.0, 0.0, 23.9337, 23.9337, 0.0, 0.0, 23.9337, 23.9337, 0.0, 0.0, 23.9337, 23.9337, 0.0, 0.0, 23.9337, 23.9337, 0.0, 0.0, 23.9337, 23.9337, 0.0, 0.0, 23.9337, 23.9337, 0.0, 0.0, 23.9337, 23.9337, 0.0, 0.0, 23.9337, 23.9337, 0.0, 0.0, 23.9337, 23.9337, 0.0, 0.0, 23.9337, 23.9337, 0.0, 0.0, 23.9337, 23.9337, 0.0, 0.0, 23.9337, 23.9337, 0.0, 0.0, 29.7445, 29.7445, 0.0, 0.0, 29.7445, 29.7445, 0.0, 0.0, 29.7445, 29.7445, 0.0, 0.0, 29.7445, 29.7445, 0.0, 0.0, 29.7445, 29.7445, 0.0, 0.0, 29.7445, 29.7445, 0.0, 0.0, 29.7445, 29.7445, 0.0, 0.0, 29.7445, 29.7445, 0.0, 0.0, 29.7445, 29.7445, 0.0, 0.0, 29.7445, 29.7445, 0.0, 0.0, 29.7445, 29.7445, 0.0, 0.0, 29.7445, 29.7445, 0.0, 0.0, 29.7445, 29.7445, 0.0, 0.0, 29.7445, 29.7445, 0.0, 0.0, 29.7445, 29.7445, 0.0, 0.0, 29.7445, 29.7445, 0.0, 0.0, 29.7445, 29.7445, 0.0, 0.0, 29.7445, 29.7445, 0.0, 0.0, 29.7445, 29.7445, 0.0, 0.0, 29.7445, 29.7445, 0.0, 0.0, 29.7445, 29.7445, 0.0, 0.0, 29.7445, 29.7445, 0.0, 0.0, 29.7445, 29.7445, 0.0, 0.0, 29.7445, 29.7445, 0.0, 0.0, 29.7445, 29.7445, 0.0, 0.0, 29.7445, 29.7445, 0.0, 0.0, 29.7445, 29.7445, 0.0, 0.0, 29.7445, 29.7445, 0.0, 0.0, 8.1315, 8.1315, 0.0, 0.0, 8.1315, 8.1315, 0.0, 0.0, 8.1315, 8.1315, 0.0, 0.0, 8.1315, 8.1315, 0.0, 0.0, 8.1315, 8.1315, 0.0, 0.0, 8.1315, 8.1315, 0.0, 0.0, 8.1315, 8.1315, 0.0, 0.0, 8.1315, 8.1315, 0.0, 0.0, 8.1315, 8.1315, 0.0, 0.0, 8.1315, 8.1315, 0.0, 0.0, 8.1315, 8.1315, 0.0, 0.0, 8.1315, 8.1315, 0.0, 0.0, 8.1315, 8.1315, 0.0, 0.0, 8.1315, 8.1315, 0.0, 0.0, 8.1315, 8.1315, 0.0, 0.0, 8.1315, 8.1315, 0.0, 0.0, 8.1315, 8.1315, 0.0, 0.0, 8.1315, 8.1315, 0.0, 0.0, 8.1315, 8.1315, 0.0, 0.0, 8.1315, 8.1315, 0.0, 0.0, 8.1315, 8.1315, 0.0, 0.0, 8.1315, 8.1315, 0.0, 0.0, 8.1315, 8.1315, 0.0, 0.0, 8.1315, 8.1315, 0.0, 0.0, 8.1315, 8.1315, 0.0, 0.0, 8.1315, 8.1315, 0.0, 0.0, 8.1315, 8.1315, 0.0, 0.0, 8.1315, 8.1315, 0.0, 25.0202, 0.0, 25.0202, 0.0, 25.0202, 0.0, 25.0202, 0.0, 25.0202, 0.0, 25.0202, 0.0, 25.0202, 0.0, 25.0202, 0.0, 25.0202, 0.0, 25.0202, 0.0, 25.0202, 0.0, 25.0202, 0.0, 25.0202, 0.0, 25.0202, 0.0, 25.0202, 0.0, 25.0202, 0.0, 26.6078, 0.0, 26.6078, 0.0, 26.6078, 0.0, 26.6078, 0.0, 26.6078, 0.0, 26.6078, 0.0, 26.6078, 0.0, 26.6078, 0.0, 26.6078, 0.0, 26.6078, 0.0, 26.6078, 0.0, 26.6078, 0.0, 11.6607, 0.0, 11.6607, 0.0, 11.6607, 0.0, 11.6607, 0.0, 11.6607, 0.0, 11.6607, 0.0, 11.6607, 0.0, 11.6607, 0.0, 11.6607, 0.0, 11.6607, 0.0, 11.6607, 0.0, 11.6607, 0.0, 11.6607, 0.0, 11.6607, 0.0, 11.6607, 0.0, 11.6607, 0.0, 11.6607, 0.0, 11.6607, 0.0, 11.6607, 0.0, 11.6607, 0.0, 11.6607, 0.0, 11.6607, 0.0, 11.6607, 0.0, 11.6607, 0.0, 11.6607, 0.0, 11.6607, 0.0, 11.6607, 0.0, 11.6607, 0.0, 6.7958, 0.0, 6.7958, 0.0, 6.7958, 0.0, 6.7958, 0.0, 6.7958, 0.0, 6.7958, 0.0, 6.7958, 0.0, 6.7958, 0.0, 6.7958, 0.0, 6.7958, 0.0, 6.7958, 0.0, 6.7958, 0.0, 6.7958, 0.0, 6.7958, 0.0, 6.7958, 0.0, 6.7958, 0.0, 6.7958, 0.0, 6.7958, 0.0, 6.7958, 0.0, 6.7958, 0.0, 6.7958, 0.0, 6.7958, 0.0, 6.7958, 0.0, 6.7958, 0.0, 6.7958, 0.0, 6.7958, 0.0, 6.7958, 0.0, 6.7958, 0.0, 0.0, 34.5551, 34.5551, 0.0, 0.0, 34.5551, 34.5551, 0.0, 0.0, 34.5551, 34.5551, 0.0, 0.0, 34.5551, 34.5551, 0.0, 0.0, 34.5551, 34.5551, 0.0, 0.0, 34.5551, 34.5551, 0.0, 0.0, 34.5551, 34.5551, 0.0, 0.0, 34.5551, 34.5551, 0.0, 0.0, 34.5551, 34.5551, 0.0, 0.0, 34.5551, 34.5551, 0.0, 0.0, 34.5551, 34.5551, 0.0, 0.0, 34.5551, 34.5551, 0.0, 0.0, 34.5551, 34.5551, 0.0, 0.0, 34.5551, 34.5551, 0.0, 0.0, 34.5551, 34.5551, 0.0, 0.0, 34.5551, 34.5551, 0.0, 0.0, 34.5551, 34.5551, 0.0, 0.0, 34.5551, 34.5551, 0.0, 13.2532, 0.0, 13.2532, 0.0, 13.2532, 0.0, 13.2532, 0.0, 13.2532, 0.0, 13.2532, 0.0, 13.2532, 0.0, 13.2532, 0.0, 13.2532, 0.0, 13.2532, 0.0, 13.2532, 0.0, 13.2532, 0.0, 13.2532, 0.0, 13.2532, 0.0, 13.2532, 0.0, 13.2532, 0.0, 13.2532, 0.0, 13.2532, 0.0, 13.2532, 0.0, 13.2532, 0.0, 13.2532, 0.0, 13.2532, 0.0, 13.2532, 0.0, 13.2532, 0.0, 13.2532, 0.0, 13.2532, 0.0, 13.2532, 0.0, 13.2532, 0.0, 4.6711, 0.0, 4.6711, 0.0, 4.6711, 0.0, 4.6711, 0.0, 4.6711, 0.0, 4.6711, 0.0, 4.6711, 0.0, 4.6711, 0.0, 4.6711, 0.0, 4.6711, 0.0, 4.6711, 0.0, 4.6711, 0.0, 4.6711, 0.0, 4.6711, 0.0, 4.6711, 0.0, 4.6711, 0.0, 4.6711, 0.0, 4.6711, 0.0, 4.6711, 0.0, 4.6711, 0.0, 4.6711, 0.0, 4.6711, 0.0, 4.6711, 0.0, 4.6711, 0.0, 4.6711, 0.0, 4.6711, 0.0, 4.6711, 0.0, 4.6711, 0.0, 25.0202, 0.0, 25.0202, 0.0, 25.0202, 0.0, 25.0202, 0.0, 25.0202, 0.0, 25.0202, 0.0, 25.0202, 0.0, 25.0202, 0.0, 25.0202, 0.0, 25.0202, 0.0, 25.0202, 0.0, 25.0202, 0.0, 17.0082, 0.0, 17.0082, 0.0, 17.0082, 0.0, 17.0082, 0.0, 17.0082, 0.0, 17.0082, 0.0, 17.0082, 0.0, 17.0082, 0.0, 17.0082, 0.0, 17.0082, 0.0, 17.0082, 0.0, 17.0082, 0.0, 17.0082, 0.0, 17.0082, 0.0, 17.0082, 0.0, 17.0082, 0.0, 17.0082, 0.0, 17.0082, 0.0, 17.0082, 0.0, 17.0082, 0.0, 17.0082, 0.0, 17.0082, 0.0, 17.0082, 0.0, 17.0082, 0.0, 17.0082, 0.0, 17.0082, 0.0]",success,
